,/p/project1/hai_1252/toulouse1/flexcraft/data/adapt/full_run_seed/2026-06-27_10:57:16_adapt_full_run_c4_3/5BS0+MAVMAPRTLV+TLMSAMTNL+CALSAPNSGN+CASSYSKEGG_0_170.pdb,/p/project1/hai_1252/toulouse1/flexcraft/data/adapt/full_run_seed/2026-06-27_10:57:16_adapt_full_run_c4_3/5BS0+MAVMAPRTLV+TLMSAMTNL+CALSAPNSGN+CASSYSKEGG_0_151.pdb,/p/project1/hai_1252/toulouse1/flexcraft/data/adapt/full_run_seed/2026-06-27_10:57:16_adapt_full_run_c4_3/5BS0+MAVMAPRTLV+TLMSAMTNL+CALSAPNSGN+CASSYSKEGG_0_389.pdb,/p/project1/hai_1252/toulouse1/flexcraft/data/adapt/full_run_seed/2026-06-27_10:57:16_adapt_full_run_c4_3/5BS0+MAVMAPRTLV+TLMSAMTNL+CALSAPNSGN+CASSYSKEGG_0_473.pdb,/p/project1/hai_1252/toulouse1/flexcraft/data/adapt/full_run_seed/2026-06-27_10:57:16_adapt_full_run_c4_3/5BS0+MAVMAPRTLV+TLMSAMTNL+CALSAPNSGN+CASSYSKEGG_0_320.pdb,/p/project1/hai_1252/toulouse1/flexcraft/data/adapt/full_run_seed/2026-06-27_10:57:16_adapt_full_run_c4_3/5BS0+MAVMAPRTLV+TLMSAMTNL+CALSAPNSGN+CASSYSKEGG_0_558.pdb,/p/project1/hai_1252/toulouse1/flexcraft/data/adapt/full_run_seed/2026-06-27_10:57:16_adapt_full_run_c4_3/5BS0+MAVMAPRTLV+TLMSAMTNL+CALSAPNSGN+CASSYSKEGG_0_342.pdb,/p/project1/hai_1252/toulouse1/flexcraft/data/adapt/full_run_seed/2026-06-27_10:57:16_adapt_full_run_c4_3/5BS0+MAVMAPRTLV+TLMSAMTNL+CALSAPNSGN+CASSYSKEGG_0_393.pdb,/p/project1/hai_1252/toulouse1/flexcraft/data/adapt/full_run_seed/2026-06-27_10:57:16_adapt_full_run_c4_3/5BS0+MAVMAPRTLV+TLMSAMTNL+CALSAPNSGN+CASSYSKEGG_0_160.pdb,/p/project1/hai_1252/toulouse1/flexcraft/data/adapt/full_run_seed/2026-06-27_10:57:16_adapt_full_run_c4_3/5BS0+MAVMAPRTLV+TLMSAMTNL+CALSAPNSGN+CASSYSKEGG_0_446.pdb,/p/project1/hai_1252/toulouse1/flexcraft/data/adapt/full_run_seed/2026-06-27_10:57:16_adapt_full_run_c4_3/5BS0+MAVMAPRTLV+TLMSAMTNL+CALSAPNSGN+CASSYSKEGG_0_568.pdb,/p/project1/hai_1252/toulouse1/flexcraft/data/adapt/full_run_seed/2026-06-27_10:57:16_adapt_full_run_c4_3/5BS0+MAVMAPRTLV+TLMSAMTNL+CALSAPNSGN+CASSYSKEGG_0_292.pdb,/p/project1/hai_1252/toulouse1/flexcraft/data/adapt/full_run_seed/2026-06-27_10:57:16_adapt_full_run_c4_3/5BS0+MAVMAPRTLV+TLMSAMTNL+CALSAPNSGN+CASSYSKEGG_0_127.pdb,/p/project1/hai_1252/toulouse1/flexcraft/data/adapt/full_run_seed/2026-06-27_10:57:16_adapt_full_run_c4_3/5BS0+MAVMAPRTLV+TLMSAMTNL+CALSAPNSGN+CASSYSKEGG_0_340.pdb,/p/project1/hai_1252/toulouse1/flexcraft/data/adapt/full_run_seed/2026-06-27_10:57:16_adapt_full_run_c4_3/5BS0+MAVMAPRTLV+TLMSAMTNL+CALSAPNSGN+CASSYSKEGG_0_303.pdb,/p/project1/hai_1252/toulouse1/flexcraft/data/adapt/full_run_seed/2026-06-27_10:57:16_adapt_full_run_c4_3/5BS0+MAVMAPRTLV+TLMSAMTNL+CALSAPNSGN+CASSYSKEGG_0_617.pdb,/p/project1/hai_1252/toulouse1/flexcraft/data/adapt/full_run_seed/2026-06-27_10:57:16_adapt_full_run_c4_3/5BS0+MAVMAPRTLV+TLMSAMTNL+CALSAPNSGN+CASSYSKEGG_0_286.pdb,/p/project1/hai_1252/toulouse1/flexcraft/data/adapt/full_run_seed/2026-06-27_10:57:16_adapt_full_run_c4_3/5BS0+MAVMAPRTLV+TLMSAMTNL+CALSAPNSGN+CASSYSKEGG_0_137.pdb,/p/project1/hai_1252/toulouse1/flexcraft/data/adapt/full_run_seed/2026-06-27_10:57:16_adapt_full_run_c4_3/5BS0+MAVMAPRTLV+TLMSAMTNL+CALSAPNSGN+CASSYSKEGG_0_563.pdb,/p/project1/hai_1252/toulouse1/flexcraft/data/adapt/full_run_seed/2026-06-27_10:57:16_adapt_full_run_c4_3/5BS0+MAVMAPRTLV+TLMSAMTNL+CALSAPNSGN+CASSYSKEGG_0_433.pdb,/p/project1/hai_1252/toulouse1/flexcraft/data/adapt/full_run_seed/2026-06-27_10:57:16_adapt_full_run_c4_3/5BS0+MAVMAPRTLV+TLMSAMTNL+CALSAPNSGN+CASSYSKEGG_0_378.pdb,/p/project1/hai_1252/toulouse1/flexcraft/data/adapt/full_run_seed/2026-06-27_10:57:16_adapt_full_run_c4_3/5BS0+MAVMAPRTLV+TLMSAMTNL+CALSAPNSGN+CASSYSKEGG_0_262.pdb,/p/project1/hai_1252/toulouse1/flexcraft/data/adapt/full_run_seed/2026-06-27_10:57:16_adapt_full_run_c4_3/5BS0+MAVMAPRTLV+TLMSAMTNL+CALSAPNSGN+CASSYSKEGG_0_334.pdb,/p/project1/hai_1252/toulouse1/flexcraft/data/adapt/full_run_seed/2026-06-27_10:57:16_adapt_full_run_c4_3/5BS0+MAVMAPRTLV+TLMSAMTNL+CALSAPNSGN+CASSYSKEGG_0_235.pdb,/p/project1/hai_1252/toulouse1/flexcraft/data/adapt/full_run_seed/2026-06-27_10:57:16_adapt_full_run_c4_3/5BS0+MAVMAPRTLV+TLMSAMTNL+CALSAPNSGN+CASSYSKEGG_0_181.pdb,/p/project1/hai_1252/toulouse1/flexcraft/data/adapt/full_run_seed/2026-06-27_10:57:16_adapt_full_run_c4_3/5BS0+MAVMAPRTLV+TLMSAMTNL+CALSAPNSGN+CASSYSKEGG_0_594.pdb,/p/project1/hai_1252/toulouse1/flexcraft/data/adapt/full_run_seed/2026-06-27_10:57:16_adapt_full_run_c4_3/5BS0+MAVMAPRTLV+TLMSAMTNL+CALSAPNSGN+CASSYSKEGG_0_386.pdb,/p/project1/hai_1252/toulouse1/flexcraft/data/adapt/full_run_seed/2026-06-27_10:57:16_adapt_full_run_c4_3/5BS0+MAVMAPRTLV+TLMSAMTNL+CALSAPNSGN+CASSYSKEGG_0_443.pdb,/p/project1/hai_1252/toulouse1/flexcraft/data/adapt/full_run_seed/2026-06-27_10:57:16_adapt_full_run_c4_3/5BS0+MAVMAPRTLV+TLMSAMTNL+CALSAPNSGN+CASSYSKEGG_0_557.pdb,/p/project1/hai_1252/toulouse1/flexcraft/data/adapt/full_run_seed/2026-06-27_10:57:16_adapt_full_run_c4_3/5BS0+MAVMAPRTLV+TLMSAMTNL+CALSAPNSGN+CASSYSKEGG_0_133.pdb,/p/project1/hai_1252/toulouse1/flexcraft/data/adapt/full_run_seed/2026-06-27_10:57:16_adapt_full_run_c4_3/5BS0+MAVMAPRTLV+TLMSAMTNL+CALSAPNSGN+CASSYSKEGG_0_631.pdb,/p/project1/hai_1252/toulouse1/flexcraft/data/adapt/full_run_seed/2026-06-27_10:57:16_adapt_full_run_c4_3/5BS0+MAVMAPRTLV+TLMSAMTNL+CALSAPNSGN+CASSYSKEGG_0_275.pdb,/p/project1/hai_1252/toulouse1/flexcraft/data/adapt/full_run_seed/2026-06-27_10:57:16_adapt_full_run_c4_3/5BS0+MAVMAPRTLV+TLMSAMTNL+CALSAPNSGN+CASSYSKEGG_0_271.pdb,/p/project1/hai_1252/toulouse1/flexcraft/data/adapt/full_run_seed/2026-06-27_10:57:16_adapt_full_run_c4_3/5BS0+MAVMAPRTLV+TLMSAMTNL+CALSAPNSGN+CASSYSKEGG_0_183.pdb,/p/project1/hai_1252/toulouse1/flexcraft/data/adapt/full_run_seed/2026-06-27_10:57:16_adapt_full_run_c4_3/5BS0+MAVMAPRTLV+TLMSAMTNL+CALSAPNSGN+CASSYSKEGG_0_336.pdb,/p/project1/hai_1252/toulouse1/flexcraft/data/adapt/full_run_seed/2026-06-27_10:57:16_adapt_full_run_c4_3/5BS0+MAVMAPRTLV+TLMSAMTNL+CALSAPNSGN+CASSYSKEGG_0_266.pdb,/p/project1/hai_1252/toulouse1/flexcraft/data/adapt/full_run_seed/2026-06-27_10:57:16_adapt_full_run_c4_3/5BS0+MAVMAPRTLV+TLMSAMTNL+CALSAPNSGN+CASSYSKEGG_0_347.pdb,/p/project1/hai_1252/toulouse1/flexcraft/data/adapt/full_run_seed/2026-06-27_10:57:16_adapt_full_run_c4_3/5BS0+MAVMAPRTLV+TLMSAMTNL+CALSAPNSGN+CASSYSKEGG_0_204.pdb,/p/project1/hai_1252/toulouse1/flexcraft/data/adapt/full_run_seed/2026-06-27_10:57:16_adapt_full_run_c4_3/5BS0+MAVMAPRTLV+TLMSAMTNL+CALSAPNSGN+CASSYSKEGG_0_312.pdb,/p/project1/hai_1252/toulouse1/flexcraft/data/adapt/full_run_seed/2026-06-27_10:57:16_adapt_full_run_c4_3/5BS0+MAVMAPRTLV+TLMSAMTNL+CALSAPNSGN+CASSYSKEGG_0_582.pdb,/p/project1/hai_1252/toulouse1/flexcraft/data/adapt/full_run_seed/2026-06-27_10:57:16_adapt_full_run_c4_3/5BS0+MAVMAPRTLV+TLMSAMTNL+CALSAPNSGN+CASSYSKEGG_0_274.pdb,/p/project1/hai_1252/toulouse1/flexcraft/data/adapt/full_run_seed/2026-06-27_10:57:16_adapt_full_run_c4_3/5BS0+MAVMAPRTLV+TLMSAMTNL+CALSAPNSGN+CASSYSKEGG_0_318.pdb,/p/project1/hai_1252/toulouse1/flexcraft/data/adapt/full_run_seed/2026-06-27_10:57:16_adapt_full_run_c4_3/5BS0+MAVMAPRTLV+TLMSAMTNL+CALSAPNSGN+CASSYSKEGG_0_421.pdb,/p/project1/hai_1252/toulouse1/flexcraft/data/adapt/full_run_seed/2026-06-27_10:57:16_adapt_full_run_c4_3/5BS0+MAVMAPRTLV+TLMSAMTNL+CALSAPNSGN+CASSYSKEGG_0_368.pdb,/p/project1/hai_1252/toulouse1/flexcraft/data/adapt/full_run_seed/2026-06-27_10:57:16_adapt_full_run_c4_3/5BS0+MAVMAPRTLV+TLMSAMTNL+CALSAPNSGN+CASSYSKEGG_0_221.pdb,/p/project1/hai_1252/toulouse1/flexcraft/data/adapt/full_run_seed/2026-06-27_10:57:16_adapt_full_run_c4_3/5BS0+MAVMAPRTLV+TLMSAMTNL+CALSAPNSGN+CASSYSKEGG_0_381.pdb,/p/project1/hai_1252/toulouse1/flexcraft/data/adapt/full_run_seed/2026-06-27_10:57:16_adapt_full_run_c4_3/5BS0+MAVMAPRTLV+TLMSAMTNL+CALSAPNSGN+CASSYSKEGG_0_371.pdb,/p/project1/hai_1252/toulouse1/flexcraft/data/adapt/full_run_seed/2026-06-27_10:57:16_adapt_full_run_c4_3/5BS0+MAVMAPRTLV+TLMSAMTNL+CALSAPNSGN+CASSYSKEGG_0_367.pdb,/p/project1/hai_1252/toulouse1/flexcraft/data/adapt/full_run_seed/2026-06-27_10:57:16_adapt_full_run_c4_3/5BS0+MAVMAPRTLV+TLMSAMTNL+CALSAPNSGN+CASSYSKEGG_0_569.pdb,/p/project1/hai_1252/toulouse1/flexcraft/data/adapt/full_run_seed/2026-06-27_10:57:16_adapt_full_run_c4_3/5BS0+MAVMAPRTLV+TLMSAMTNL+CALSAPNSGN+CASSYSKEGG_0_482.pdb,/p/project1/hai_1252/toulouse1/flexcraft/data/adapt/full_run_seed/2026-06-27_10:57:16_adapt_full_run_c4_3/5BS0+MAVMAPRTLV+TLMSAMTNL+CALSAPNSGN+CASSYSKEGG_0_564.pdb,/p/project1/hai_1252/toulouse1/flexcraft/data/adapt/full_run_seed/2026-06-27_10:57:16_adapt_full_run_c4_3/5BS0+MAVMAPRTLV+TLMSAMTNL+CALSAPNSGN+CASSYSKEGG_0_559.pdb,/p/project1/hai_1252/toulouse1/flexcraft/data/adapt/full_run_seed/2026-06-27_10:57:16_adapt_full_run_c4_3/5BS0+MAVMAPRTLV+TLMSAMTNL+CALSAPNSGN+CASSYSKEGG_0_327.pdb,/p/project1/hai_1252/toulouse1/flexcraft/data/adapt/full_run_seed/2026-06-27_10:57:16_adapt_full_run_c4_3/5BS0+MAVMAPRTLV+TLMSAMTNL+CALSAPNSGN+CASSYSKEGG_0_352.pdb,/p/project1/hai_1252/toulouse1/flexcraft/data/adapt/full_run_seed/2026-06-27_10:57:16_adapt_full_run_c4_3/5BS0+MAVMAPRTLV+TLMSAMTNL+CALSAPNSGN+CASSYSKEGG_0_351.pdb,/p/project1/hai_1252/toulouse1/flexcraft/data/adapt/full_run_seed/2026-06-27_10:57:16_adapt_full_run_c4_3/5BS0+MAVMAPRTLV+TLMSAMTNL+CALSAPNSGN+CASSYSKEGG_0_338.pdb,/p/project1/hai_1252/toulouse1/flexcraft/data/adapt/full_run_seed/2026-06-27_10:57:16_adapt_full_run_c4_3/5BS0+MAVMAPRTLV+TLMSAMTNL+CALSAPNSGN+CASSYSKEGG_0_366.pdb,/p/project1/hai_1252/toulouse1/flexcraft/data/adapt/full_run_seed/2026-06-27_10:57:16_adapt_full_run_c4_3/5BS0+MAVMAPRTLV+TLMSAMTNL+CALSAPNSGN+CASSYSKEGG_0_437.pdb,/p/project1/hai_1252/toulouse1/flexcraft/data/adapt/full_run_seed/2026-06-27_10:57:16_adapt_full_run_c4_3/5BS0+MAVMAPRTLV+TLMSAMTNL+CALSAPNSGN+CASSYSKEGG_0_254.pdb,/p/project1/hai_1252/toulouse1/flexcraft/data/adapt/full_run_seed/2026-06-27_10:57:16_adapt_full_run_c4_3/5BS0+MAVMAPRTLV+TLMSAMTNL+CALSAPNSGN+CASSYSKEGG_0_570.pdb,/p/project1/hai_1252/toulouse1/flexcraft/data/adapt/full_run_seed/2026-06-27_10:57:16_adapt_full_run_c4_3/5BS0+MAVMAPRTLV+TLMSAMTNL+CALSAPNSGN+CASSYSKEGG_0_408.pdb,/p/project1/hai_1252/toulouse1/flexcraft/data/adapt/full_run_seed/2026-06-27_10:57:16_adapt_full_run_c4_3/5BS0+MAVMAPRTLV+TLMSAMTNL+CALSAPNSGN+CASSYSKEGG_0_209.pdb,/p/project1/hai_1252/toulouse1/flexcraft/data/adapt/full_run_seed/2026-06-27_10:57:16_adapt_full_run_c4_3/5BS0+MAVMAPRTLV+TLMSAMTNL+CALSAPNSGN+CASSYSKEGG_0_445.pdb,/p/project1/hai_1252/toulouse1/flexcraft/data/adapt/full_run_seed/2026-06-27_10:57:16_adapt_full_run_c4_3/5BS0+MAVMAPRTLV+TLMSAMTNL+CALSAPNSGN+CASSYSKEGG_0_270.pdb,/p/project1/hai_1252/toulouse1/flexcraft/data/adapt/full_run_seed/2026-06-27_10:57:16_adapt_full_run_c4_3/5BS0+MAVMAPRTLV+TLMSAMTNL+CALSAPNSGN+CASSYSKEGG_0_313.pdb,/p/project1/hai_1252/toulouse1/flexcraft/data/adapt/full_run_seed/2026-06-27_10:57:16_adapt_full_run_c4_3/5BS0+MAVMAPRTLV+TLMSAMTNL+CALSAPNSGN+CASSYSKEGG_0_595.pdb,/p/project1/hai_1252/toulouse1/flexcraft/data/adapt/full_run_seed/2026-06-27_10:57:16_adapt_full_run_c4_3/5BS0+MAVMAPRTLV+TLMSAMTNL+CALSAPNSGN+CASSYSKEGG_0_377.pdb,/p/project1/hai_1252/toulouse1/flexcraft/data/adapt/full_run_seed/2026-06-27_10:57:16_adapt_full_run_c4_3/5BS0+MAVMAPRTLV+TLMSAMTNL+CALSAPNSGN+CASSYSKEGG_0_339.pdb,/p/project1/hai_1252/toulouse1/flexcraft/data/adapt/full_run_seed/2026-06-27_10:57:16_adapt_full_run_c4_3/5BS0+MAVMAPRTLV+TLMSAMTNL+CALSAPNSGN+CASSYSKEGG_0_180.pdb,/p/project1/hai_1252/toulouse1/flexcraft/data/adapt/full_run_seed/2026-06-27_10:57:16_adapt_full_run_c4_3/5BS0+MAVMAPRTLV+TLMSAMTNL+CALSAPNSGN+CASSYSKEGG_0_372.pdb,/p/project1/hai_1252/toulouse1/flexcraft/data/adapt/full_run_seed/2026-06-27_10:57:16_adapt_full_run_c4_3/5BS0+MAVMAPRTLV+TLMSAMTNL+CALSAPNSGN+CASSYSKEGG_0_630.pdb,/p/project1/hai_1252/toulouse1/flexcraft/data/adapt/full_run_seed/2026-06-27_10:57:16_adapt_full_run_c4_3/5BS0+MAVMAPRTLV+TLMSAMTNL+CALSAPNSGN+CASSYSKEGG_0_599.pdb,/p/project1/hai_1252/toulouse1/flexcraft/data/adapt/full_run_seed/2026-06-27_10:57:16_adapt_full_run_c4_3/5BS0+MAVMAPRTLV+TLMSAMTNL+CALSAPNSGN+CASSYSKEGG_0_222.pdb,/p/project1/hai_1252/toulouse1/flexcraft/data/adapt/full_run_seed/2026-06-27_10:57:16_adapt_full_run_c4_3/5BS0+MAVMAPRTLV+TLMSAMTNL+CALSAPNSGN+CASSYSKEGG_0_420.pdb,/p/project1/hai_1252/toulouse1/flexcraft/data/adapt/full_run_seed/2026-06-27_10:57:16_adapt_full_run_c4_3/5BS0+MAVMAPRTLV+TLMSAMTNL+CALSAPNSGN+CASSYSKEGG_0_587.pdb,/p/project1/hai_1252/toulouse1/flexcraft/data/adapt/full_run_seed/2026-06-27_10:57:16_adapt_full_run_c4_3/5BS0+MAVMAPRTLV+TLMSAMTNL+CALSAPNSGN+CASSYSKEGG_0_581.pdb,/p/project1/hai_1252/toulouse1/flexcraft/data/adapt/full_run_seed/2026-06-27_10:57:16_adapt_full_run_c4_3/5BS0+MAVMAPRTLV+TLMSAMTNL+CALSAPNSGN+CASSYSKEGG_0_427.pdb,/p/project1/hai_1252/toulouse1/flexcraft/data/adapt/full_run_seed/2026-06-27_10:57:16_adapt_full_run_c4_3/5BS0+MAVMAPRTLV+TLMSAMTNL+CALSAPNSGN+CASSYSKEGG_0_474.pdb,/p/project1/hai_1252/toulouse1/flexcraft/data/adapt/full_run_seed/2026-06-27_10:57:16_adapt_full_run_c4_3/5BS0+MAVMAPRTLV+TLMSAMTNL+CALSAPNSGN+CASSYSKEGG_0_616.pdb,/p/project1/hai_1252/toulouse1/flexcraft/data/adapt/full_run_seed/2026-06-27_10:57:16_adapt_full_run_c4_3/5BS0+MAVMAPRTLV+TLMSAMTNL+CALSAPNSGN+CASSYSKEGG_0_376.pdb,/p/project1/hai_1252/toulouse1/flexcraft/data/adapt/full_run_seed/2026-06-27_10:57:16_adapt_full_run_c4_3/5BS0+MAVMAPRTLV+TLMSAMTNL+CALSAPNSGN+CASSYSKEGG_0_481.pdb,/p/project1/hai_1252/toulouse1/flexcraft/data/adapt/full_run_seed/2026-06-27_10:57:16_adapt_full_run_c4_3/5BS0+MAVMAPRTLV+TLMSAMTNL+CALSAPNSGN+CASSYSKEGG_0_249.pdb,/p/project1/hai_1252/toulouse1/flexcraft/data/adapt/full_run_seed/2026-06-27_10:57:16_adapt_full_run_c4_3/5BS0+MAVMAPRTLV+TLMSAMTNL+CALSAPNSGN+CASSYSKEGG_0_337.pdb,/p/project1/hai_1252/toulouse1/flexcraft/data/adapt/full_run_seed/2026-06-27_10:57:16_adapt_full_run_c4_3/5BS0+MAVMAPRTLV+TLMSAMTNL+CALSAPNSGN+CASSYSKEGG_0_550.pdb,/p/project1/hai_1252/toulouse1/flexcraft/data/adapt/full_run_seed/2026-06-27_10:57:16_adapt_full_run_c4_3/5BS0+MAVMAPRTLV+TLMSAMTNL+CALSAPNSGN+CASSYSKEGG_0_588.pdb,/p/project1/hai_1252/toulouse1/flexcraft/data/adapt/full_run_seed/2026-06-27_10:57:16_adapt_full_run_c4_3/5BS0+MAVMAPRTLV+TLMSAMTNL+CALSAPNSGN+CASSYSKEGG_0_423.pdb,/p/project1/hai_1252/toulouse1/flexcraft/data/adapt/full_run_seed/2026-06-27_10:57:16_adapt_full_run_c4_3/5BS0+MAVMAPRTLV+TLMSAMTNL+CALSAPNSGN+CASSYSKEGG_0_365.pdb,/p/project1/hai_1252/toulouse1/flexcraft/data/adapt/full_run_seed/2026-06-27_10:57:16_adapt_full_run_c4_3/5BS0+MAVMAPRTLV+TLMSAMTNL+CALSAPNSGN+CASSYSKEGG_0_169.pdb,/p/project1/hai_1252/toulouse1/flexcraft/data/adapt/full_run_seed/2026-06-27_10:57:16_adapt_full_run_c4_3/5BS0+MAVMAPRTLV+TLMSAMTNL+CALSAPNSGN+CASSYSKEGG_0_409.pdb,/p/project1/hai_1252/toulouse1/flexcraft/data/adapt/full_run_seed/2026-06-27_10:57:16_adapt_full_run_c4_3/5BS0+MAVMAPRTLV+TLMSAMTNL+CALSAPNSGN+CASSYSKEGG_0_321.pdb,/p/project1/hai_1252/toulouse1/flexcraft/data/adapt/full_run_seed/2026-06-27_10:57:16_adapt_full_run_c4_3/5BS0+MAVMAPRTLV+TLMSAMTNL+CALSAPNSGN+CASSYSKEGG_0_206.pdb,/p/project1/hai_1252/toulouse1/flexcraft/data/adapt/full_run_seed/2026-06-27_10:57:16_adapt_full_run_c4_3/5BS0+MAVMAPRTLV+TLMSAMTNL+CALSAPNSGN+CASSYSKEGG_0_216.pdb
/p/project1/hai_1252/toulouse1/flexcraft/data/adapt/full_run_seed/2026-06-27_10:57:16_adapt_full_run_c4_3/5BS0+MAVMAPRTLV+TLMSAMTNL+CALSAPNSGN+CASSYSKEGG_0_170.pdb,2.601812047942076e-05,0.904484748840332,0.9709680080413818,0.6682368516921997,0.8032759428024292,0.95698481798172,1.2899903059005737,0.8990827798843384,1.2323561906814575,1.0440983772277832,0.7397213578224182,0.7668473124504089,0.8351542353630066,0.7398527264595032,0.7398453950881958,1.594987392425537,0.9376541376113892,0.8610793352127075,0.8556763529777527,0.4159116744995117,0.2941524088382721,0.8713765740394592,0.8068441152572632,0.9714860320091248,0.2843603193759918,0.5096794962882996,0.934895396232605,1.9321905374526978,0.9718270301818848,0.8302801251411438,1.3129249811172485,0.4501449763774872,1.3479104042053223,1.4881508350372314,0.9586901664733887,0.5755560398101807,0.46415793895721436,0.3465111553668976,0.8492279052734375,0.5593844056129456,0.8165448307991028,1.3488589525222778,0.490553081035614,0.5675989389419556,0.44594717025756836,0.8217818737030029,0.672419548034668,0.38265523314476013,0.7949745655059814,1.3998774290084839,0.8878228068351746,0.7222676873207092,0.7670979499816895,0.9392911791801453,0.7807676792144775,0.8960020542144775,0.8793246746063232,0.9392430782318115,0.516358494758606,1.3056318759918213,1.8941028118133545,1.6462528705596924,0.8266816139221191,0.529487133026123,0.8512624502182007,0.9646466970443726,0.9992138147354126,0.7738767862319946,0.8657609224319458,0.9102046489715576,0.9533661603927612,1.1014991998672485,1.4516557455062866,1.667271614074707,0.9009790420532227,0.6054536700248718,0.651208758354187,1.7612881660461426,1.4065178632736206,0.6221492290496826,0.900636613368988,0.8243197798728943,0.7492713332176208,1.7771022319793701,1.0143061876296997,1.6631616353988647,0.5065427422523499,0.9927990436553955,0.965520977973938,1.4858237504959106,0.6060637831687927,1.278863549232483
/p/project1/hai_1252/toulouse1/flexcraft/data/adapt/full_run_seed/2026-06-27_10:57:16_adapt_full_run_c4_3/5BS0+MAVMAPRTLV+TLMSAMTNL+CALSAPNSGN+CASSYSKEGG_0_151.pdb,0.9044823050498962,1.7994296285905875e-05,0.6361177563667297,0.4593172073364258,0.16080282628536224,0.491975337266922,0.9352548718452454,0.47325366735458374,1.506991982460022,0.48800989985466003,0.24381348490715027,0.30379030108451843,0.3306717574596405,1.180707335472107,0.23160679638385773,1.201461911201477,0.3703506886959076,0.1594192236661911,0.13180162012577057,0.7373926043510437,1.064160943031311,0.6734331250190735,1.161932349205017,0.2314925342798233,1.1197752952575684,0.6244542002677917,0.3855900764465332,1.8422945737838745,1.0252352952957153,0.23570995032787323,0.947685182094574,0.7033604979515076,1.7586177587509155,1.4421939849853516,0.7107231020927429,0.846440315246582,0.5968272089958191,0.7225346565246582,0.43301355838775635,1.048755168914795,0.3630848526954651,1.6263844966888428,1.2141417264938354,0.6543248891830444,0.6381795406341553,0.996825635433197,0.5585323572158813,1.1156325340270996,0.8098463416099548,1.0491974353790283,0.26354551315307617,0.32217082381248474,0.9147540330886841,0.3993666470050812,0.30800309777259827,0.6087101101875305,0.6230290532112122,0.5773317217826843,1.0677194595336914,0.7508576512336731,1.9349058866500854,1.737207293510437,0.41137242317199707,0.5695883631706238,0.6874245405197144,0.4778989553451538,0.6635261178016663,0.28523916006088257,0.1718861162662506,0.2874484062194824,0.590120792388916,0.6823536157608032,1.100742220878601,2.0841941833496094,0.6481029987335205,1.0667937994003296,0.4162464737892151,2.189154624938965,1.0623430013656616,1.2018104791641235,0.1824708878993988,0.5393685698509216,0.24692338705062866,1.9730180501937866,0.4194398820400238,2.0666086673736572,0.5766186714172363,0.7171229124069214,1.55917489528656,1.8772119283676147,0.606274425983429,0.7172461748123169
/p/project1/hai_1252/toulouse1/flexcraft/data/adapt/full_run_seed/2026-06-27_10:57:16_adapt_full_run_c4_3/5BS0+MAVMAPRTLV+TLMSAMTNL+CALSAPNSGN+CASSYSKEGG_0_389.pdb,0.9709691405296326,0.6361196637153625,5.560877525567776e-06,0.8071883916854858,0.6054070591926575,0.8213592171669006,0.9390644431114197,0.81229567527771,1.4262092113494873,0.7548651695251465,0.6325289607048035,0.6657513380050659,0.5332461595535278,1.3459441661834717,0.5932114124298096,1.1679065227508545,0.6889579892158508,0.5753030180931091,0.58912193775177,0.7095786333084106,1.1397284269332886,0.7626820802688599,1.2921746969223022,0.6802248358726501,1.1826542615890503,0.6519337296485901,0.7384935617446899,1.7080047130584717,1.0737338066101074,0.5572971105575562,1.0269596576690674,0.6929137706756592,1.684985637664795,1.319576621055603,0.4867720901966095,0.8942230343818665,0.6851614117622375,0.8198390007019043,0.6008524298667908,1.1316534280776978,0.5407164692878723,1.5323058366775513,1.2891980409622192,0.7250939607620239,0.650882363319397,0.9111864566802979,0.5837587118148804,1.218403935432434,0.982123076915741,1.0722324848175049,0.5611417889595032,0.6679941415786743,1.082775592803955,0.7818452715873718,0.7003344893455505,0.6677473783493042,0.6793660521507263,0.17578908801078796,1.0893176794052124,0.8767765164375305,1.813807487487793,1.6284078359603882,0.7479695677757263,0.6180999279022217,0.461302250623703,0.8061155676841736,0.41419586539268494,0.5539714694023132,0.5679327249526978,0.7122870683670044,0.8878938555717468,0.4337063133716583,0.9711722135543823,2.0361390113830566,0.2587805390357971,1.0674546957015991,0.6087412238121033,2.180238723754883,0.9311891198158264,1.2199702262878418,0.5890501737594604,0.5807780623435974,0.5740745067596436,1.9145346879959106,0.7649794220924377,2.0222532749176025,0.6452168822288513,0.7492298483848572,1.735522747039795,1.8258174657821655,0.6625390648841858,0.8459432721138
/p/project1/hai_1252/toulouse1/flexcraft/data/adapt/full_run_seed/2026-06-27_10:57:16_adapt_full_run_c4_3/5BS0+MAVMAPRTLV+TLMSAMTNL+CALSAPNSGN+CASSYSKEGG_0_473.pdb,0.6682385206222534,0.4593213200569153,0.8071936368942261,1.1403220923966728e-05,0.38294047117233276,0.4604116380214691,1.0528029203414917,0.4046282470226288,1.435316562652588,0.5718348622322083,0.34588903188705444,0.25472211837768555,0.5742228627204895,0.806981086730957,0.3784302771091461,1.3387035131454468,0.4398426115512848,0.4878407418727875,0.4245803654193878,0.6296200752258301,0.7563296556472778,0.7015841603279114,1.0004833936691284,0.4940211772918701,0.8388047814369202,0.487062007188797,0.4509332478046417,2.013705253601074,0.8945152759552002,0.4820573329925537,1.0338680744171143,0.5775529146194458,1.6293530464172363,1.599294900894165,0.8897483944892883,0.8330258727073669,0.4661085903644562,0.5108899474143982,0.4491606652736664,0.8298651576042175,0.5793159008026123,1.5313242673873901,0.8713540434837341,0.6025108695030212,0.5481731295585632,0.8216534852981567,0.6278969049453735,0.7824522852897644,0.5648280382156372,1.1421436071395874,0.48084521293640137,0.26762500405311584,0.6507539749145508,0.45456933975219727,0.25567859411239624,0.8076937198638916,0.806922435760498,0.7527391314506531,0.8600974678993225,0.911122739315033,2.037933111190796,1.8036913871765137,0.2988587021827698,0.5286044478416443,0.8266561031341553,0.4589293897151947,0.8083492517471313,0.48118913173675537,0.49339285492897034,0.4385493993759155,0.4748919904232025,0.9153336882591248,1.36891508102417,1.8839918375015259,0.709796667098999,0.8707928657531738,0.39573484659194946,1.950330376625061,1.3202488422393799,0.9824186563491821,0.4943692684173584,0.6572721004486084,0.42680060863494873,1.9711531400680542,0.5418888926506042,1.8700988292694092,0.5035340189933777,0.933716356754303,1.164019227027893,1.6979317665100098,0.607499897480011,0.9310904741287231
/p/project1/hai_1252/toulouse1/flexcraft/data/adapt/full_run_seed/2026-06-27_10:57:16_adapt_full_run_c4_3/5BS0+MAVMAPRTLV+TLMSAMTNL+CALSAPNSGN+CASSYSKEGG_0_320.pdb,0.8032770752906799,0.16080330312252045,0.6054088473320007,0.38294947147369385,1.3009494068683125e-05,0.4715622067451477,0.9317855834960938,0.4664930999279022,1.4509060382843018,0.4788801372051239,0.22230198979377747,0.2300502508878708,0.2960636615753174,1.1115244626998901,0.18258094787597656,1.209767460823059,0.3442821800708771,0.1436278074979782,0.09118709713220596,0.6475421190261841,0.9597479104995728,0.627264142036438,1.1212738752365112,0.2735680639743805,1.011534571647644,0.5308470129966736,0.3718961179256439,1.8226069211959839,0.9908102750778198,0.2046162188053131,0.9793457984924316,0.5985315442085266,1.6896320581436157,1.4006781578063965,0.653276801109314,0.7649859189987183,0.48996588587760925,0.6142518520355225,0.3733285963535309,0.9678947329521179,0.3056124150753021,1.5969722270965576,1.1098750829696655,0.5565212965011597,0.5346243381500244,0.9219900965690613,0.4666976034641266,1.0107887983322144,0.7594969868659973,1.050399661064148,0.25187525153160095,0.29084450006484985,0.8741123080253601,0.41120895743370056,0.26055917143821716,0.5630940198898315,0.5765839219093323,0.5368412137031555,0.978803277015686,0.7639986276626587,1.8975871801376343,1.7116737365722656,0.37150290608406067,0.4576478600502014,0.617406964302063,0.457600861787796,0.6286807060241699,0.24184617400169373,0.14223524928092957,0.2793477475643158,0.5664243102073669,0.6571584343910217,1.095897912979126,2.051121234893799,0.5932422876358032,0.9850007891654968,0.3393394947052002,2.1546201705932617,1.0631670951843262,1.113724708557129,0.16943359375,0.48075029253959656,0.18736396729946136,1.944860577583313,0.4132458567619324,2.032550096511841,0.462933212518692,0.6777920126914978,1.4689363241195679,1.8402235507965088,0.5050714015960693,0.7523893713951111
/p/project1/hai_1252/toulouse1/flexcraft/data/adapt/full_run_seed/2026-06-27_10:57:16_adapt_full_run_c4_3/5BS0+MAVMAPRTLV+TLMSAMTNL+CALSAPNSGN+CASSYSKEGG_0_558.pdb,0.9569845199584961,0.4919765293598175,0.8213632702827454,0.4604116976261139,0.47156766057014465,2.304281952092424e-05,0.8053475022315979,0.24401496350765228,1.5065213441848755,0.19880899786949158,0.5027728080749512,0.36898404359817505,0.7088545560836792,1.042858600616455,0.5139796733856201,1.0279381275177002,0.31144723296165466,0.5746097564697266,0.46909812092781067,0.8165598511695862,1.0983556509017944,0.5865577459335327,1.1494090557098389,0.3552728295326233,1.1141395568847656,0.6996035575866699,0.16955497860908508,1.862507939338684,0.8286468982696533,0.6059159636497498,0.7926328182220459,0.8582428693771362,1.7056959867477417,1.5139429569244385,1.003564715385437,1.0525343418121338,0.7138992547988892,0.857235312461853,0.42969632148742676,1.0951226949691772,0.696165919303894,1.6563031673431396,1.1380906105041504,0.8596742153167725,0.7886227369308472,0.9268994927406311,0.7649490237236023,1.0875242948532104,0.5260325074195862,0.8612011075019836,0.3851531445980072,0.46215108036994934,0.6859667897224426,0.25202250480651855,0.32056525349617004,0.9725103974342346,0.9790619611740112,0.7466358542442322,1.2106798887252808,0.5507246255874634,1.9349757432937622,1.7566953897476196,0.23302258551120758,0.7320660352706909,0.9417226314544678,0.11683841794729233,0.767831027507782,0.5805404186248779,0.5756561756134033,0.33584386110305786,0.1617755889892578,0.8192417621612549,1.2576645612716675,2.0669753551483154,0.7361227869987488,1.223705768585205,0.5744925141334534,2.161625862121582,1.2184540033340454,1.2975645065307617,0.4760366380214691,0.6297492980957031,0.5964688062667847,1.955080270767212,0.26498889923095703,2.0391323566436768,0.7128764986991882,1.069854497909546,1.4213382005691528,1.8704626560211182,0.8236235976219177,0.654988706111908
/p/project1/hai_1252/toulouse1/flexcraft/data/adapt/full_run_seed/2026-06-27_10:57:16_adapt_full_run_c4_3/5BS0+MAVMAPRTLV+TLMSAMTNL+CALSAPNSGN+CASSYSKEGG_0_342.pdb,1.289989948272705,0.9352537989616394,0.9390663504600525,1.0528050661087036,0.9317854642868042,0.8053479194641113,7.11869734004722e-06,0.8213473558425903,1.350735068321228,0.7614503502845764,0.9449648857116699,0.9148719906806946,0.9887574315071106,1.460227131843567,0.9558814167976379,0.42517203092575073,0.8649681210517883,0.9522352814674377,0.8952091336250305,1.0289973020553589,1.4685232639312744,0.5773537755012512,1.2381778955459595,0.8006939888000488,1.4626877307891846,1.003100872039795,0.7713783383369446,1.4551026821136475,0.9042847156524658,0.9759161472320557,0.8665890693664551,1.1508902311325073,1.5984880924224854,1.2542977333068848,1.157028317451477,1.2995991706848145,1.0596309900283813,1.262437105178833,0.8354420065879822,1.4112036228179932,0.9530928730964661,1.6015583276748657,1.494136095046997,1.2442917823791504,1.0797260999679565,1.2603826522827148,1.003678321838379,1.4641603231430054,0.8990899324417114,0.2891850769519806,0.8177366852760315,0.997829794883728,1.005935549736023,0.7751537561416626,0.8812668919563293,1.1557750701904297,1.1780426502227783,0.9003461599349976,1.5155614614486694,0.7413352131843567,1.630102276802063,1.5234320163726807,0.853783130645752,1.0363984107971191,1.143725037574768,0.8183531761169434,0.8860486149787903,0.9020598530769348,0.9519619345664978,0.8330073356628418,0.860880970954895,0.8254362940788269,1.024472951889038,2.089247226715088,0.9395548701286316,1.5153241157531738,0.9729466438293457,2.233125686645508,1.0323894023895264,1.5964053869247437,0.8327330946922302,0.7058676481246948,0.9871782064437866,1.7696940898895264,0.7396395206451416,2.0587189197540283,1.0234100818634033,1.2037748098373413,1.908805012702942,1.892645239830017,1.1561893224716187,0.5371955037117004
/p/project1/hai_1252/toulouse1/flexcraft/data/adapt/full_run_seed/2026-06-27_10:57:16_adapt_full_run_c4_3/5BS0+MAVMAPRTLV+TLMSAMTNL+CALSAPNSGN+CASSYSKEGG_0_393.pdb,0.899082362651825,0.47325605154037476,0.8122929334640503,0.4046270549297333,0.46649280190467834,0.24401557445526123,0.82135009765625,6.109052719693864e-06,1.4385097026824951,0.3542935252189636,0.4322623908519745,0.3368223309516907,0.663535475730896,0.9691864252090454,0.48283374309539795,1.0660734176635742,0.3686017096042633,0.5520424842834473,0.4541594684123993,0.7670778036117554,1.0313466787338257,0.564039409160614,1.0703449249267578,0.3479114770889282,1.0746036767959595,0.6419724822044373,0.26966699957847595,1.866675615310669,0.7811509966850281,0.5682579278945923,0.8042382597923279,0.8015366792678833,1.6470497846603394,1.5268744230270386,0.9914348721504211,1.0172878503799438,0.6681345701217651,0.8000335097312927,0.42163410782814026,1.0453102588653564,0.6589788198471069,1.5597450733184814,1.0814650058746338,0.8294023871421814,0.7399300932884216,0.9249127507209778,0.757706880569458,1.0199837684631348,0.46403083205223083,0.8860377073287964,0.425859272480011,0.41248106956481934,0.6193367838859558,0.15375235676765442,0.2621344029903412,0.942802369594574,0.9463552832603455,0.7520903944969177,1.1368101835250854,0.6646855473518372,1.9370102882385254,1.6962565183639526,0.1979467123746872,0.7059231400489807,0.939955472946167,0.27141520380973816,0.768481433391571,0.5358646512031555,0.5589194893836975,0.3651776909828186,0.24933920800685883,0.8474022746086121,1.2596641778945923,1.9570982456207275,0.7251569628715515,1.142662525177002,0.5312211513519287,2.0515730381011963,1.2053536176681519,1.2374942302703857,0.47528591752052307,0.6151486039161682,0.5480065941810608,1.8783018589019775,0.3571029603481293,1.9332597255706787,0.6863589286804199,1.0464524030685425,1.3889364004135132,1.7668553590774536,0.8115279674530029,0.6831862330436707
/p/project1/hai_1252/toulouse1/flexcraft/data/adapt/full_run_seed/2026-06-27_10:57:16_adapt_full_run_c4_3/5BS0+MAVMAPRTLV+TLMSAMTNL+CALSAPNSGN+CASSYSKEGG_0_160.pdb,1.2323566675186157,1.5069916248321533,1.4262079000473022,1.4353196620941162,1.4509038925170898,1.5065200328826904,1.3507351875305176,1.4385133981704712,9.064189725904725e-06,1.5544970035552979,1.3786922693252563,1.4444538354873657,1.4342598915100098,1.3857249021530151,1.3989262580871582,1.4908751249313354,1.514552116394043,1.4806121587753296,1.4575837850570679,1.107101559638977,1.3159846067428589,1.2464563846588135,1.1632312536239624,1.4921306371688843,1.3102049827575684,1.1439589262008667,1.4704128503799438,1.596669316291809,0.9923615455627441,1.4615750312805176,1.4239575862884521,1.202552318572998,0.49637284874916077,1.3973119258880615,1.516203761100769,1.350214958190918,1.2246134281158447,1.350988507270813,1.4462988376617432,1.1068788766860962,1.3919259309768677,0.9852403402328491,1.391789197921753,1.4653126001358032,1.1833804845809937,1.4104621410369873,1.3742691278457642,1.3939454555511475,1.3414616584777832,1.3515228033065796,1.4574717283248901,1.4271365404129028,1.2732630968093872,1.446539044380188,1.4209535121917725,1.4854271411895752,1.452787160873413,1.4392306804656982,1.2027732133865356,1.655217170715332,1.6375336647033691,1.3574501276016235,1.4470134973526,1.247306227684021,1.4850443601608276,1.5328229665756226,1.461714744567871,1.366613507270813,1.4828482866287231,1.4767848253250122,1.5091968774795532,1.5010586977005005,1.5043411254882812,1.3919364213943481,1.4621466398239136,1.2299752235412598,1.2653027772903442,1.6226507425308228,1.526007890701294,1.2351672649383545,1.450707197189331,1.276803731918335,1.4112670421600342,1.4913760423660278,1.513629674911499,1.3827226161956787,1.2573237419128418,1.5138897895812988,1.8599079847335815,1.2325446605682373,1.449102520942688,1.5103543996810913
/p/project1/hai_1252/toulouse1/flexcraft/data/adapt/full_run_seed/2026-06-27_10:57:16_adapt_full_run_c4_3/5BS0+MAVMAPRTLV+TLMSAMTNL+CALSAPNSGN+CASSYSKEGG_0_446.pdb,1.0440988540649414,0.48800817131996155,0.7548642158508301,0.5718342661857605,0.47887885570526123,0.198806032538414,0.7614524364471436,0.35429298877716064,1.5544953346252441,8.573849299864378e-06,0.5498535633087158,0.4350372850894928,0.6976042985916138,1.1762491464614868,0.540753960609436,0.954666256904602,0.32901397347450256,0.5605391263961792,0.4644201099872589,0.8666177988052368,1.2002781629562378,0.5974109768867493,1.255510687828064,0.33230912685394287,1.2138571739196777,0.7423202991485596,0.19023767113685608,1.8152822256088257,0.9010047316551208,0.6070993542671204,0.7657943367958069,0.89766526222229,1.7705869674682617,1.4771023988723755,0.9419828057289124,1.0921661853790283,0.755631685256958,0.9229413866996765,0.4410156011581421,1.1855489015579224,0.6834881901741028,1.714997410774231,1.2512856721878052,0.8772088885307312,0.8203355073928833,0.9745157361030579,0.7517426013946533,1.1997520923614502,0.6462398767471313,0.8205069899559021,0.3433912694454193,0.5281140208244324,0.807056725025177,0.3172387480735779,0.4066368341445923,0.9503836631774902,0.9654333591461182,0.6722397804260254,1.289397120475769,0.4287070035934448,1.9069939851760864,1.7592283487319946,0.34677019715309143,0.7506687045097351,0.8893193602561951,0.18607556819915771,0.703623354434967,0.5899253487586975,0.556898832321167,0.3396434783935547,0.3042052686214447,0.7056810855865479,1.1790082454681396,2.1577610969543457,0.6858425736427307,1.297654151916504,0.6174829602241516,2.2648870944976807,1.1470321416854858,1.3831533193588257,0.44743612408638,0.6113483905792236,0.6123133897781372,1.985858678817749,0.22801510989665985,2.129303216934204,0.7358530163764954,1.041743278503418,1.5624908208847046,1.9547204971313477,0.8264792561531067,0.580909252166748
/p/project1/hai_1252/toulouse1/flexcraft/data/adapt/full_run_seed/2026-06-27_10:57:16_adapt_full_run_c4_3/5BS0+MAVMAPRTLV+TLMSAMTNL+CALSAPNSGN+CASSYSKEGG_0_568.pdb,0.7397222518920898,0.24381332099437714,0.6325291395187378,0.34588420391082764,0.22230228781700134,0.5027772188186646,0.9449637532234192,0.4322579503059387,1.3786965608596802,0.549849808216095,7.470769105566433e-06,0.2616763114929199,0.3362208902835846,1.0307756662368774,0.1799815446138382,1.2329436540603638,0.42212823033332825,0.2542741000652313,0.22820495069026947,0.5910744667053223,0.8994919061660767,0.6106938123703003,0.999507486820221,0.34283551573753357,0.9626645445823669,0.4778439700603485,0.41219645738601685,1.818751335144043,0.9106807708740234,0.2523045241832733,0.9734517335891724,0.5650051832199097,1.6143091917037964,1.41637122631073,0.7320546507835388,0.7469108700752258,0.4521716833114624,0.5774426460266113,0.4260541498661041,0.8777002692222595,0.35655689239501953,1.4626696109771729,1.0568434000015259,0.5646072030067444,0.4983201026916504,0.8883079290390015,0.5280317068099976,0.9517690539360046,0.6862573623657227,1.0548865795135498,0.33042019605636597,0.23107753694057465,0.7765693664550781,0.3988528549671173,0.25117576122283936,0.5957850813865662,0.5950046181678772,0.5832549333572388,0.909104585647583,0.8385782837867737,1.8867403268814087,1.6396136283874512,0.36142686009407043,0.4634721577167511,0.6798713803291321,0.4997294247150421,0.6549168825149536,0.2129507213830948,0.2715255916118622,0.3316367268562317,0.571440577507019,0.7255623936653137,1.1351076364517212,1.897710919380188,0.6168004274368286,0.9168277978897095,0.2802964746952057,2.0015079975128174,1.0779695510864258,1.050093650817871,0.289448082447052,0.5059406161308289,0.18730242550373077,1.8477920293807983,0.48313409090042114,1.8781970739364624,0.4741472899913788,0.7163921594619751,1.422717809677124,1.6914784908294678,0.5534584522247314,0.7804252505302429
/p/project1/hai_1252/toulouse1/flexcraft/data/adapt/full_run_seed/2026-06-27_10:57:16_adapt_full_run_c4_3/5BS0+MAVMAPRTLV+TLMSAMTNL+CALSAPNSGN+CASSYSKEGG_0_292.pdb,0.7668489217758179,0.3037860095500946,0.6657490134239197,0.2547183930873871,0.23005153238773346,0.36898544430732727,0.9148732423782349,0.33682113885879517,1.4444538354873657,0.4350368082523346,0.26168060302734375,2.2262905986281112e-05,0.4219159185886383,0.9747944474220276,0.2642582654953003,1.2012509107589722,0.2819565236568451,0.3266778290271759,0.24289603531360626,0.6570988893508911,0.8928331136703491,0.5987366437911987,1.0904593467712402,0.3290988504886627,0.9586369395256042,0.503322422504425,0.33157584071159363,1.9047486782073975,0.895895779132843,0.3162100613117218,0.9375720620155334,0.6005541682243347,1.6651078462600708,1.4961191415786743,0.7578825950622559,0.826172947883606,0.5147332549095154,0.6011480689048767,0.2805115580558777,0.9465102553367615,0.4262171685695648,1.5948262214660645,1.0050048828125,0.6233032941818237,0.5594977736473083,0.8640810251235962,0.5625278353691101,0.9218672513961792,0.5990424752235413,1.026822805404663,0.30751925706863403,0.22809693217277527,0.7365435361862183,0.34247738122940063,0.12296729534864426,0.7116928100585938,0.7192609906196594,0.6156236529350281,0.9596494436264038,0.7552689909934998,1.9635987281799316,1.7576689720153809,0.19896012544631958,0.5159381628036499,0.7345810532569885,0.36903002858161926,0.6755172610282898,0.34231331944465637,0.32976746559143066,0.31460994482040405,0.4274974465370178,0.7412735819816589,1.2178566455841064,2.0061705112457275,0.6034722924232483,0.9559088945388794,0.34027886390686035,2.0959298610687256,1.1764510869979858,1.082358717918396,0.31798774003982544,0.5128447413444519,0.30029839277267456,1.9639099836349487,0.4009971618652344,1.9887874126434326,0.498931884765625,0.8288153409957886,1.3454837799072266,1.8083549737930298,0.5907949805259705,0.7742184400558472
/p/project1/hai_1252/toulouse1/flexcraft/data/adapt/full_run_seed/2026-06-27_10:57:16_adapt_full_run_c4_3/5BS0+MAVMAPRTLV+TLMSAMTNL+CALSAPNSGN+CASSYSKEGG_0_127.pdb,0.8351542353630066,0.330669105052948,0.5332449674606323,0.5742193460464478,0.2960606515407562,0.708854079246521,0.9887598752975464,0.6635311245918274,1.4342612028121948,0.6976051330566406,0.33621925115585327,0.4219144284725189,1.3681899872608483e-05,1.2394508123397827,0.32213425636291504,1.2805991172790527,0.5406508445739746,0.19959285855293274,0.279642790555954,0.6667094826698303,0.9952788949012756,0.6788660883903503,1.1819404363632202,0.46948307752609253,1.0635383129119873,0.5714179873466492,0.6057565808296204,1.7613248825073242,1.0839530229568481,0.1525903046131134,1.1037746667861938,0.5680333375930786,1.6910265684127808,1.3253881931304932,0.48398298025131226,0.7007473111152649,0.5399227142333984,0.6369040012359619,0.4804825782775879,1.0121650695800781,0.12977269291877747,1.5764024257659912,1.18355131149292,0.547764778137207,0.5239732265472412,0.9987286925315857,0.4540891647338867,1.0721181631088257,0.9149947762489319,1.1391671895980835,0.4333418905735016,0.4588656723499298,1.0181127786636353,0.608291745185852,0.46843478083610535,0.3650587797164917,0.38711950182914734,0.5040130615234375,0.9528679847717285,0.9145012497901917,1.845535159111023,1.656349539756775,0.5793333053588867,0.46231022477149963,0.5086491703987122,0.6995634436607361,0.614930272102356,0.21971926093101501,0.1988612413406372,0.5033634305000305,0.7971490621566772,0.6112269759178162,1.0139806270599365,2.059480905532837,0.5832970142364502,0.9451713562011719,0.40367233753204346,2.1769235134124756,0.976825475692749,1.1043829917907715,0.31624743342399597,0.46494612097740173,0.17966273427009583,1.909807801246643,0.6272281408309937,2.0429847240448,0.4956556558609009,0.48606300354003906,1.592088222503662,1.8421382904052734,0.4891214072704315,0.8374059796333313
/p/project1/hai_1252/toulouse1/flexcraft/data/adapt/full_run_seed/2026-06-27_10:57:16_adapt_full_run_c4_3/5BS0+MAVMAPRTLV+TLMSAMTNL+CALSAPNSGN+CASSYSKEGG_0_340.pdb,0.7398619055747986,1.1807141304016113,1.3459452390670776,0.8069795966148376,1.1115269660949707,1.0428563356399536,1.4602242708206177,0.9691869616508484,1.3857206106185913,1.176246166229248,1.0307800769805908,0.9747928380966187,1.2394511699676514,6.744302481820341e-06,1.0544861555099487,1.7097361087799072,1.1094914674758911,1.206147313117981,1.1526165008544922,0.9142653346061707,0.6297131776809692,1.1427963972091675,1.0242971181869507,1.193833589553833,0.7367830276489258,0.856833815574646,1.0905615091323853,2.346362590789795,0.9130911231040955,1.178972840309143,1.3142004013061523,0.9045929908752441,1.4899367094039917,1.991424322128296,1.4349894523620605,1.211180567741394,0.9154146909713745,0.8335872292518616,1.0637638568878174,0.8649100661277771,1.2271651029586792,1.500988483428955,0.5938040018081665,1.0856605768203735,0.9290536642074585,1.0032472610473633,1.152276635169983,0.6160750985145569,0.7511685490608215,1.4931081533432007,1.1532429456710815,0.9297534227371216,0.6684723496437073,1.0720916986465454,0.9644026756286621,1.4211920499801636,1.4050991535186768,1.3215117454528809,0.8836785554885864,1.453754186630249,2.305386781692505,1.9918678998947144,0.9371193051338196,1.0193748474121094,1.3618595600128174,1.056566834449768,1.3488972187042236,1.148842215538025,1.2131214141845703,1.133803129196167,0.9658976197242737,1.4905272722244263,1.898841142654419,1.6250948905944824,1.2340271472930908,0.8948908448219299,0.9663399457931519,1.6571927070617676,1.859265923500061,0.9042755961418152,1.206243872642517,1.1890898942947388,1.110098123550415,2.0480234622955322,1.1822340488433838,1.6401937007904053,0.9704225063323975,1.5321663618087769,0.7654257416725159,1.5258058309555054,1.124205470085144,1.477399468421936
/p/project1/hai_1252/toulouse1/flexcraft/data/adapt/full_run_seed/2026-06-27_10:57:16_adapt_full_run_c4_3/5BS0+MAVMAPRTLV+TLMSAMTNL+CALSAPNSGN+CASSYSKEGG_0_303.pdb,0.7398452162742615,0.2316034734249115,0.5932098627090454,0.3784329891204834,0.18257978558540344,0.5139716267585754,0.9558805823326111,0.4828259348869324,1.3989253044128418,0.5407550930976868,0.1799798607826233,0.26425373554229736,0.322129487991333,1.0544836521148682,8.416988748649601e-06,1.2394944429397583,0.4123389422893524,0.22649523615837097,0.2095836102962494,0.587944746017456,0.898597776889801,0.6508060097694397,1.0531116724014282,0.3534102737903595,0.953231930732727,0.4786221385002136,0.4225463569164276,1.8442429304122925,0.941868782043457,0.2262393981218338,0.9655727744102478,0.5537890791893005,1.6397749185562134,1.4238961935043335,0.6649101972579956,0.7191557884216309,0.4645383656024933,0.572141170501709,0.429112046957016,0.8796499967575073,0.33102408051490784,1.533455729484558,1.0581504106521606,0.5525208711624146,0.4905396103858948,0.8810985684394836,0.4961380958557129,0.9630514979362488,0.7228442430496216,1.0687687397003174,0.2588989734649658,0.1981164515018463,0.8120676279067993,0.4430078864097595,0.2872162163257599,0.5812422633171082,0.5874165892601013,0.5483884215354919,0.888512372970581,0.8173387050628662,1.9181771278381348,1.6994165182113647,0.39660730957984924,0.44904911518096924,0.6369189023971558,0.5073373317718506,0.6321387887001038,0.24312949180603027,0.2365875095129013,0.334990918636322,0.5908632278442383,0.6873217821121216,1.1383808851242065,1.9759169816970825,0.5962375998497009,0.8911818265914917,0.26032519340515137,2.0857598781585693,1.1086926460266113,1.037693738937378,0.28509557247161865,0.5136944651603699,0.18063859641551971,1.923079252243042,0.482331246137619,1.9615049362182617,0.456597238779068,0.7011300921440125,1.4356685876846313,1.7723573446273804,0.5237805247306824,0.7970418930053711
/p/project1/hai_1252/toulouse1/flexcraft/data/adapt/full_run_seed/2026-06-27_10:57:16_adapt_full_run_c4_3/5BS0+MAVMAPRTLV+TLMSAMTNL+CALSAPNSGN+CASSYSKEGG_0_617.pdb,1.5949865579605103,1.201462745666504,1.1679080724716187,1.3387024402618408,1.2097679376602173,1.0279396772384644,0.4251706600189209,1.0660732984542847,1.49087393283844,0.9546644687652588,1.2329444885253906,1.2012509107589722,1.2805981636047363,1.7097364664077759,1.239495038986206,1.2675218385993503e-05,1.1199480295181274,1.2314027547836304,1.1664669513702393,1.3126920461654663,1.7657651901245117,0.8597849011421204,1.518301010131836,1.0401155948638916,1.7547053098678589,1.2811272144317627,1.007487177848816,1.4814034700393677,1.0735846757888794,1.2611688375473022,0.932364821434021,1.4389094114303589,1.7318689823150635,1.3877837657928467,1.4113564491271973,1.6183247566223145,1.3406875133514404,1.5696086883544922,1.1006250381469727,1.6830462217330933,1.2427207231521606,1.7592535018920898,1.7891255617141724,1.5397461652755737,1.3651835918426514,1.4787408113479614,1.2849175930023193,1.767030119895935,1.158143162727356,0.27418726682662964,1.0664032697677612,1.280463695526123,1.2480034828186035,1.0184051990509033,1.1636303663253784,1.4460173845291138,1.471288800239563,1.1342772245407104,1.809300422668457,0.833807110786438,1.6911356449127197,1.6347640752792358,1.1216188669204712,1.3170390129089355,1.3940078020095825,1.042990803718567,1.0993314981460571,1.1952860355377197,1.2295583486557007,1.0910584926605225,1.0751097202301025,1.0145843029022217,1.1697094440460205,2.2460834980010986,1.172702670097351,1.8041212558746338,1.249306559562683,2.4006917476654053,1.1885930299758911,1.8797080516815186,1.094613790512085,0.9841650128364563,1.2806744575500488,1.8879157304763794,0.9677862524986267,2.209611177444458,1.3067196607589722,1.4833792448043823,2.1857571601867676,2.0587236881256104,1.4460827112197876,0.6670428514480591
/p/project1/hai_1252/toulouse1/flexcraft/data/adapt/full_run_seed/2026-06-27_10:57:16_adapt_full_run_c4_3/5BS0+MAVMAPRTLV+TLMSAMTNL+CALSAPNSGN+CASSYSKEGG_0_286.pdb,0.9376519322395325,0.3703562021255493,0.6889590620994568,0.4398426115512848,0.34429416060447693,0.31144848465919495,0.8649673461914062,0.3686000406742096,1.5145527124404907,0.3290148377418518,0.42213013768196106,0.28195592761039734,0.5406452417373657,1.1094890832901,0.4123453199863434,1.1199496984481812,1.3790957382298075e-05,0.42567145824432373,0.3336831331253052,0.79742032289505,1.0797923803329468,0.6213643550872803,1.2207942008972168,0.3230260908603668,1.1278456449508667,0.6520959734916687,0.27634578943252563,1.8716967105865479,0.928696870803833,0.4435526132583618,0.8404574990272522,0.7657480239868164,1.7466943264007568,1.4865317344665527,0.8156076669692993,0.9655136466026306,0.6651314496994019,0.7906583547592163,0.3255551755428314,1.1007741689682007,0.5349387526512146,1.6726760864257812,1.1751643419265747,0.7727116942405701,0.7159697413444519,0.9447863698005676,0.6788544654846191,1.1094343662261963,0.6623638868331909,0.9681439995765686,0.32029294967651367,0.38539618253707886,0.7991424798965454,0.3579511046409607,0.2763251066207886,0.8152958750724792,0.8233087062835693,0.6358850002288818,1.1421035528182983,0.5964243412017822,1.953517198562622,1.7857398986816406,0.28284263610839844,0.6493156552314758,0.8053746223449707,0.28093835711479187,0.6987952589988708,0.44888836145401,0.4200904667377472,0.3222435414791107,0.38554611802101135,0.7478137016296387,1.1830995082855225,2.1129748821258545,0.6379278898239136,1.1388620138168335,0.48105213046073914,2.213674306869507,1.1497951745986938,1.2540905475616455,0.3709124028682709,0.543173611164093,0.4585052728652954,2.011352300643921,0.3384259343147278,2.0927035808563232,0.6515288949012756,0.9249699115753174,1.4853819608688354,1.91047203540802,0.723547637462616,0.7187638282775879
/p/project1/hai_1252/toulouse1/flexcraft/data/adapt/full_run_seed/2026-06-27_10:57:16_adapt_full_run_c4_3/5BS0+MAVMAPRTLV+TLMSAMTNL+CALSAPNSGN+CASSYSKEGG_0_137.pdb,0.8610782027244568,0.15941686928272247,0.5753032565116882,0.4878315031528473,0.14362111687660217,0.5746154189109802,0.952234148979187,0.5520395636558533,1.4806112051010132,0.5605374574661255,0.2542708218097687,0.32668086886405945,0.19959132373332977,1.2061479091644287,0.22650086879730225,1.2313990592956543,0.4256584346294403,6.364790806401288e-06,0.1267828792333603,0.6907892823219299,1.0235459804534912,0.6599348783493042,1.169495940208435,0.3168783485889435,1.0817219018936157,0.5853615999221802,0.4632461667060852,1.8035094738006592,1.056475281715393,0.13812580704689026,1.024827003479004,0.6270566582679749,1.7325493097305298,1.382561206817627,0.5963758230209351,0.7650331854820251,0.5412219762802124,0.6587714552879333,0.436033695936203,1.0247645378112793,0.23576955497264862,1.6166236400604248,1.1895674467086792,0.5707181692123413,0.5653601288795471,0.9862970113754272,0.47725173830986023,1.083207368850708,0.8498189449310303,1.083731770515442,0.30332764983177185,0.3664077818393707,0.9615918397903442,0.4823831617832184,0.35923102498054504,0.4801062047481537,0.49879854917526245,0.5171395540237427,1.0137147903442383,0.808361291885376,1.8913944959640503,1.7027465105056763,0.4722570776939392,0.48799240589141846,0.5778251886367798,0.5574920177459717,0.6205905079841614,0.21459728479385376,0.0386338047683239,0.35177403688430786,0.6737675070762634,0.6245808005332947,1.0478242635726929,2.0884194374084473,0.5998779535293579,1.0134978294372559,0.3869822323322296,2.197869062423706,1.0109919309616089,1.1571236848831177,0.18094126880168915,0.4856763780117035,0.157964289188385,1.948099970817566,0.48616766929626465,2.0701467990875244,0.5066006779670715,0.5921521782875061,1.5657051801681519,1.874263882637024,0.5178187489509583,0.7614903450012207
/p/project1/hai_1252/toulouse1/flexcraft/data/adapt/full_run_seed/2026-06-27_10:57:16_adapt_full_run_c4_3/5BS0+MAVMAPRTLV+TLMSAMTNL+CALSAPNSGN+CASSYSKEGG_0_563.pdb,0.8556760549545288,0.13180598616600037,0.5891231894493103,0.42458242177963257,0.09118379652500153,0.46910038590431213,0.8952086567878723,0.45415589213371277,1.457582712173462,0.4644193649291992,0.22820398211479187,0.2428896278142929,0.2796401083469391,1.1526222229003906,0.20958521962165833,1.1664671897888184,0.33367910981178284,0.12678557634353638,5.401207999966573e-06,0.6852236986160278,1.0130139589309692,0.6091634035110474,1.1454129219055176,0.2324315756559372,1.0693141222000122,0.5632199048995972,0.3646537959575653,1.8058499097824097,0.9913946986198425,0.18215946853160858,0.9535384178161621,0.6382027268409729,1.7043005228042603,1.3952864408493042,0.6551358103752136,0.8094556927680969,0.5370292067527771,0.6712764501571655,0.35634687542915344,1.0173872709274292,0.2929309606552124,1.6012437343597412,1.1640455722808838,0.6114134788513184,0.5765457153320312,0.9506046772003174,0.49898654222488403,1.065201759338379,0.77281653881073,1.0148792266845703,0.24014471471309662,0.3176185190677643,0.8896755576133728,0.3892818093299866,0.26708534359931946,0.5705511569976807,0.5886055827140808,0.5282363295555115,1.0268528461456299,0.7310212254524231,1.8910514116287231,1.7061399221420288,0.3721413314342499,0.4993021488189697,0.6367130875587463,0.4564092457294464,0.6130456924438477,0.2293272763490677,0.12907788157463074,0.27329549193382263,0.5672677159309387,0.6303930282592773,1.0711263418197632,2.063095808029175,0.5866673588752747,1.0251637697219849,0.3604143261909485,2.16890549659729,1.0334986448287964,1.1606754064559937,0.12327384203672409,0.4588651657104492,0.20037564635276794,1.9440559148788452,0.39437949657440186,2.043457508087158,0.5067725777626038,0.6828014254570007,1.5245918035507202,1.8521925210952759,0.5534069538116455,0.7017788290977478
/p/project1/hai_1252/toulouse1/flexcraft/data/adapt/full_run_seed/2026-06-27_10:57:16_adapt_full_run_c4_3/5BS0+MAVMAPRTLV+TLMSAMTNL+CALSAPNSGN+CASSYSKEGG_0_433.pdb,0.4159144461154938,0.7373915314674377,0.7095789909362793,0.6296253204345703,0.6475419998168945,0.8165552020072937,1.0289978981018066,0.7670691013336182,1.1071022748947144,0.8666160106658936,0.5910722017288208,0.6570960879325867,0.6667090654373169,0.9142715334892273,0.5879433751106262,1.3126914501190186,0.7974193096160889,0.6907870173454285,0.6852229833602905,1.2041091395076364e-05,0.6210469007492065,0.6669870018959045,0.7921066880226135,0.7791237831115723,0.6040424704551697,0.3762907087802887,0.7629541754722595,1.6970325708389282,0.8194475173950195,0.6751932501792908,1.1198710203170776,0.38848355412483215,1.2785693407058716,1.2725701332092285,0.7983390092849731,0.588050127029419,0.3281557559967041,0.44497188925743103,0.7087634801864624,0.6203750371932983,0.6345323920249939,1.2347832918167114,0.7675090432167053,0.5391716957092285,0.317962646484375,0.7815077900886536,0.5131351351737976,0.6967095136642456,0.7473925352096558,1.1319066286087036,0.6873956918716431,0.6170017719268799,0.7549031972885132,0.774398148059845,0.6568654775619507,0.73863285779953,0.7206772565841675,0.6720951199531555,0.6500049829483032,1.100259780883789,1.7042956352233887,1.472795844078064,0.7143412232398987,0.3685041666030884,0.6402503848075867,0.8243197202682495,0.7792448997497559,0.5904119610786438,0.6939756274223328,0.7416342496871948,0.8437439799308777,0.847688615322113,1.1980547904968262,1.6578543186187744,0.6736314296722412,0.7111523151397705,0.4933500289916992,1.787935733795166,1.1609838008880615,0.7689542770385742,0.7055540680885315,0.608536958694458,0.6010791063308716,1.661082148551941,0.8373714685440063,1.6444844007492065,0.3732103109359741,0.8286123275756836,1.2601799964904785,1.4519469738006592,0.5237345695495605,1.0265077352523804
/p/project1/hai_1252/toulouse1/flexcraft/data/adapt/full_run_seed/2026-06-27_10:57:16_adapt_full_run_c4_3/5BS0+MAVMAPRTLV+TLMSAMTNL+CALSAPNSGN+CASSYSKEGG_0_378.pdb,0.29415231943130493,1.0641615390777588,1.139729619026184,0.7563285231590271,0.9597528576850891,1.0983538627624512,1.4685258865356445,1.0313471555709839,1.3159886598587036,1.2002787590026855,0.8994905352592468,0.8928327560424805,0.995277464389801,0.6297104358673096,0.8985969424247742,1.7657654285430908,1.0797920227050781,1.023544430732727,1.0130155086517334,0.6210494041442871,1.3273197509988677e-05,1.058419942855835,0.9390349388122559,1.1371324062347412,0.29460468888282776,0.6515018343925476,1.0954073667526245,2.1584622859954834,1.0867104530334473,0.9808554649353027,1.464561939239502,0.5560621023178101,1.410326600074768,1.714741587638855,1.1071114540100098,0.784130334854126,0.6373653411865234,0.4431767761707306,0.9756975173950195,0.6360493898391724,0.9817019701004028,1.4418121576309204,0.38264790177345276,0.7253270149230957,0.6088985204696655,0.9258847832679749,0.8502565622329712,0.2693128287792206,0.8990693092346191,1.5644547939300537,1.060779333114624,0.8503077030181885,0.8600481152534485,1.0937937498092651,0.9177391529083252,1.0731714963912964,1.056915521621704,1.118915319442749,0.47644516825675964,1.4769511222839355,2.0961663722991943,1.8380202054977417,0.9514884352684021,0.7086364030838013,1.0231584310531616,1.1065295934677124,1.1790772676467896,0.9545080065727234,1.0281537771224976,1.0756804943084717,1.075879454612732,1.293187141418457,1.671870470046997,1.6692548990249634,1.050879716873169,0.5354458689689636,0.7981988191604614,1.728271245956421,1.6305599212646484,0.5854029655456543,1.0699576139450073,1.006500482559204,0.9056414365768433,1.9381794929504395,1.174631118774414,1.6761000156402588,0.6747357845306396,1.1746680736541748,0.8131176233291626,1.5171914100646973,0.7688307166099548,1.4610053300857544
/p/project1/hai_1252/toulouse1/flexcraft/data/adapt/full_run_seed/2026-06-27_10:57:16_adapt_full_run_c4_3/5BS0+MAVMAPRTLV+TLMSAMTNL+CALSAPNSGN+CASSYSKEGG_0_262.pdb,0.8713766932487488,0.6734335422515869,0.7626800537109375,0.7015818357467651,0.6272664070129395,0.5865590572357178,0.5773532390594482,0.5640355348587036,1.2464587688446045,0.5974116921424866,0.6106960773468018,0.5987374782562256,0.6788678169250488,1.1427956819534302,0.6508064866065979,0.8597841858863831,0.6213697195053101,0.6599385142326355,0.6091637015342712,0.6669870018959045,1.0584207773208618,4.847878699365538e-06,1.010636329650879,0.5756595730781555,1.0627983808517456,0.6463276147842407,0.5389657020568848,1.5275384187698364,0.7446699738502502,0.6722245216369629,0.9066985845565796,0.75501549243927,1.4653569459915161,1.2002326250076294,0.9097791314125061,0.9511105418205261,0.6516953110694885,0.8383813500404358,0.5474966168403625,1.089937686920166,0.6397413015365601,1.4454597234725952,1.1198865175247192,0.8459699749946594,0.6811450123786926,1.0003174543380737,0.6576869487762451,1.0579395294189453,0.617233395576477,0.6993502974510193,0.5773831605911255,0.6901159882545471,0.711219072341919,0.538003146648407,0.564863383769989,0.8544632196426392,0.8654739260673523,0.6995989084243774,1.1690504550933838,0.7459169030189514,1.623592495918274,1.4388456344604492,0.5616186857223511,0.6299605965614319,0.8420271277427673,0.597364068031311,0.7255593538284302,0.569076657295227,0.6621770262718201,0.5773167014122009,0.6469753980636597,0.7086379528045654,1.0291517972946167,1.9123120307922363,0.7142834067344666,1.1872833967208862,0.6349358558654785,2.046437978744507,0.9760197401046753,1.2629375457763672,0.5666065216064453,0.3205820322036743,0.6567139625549316,1.6542422771453857,0.5492734909057617,1.8799563646316528,0.6206167936325073,0.9228925704956055,1.5445332527160645,1.7017098665237427,0.7782300114631653,0.6028195023536682
/p/project1/hai_1252/toulouse1/flexcraft/data/adapt/full_run_seed/2026-06-27_10:57:16_adapt_full_run_c4_3/5BS0+MAVMAPRTLV+TLMSAMTNL+CALSAPNSGN+CASSYSKEGG_0_334.pdb,0.806842029094696,1.161933422088623,1.292173981666565,1.0004839897155762,1.1212725639343262,1.1494120359420776,1.2381792068481445,1.0703446865081787,1.163231611251831,1.2555121183395386,0.9995071291923523,1.0904594659805298,1.1819398403167725,1.0242928266525269,1.0531123876571655,1.518301248550415,1.2207934856414795,1.1694955825805664,1.1454137563705444,0.7921069860458374,0.9390398263931274,1.0106388330459595,4.628033821063582e-06,1.1659502983093262,0.8789286613464355,0.9403823614120483,1.1266535520553589,1.8211798667907715,0.9871489405632019,1.1698778867721558,1.382642149925232,1.0184009075164795,1.243836522102356,1.4915146827697754,1.4259870052337646,0.9771476984024048,0.9097880125045776,0.9764013290405273,1.1860936880111694,0.8178985714912415,1.1598975658416748,1.0509147644042969,0.9711356163024902,1.0745956897735596,0.9675179123878479,1.0846617221832275,1.063189148902893,0.9268862009048462,0.9578409194946289,1.3057706356048584,1.150054693222046,1.038088083267212,0.84626305103302,1.082587718963623,1.0490775108337402,1.2144999504089355,1.1996335983276367,1.259644627571106,1.0027170181274414,1.4659373760223389,1.7933152914047241,1.511621117591858,1.0778393745422363,1.001252293586731,1.3078272342681885,1.1738407611846924,1.2357993125915527,1.0538463592529297,1.1818658113479614,1.1208335161209106,1.151913046836853,1.3618115186691284,1.502546787261963,1.3274331092834473,1.247994065284729,1.0821425914764404,1.0098538398742676,1.4203436374664307,1.4591684341430664,1.0233778953552246,1.1499654054641724,1.1068910360336304,1.098303198814392,1.5690475702285767,1.2020512819290161,1.309954285621643,0.9749170541763306,1.278903603553772,1.283573865890503,1.1607568264007568,1.0861388444900513,1.2864208221435547
/p/project1/hai_1252/toulouse1/flexcraft/data/adapt/full_run_seed/2026-06-27_10:57:16_adapt_full_run_c4_3/5BS0+MAVMAPRTLV+TLMSAMTNL+CALSAPNSGN+CASSYSKEGG_0_235.pdb,0.9714838862419128,0.2314925491809845,0.6802252531051636,0.4940221607685089,0.27356621623039246,0.35527369379997253,0.8006947040557861,0.3479158878326416,1.4921265840530396,0.33230865001678467,0.34283536672592163,0.3290989100933075,0.4694856107234955,1.1938287019729614,0.3534102439880371,1.040116786956787,0.32301849126815796,0.31687861680984497,0.2324317842721939,0.7791243195533752,1.1371335983276367,0.5756586790084839,1.1659483909606934,1.111461369873723e-05,1.174048662185669,0.6711366176605225,0.237389475107193,1.773780107498169,0.9542276859283447,0.38304370641708374,0.8644147515296936,0.7917851209640503,1.735805869102478,1.4051756858825684,0.8176418542861938,0.9532763957977295,0.6503903269767761,0.8186942934989929,0.4147067964076996,1.108459234237671,0.466823548078537,1.6278421878814697,1.2497551441192627,0.7569157481193542,0.7138641476631165,0.9981250166893005,0.6242951154708862,1.1628376245498657,0.7362966537475586,0.8915015459060669,0.2448299676179886,0.41180118918418884,0.8623946905136108,0.23561479151248932,0.29472529888153076,0.7315992116928101,0.7472366690635681,0.6031121015548706,1.1783926486968994,0.6061462163925171,1.8773988485336304,1.6934858560562134,0.34715935587882996,0.6326738595962524,0.7752317190170288,0.34431982040405273,0.6501350998878479,0.3717074990272522,0.3211685121059418,0.20120742917060852,0.47213032841682434,0.6612613201141357,1.0725581645965576,2.0929226875305176,0.6589711904525757,1.1828631162643433,0.4853438436985016,2.2014873027801514,1.0359752178192139,1.29535973072052,0.21079404652118683,0.5144346356391907,0.3962973356246948,1.9288599491119385,0.2554498016834259,2.067549228668213,0.6334966421127319,0.821525514125824,1.5892665386199951,1.882717251777649,0.703284502029419,0.5705267786979675
/p/project1/hai_1252/toulouse1/flexcraft/data/adapt/full_run_seed/2026-06-27_10:57:16_adapt_full_run_c4_3/5BS0+MAVMAPRTLV+TLMSAMTNL+CALSAPNSGN+CASSYSKEGG_0_181.pdb,0.2843601703643799,1.1197752952575684,1.1826562881469727,0.838807225227356,1.0115337371826172,1.1141387224197388,1.4626883268356323,1.074603796005249,1.3102078437805176,1.2138559818267822,0.9626634120941162,0.9586367011070251,1.0635342597961426,0.7367848753929138,0.9532297849655151,1.7547043561935425,1.1278464794158936,1.081722617149353,1.0693131685256958,0.6040419340133667,0.2946036159992218,1.06279718875885,0.87892746925354,1.174049735069275,2.158138704544399e-05,0.7120847105979919,1.11574125289917,2.056060314178467,1.0699492692947388,1.0522493124008179,1.4742742776870728,0.6545050740242004,1.3425788879394531,1.6089531183242798,1.1616761684417725,0.7202866077423096,0.6708477139472961,0.5375792384147644,1.0454391241073608,0.5776827931404114,1.0388120412826538,1.4461348056793213,0.3672183156013489,0.7527669668197632,0.662606418132782,0.8764764666557312,0.8722083568572998,0.3200111389160156,0.9212337732315063,1.557267427444458,1.0867950916290283,0.9238606691360474,0.8825775980949402,1.123212218284607,0.9750191569328308,1.1068401336669922,1.088521957397461,1.1468478441238403,0.5721167922019958,1.4768246412277222,1.9743024110794067,1.7634449005126953,1.0051418542861938,0.7381280660629272,1.0479673147201538,1.1311330795288086,1.1931493282318115,1.0037645101547241,1.0843290090560913,1.1078200340270996,1.0976454019546509,1.3005024194717407,1.6459301710128784,1.6998136043548584,1.0983085632324219,0.6868300437927246,0.8585290312767029,1.7767410278320312,1.6140716075897217,0.5924385190010071,1.1156343221664429,1.0426744222640991,0.9729359149932861,1.8627386093139648,1.1983507871627808,1.69660484790802,0.7078475952148438,1.1910135746002197,0.8034681081771851,1.533948302268982,0.7945320010185242,1.4713395833969116
/p/project1/hai_1252/toulouse1/flexcraft/data/adapt/full_run_seed/2026-06-27_10:57:16_adapt_full_run_c4_3/5BS0+MAVMAPRTLV+TLMSAMTNL+CALSAPNSGN+CASSYSKEGG_0_594.pdb,0.5096805095672607,0.6244514584541321,0.6519317626953125,0.48706677556037903,0.5308480858802795,0.6996051073074341,1.0031009912490845,0.641968846321106,1.1439590454101562,0.742319643497467,0.4778444468975067,0.50332111120224,0.5714176893234253,0.8568376898765564,0.47862276434898376,1.2811273336410522,0.6521005630493164,0.585362434387207,0.5632218718528748,0.3762911558151245,0.6515006422996521,0.646328330039978,0.940381646156311,0.6711363196372986,0.7120838761329651,1.657856410020031e-05,0.6510084271430969,1.8075785636901855,0.7845998406410217,0.5592329502105713,0.9978348612785339,0.3230578303337097,1.3596456050872803,1.4040719270706177,0.7027076482772827,0.6880841255187988,0.3001698851585388,0.4085296392440796,0.5383260846138,0.695275068283081,0.5515143871307373,1.325586199760437,0.798584520816803,0.5454917550086975,0.2853267192840576,0.7653481364250183,0.47555235028266907,0.7264143228530884,0.6521117091178894,1.1043932437896729,0.5829209089279175,0.4677010774612427,0.6976593732833862,0.6705425381660461,0.5194904804229736,0.7253199815750122,0.7141816020011902,0.6295895576477051,0.664735734462738,0.9767526388168335,1.841371774673462,1.5879888534545898,0.5652077794075012,0.3366997539997101,0.6643783450126648,0.6969108581542969,0.7129701375961304,0.5018172860145569,0.5903261303901672,0.639038622379303,0.7131798267364502,0.7730772495269775,1.225101113319397,1.7222262620925903,0.6024993062019348,0.6743348240852356,0.3803660571575165,1.8356329202651978,1.1851527690887451,0.8113694190979004,0.5942075848579407,0.5483770370483398,0.4903988838195801,1.7809137105941772,0.7237122654914856,1.7139610052108765,0.28109481930732727,0.843681812286377,1.269957423210144,1.5317744016647339,0.5103082656860352,0.9603058099746704
/p/project1/hai_1252/toulouse1/flexcraft/data/adapt/full_run_seed/2026-06-27_10:57:16_adapt_full_run_c4_3/5BS0+MAVMAPRTLV+TLMSAMTNL+CALSAPNSGN+CASSYSKEGG_0_386.pdb,0.9348956942558289,0.3855929672718048,0.7384928464889526,0.45093417167663574,0.3718954026699066,0.16955168545246124,0.7713810801506042,0.26966845989227295,1.4704149961471558,0.1902388483285904,0.4122001528739929,0.3315749168395996,0.6057544946670532,1.0905581712722778,0.42254239320755005,1.0074865818023682,0.2763460874557495,0.4632498621940613,0.36465898156166077,0.7629494667053223,1.0954062938690186,0.5389633774757385,1.1266547441482544,0.23738397657871246,1.1157408952713013,0.651009738445282,8.011332283786032e-06,1.7961297035217285,0.8527697920799255,0.5106126666069031,0.8086932301521301,0.8033466935157776,1.6909352540969849,1.4392999410629272,0.9127134084701538,0.9869022965431213,0.6471121311187744,0.8150864839553833,0.4176952838897705,1.0648622512817383,0.5856462717056274,1.61265230178833,1.1660211086273193,0.7855122089385986,0.7217974066734314,0.9339070320129395,0.6788946390151978,1.100507140159607,0.5850409269332886,0.8401845693588257,0.28135380148887634,0.415347158908844,0.7280479073524475,0.20702572166919708,0.2805449366569519,0.8572980761528015,0.86369788646698,0.6549389958381653,1.1747136116027832,0.5446359515190125,1.8824011087417603,1.6957221031188965,0.2542877495288849,0.6539375185966492,0.8479182720184326,0.1471424400806427,0.6879344582557678,0.4681343734264374,0.46495717763900757,0.20356766879558563,0.298190176486969,0.7269384264945984,1.1551761627197266,2.0518763065338135,0.6804355382919312,1.188235878944397,0.4966817796230316,2.156167984008789,1.1212847232818604,1.2795101404190063,0.360434889793396,0.5517422556877136,0.500537633895874,1.9119658470153809,0.1757553219795227,2.0235695838928223,0.6448926329612732,0.9499234557151794,1.488283634185791,1.8463078737258911,0.7455072999000549,0.6040279865264893
/p/project1/hai_1252/toulouse1/flexcraft/data/adapt/full_run_seed/2026-06-27_10:57:16_adapt_full_run_c4_3/5BS0+MAVMAPRTLV+TLMSAMTNL+CALSAPNSGN+CASSYSKEGG_0_443.pdb,1.9321867227554321,1.8422901630401611,1.7080124616622925,2.013697862625122,1.8226090669631958,1.8625091314315796,1.4551063776016235,1.866675615310669,1.5966699123382568,1.8152819871902466,1.8187559843063354,1.904746413230896,1.7613275051116943,2.346362590789795,1.8442468643188477,1.481412410736084,1.8716936111450195,1.803503394126892,1.8058496713638306,1.6970280408859253,2.1584677696228027,1.5275311470031738,1.8211829662322998,1.7737795114517212,2.056069850921631,1.8075791597366333,1.7961267232894897,1.5351211914094165e-05,1.7532907724380493,1.824462890625,1.8502918481826782,1.8742079734802246,1.6995561122894287,0.6227249503135681,1.7824957370758057,1.7496541738510132,1.770952582359314,1.9802184104919434,1.8458024263381958,1.9646340608596802,1.7215803861618042,1.7394907474517822,2.2142863273620605,1.8513619899749756,1.7777016162872314,1.954443097114563,1.7093474864959717,2.164949893951416,1.9351848363876343,1.4989420175552368,1.783996820449829,1.958997368812561,1.985457181930542,1.7938435077667236,1.8756370544433594,1.694021463394165,1.6851880550384521,1.660259485244751,2.13165020942688,1.7448203563690186,0.5626290440559387,0.8924264907836914,1.8990800380706787,1.7250127792358398,1.7012426853179932,1.8884780406951904,1.6537139415740967,1.7122693061828613,1.7968393564224243,1.7977296113967896,1.9324530363082886,1.5708872079849243,1.1079621315002441,2.3545620441436768,1.771835446357727,2.2003910541534424,1.8193540573120117,2.6027324199676514,1.1252766847610474,2.151383876800537,1.73651921749115,1.583057165145874,1.8094780445098877,1.1998913288116455,1.7861894369125366,2.2932682037353516,1.7688302993774414,1.6460325717926025,2.6491096019744873,2.1078689098358154,1.80568265914917,1.5781992673873901
/p/project1/hai_1252/toulouse1/flexcraft/data/adapt/full_run_seed/2026-06-27_10:57:16_adapt_full_run_c4_3/5BS0+MAVMAPRTLV+TLMSAMTNL+CALSAPNSGN+CASSYSKEGG_0_557.pdb,0.9718230962753296,1.0252330303192139,1.0737309455871582,0.8945121169090271,0.9908042550086975,0.8286491632461548,0.9042760729789734,0.7811499238014221,0.9923652410507202,0.9010065793991089,0.9106797575950623,0.8958995938301086,1.0839571952819824,0.9130943417549133,0.9418695569038391,1.073584794998169,0.9286971688270569,1.0564804077148438,0.9913994073867798,0.8194580674171448,1.0867153406143188,0.7446732521057129,0.9871470332145691,0.9542253017425537,1.0699514150619507,0.7846044898033142,0.8527728915214539,1.7532923221588135,8.317922038258985e-06,1.047586441040039,0.7980741858482361,0.935946524143219,1.1568948030471802,1.5066282749176025,1.2769665718078613,1.1875808238983154,0.8905622959136963,1.042022705078125,0.9034602046012878,0.9511511921882629,1.0507316589355469,1.2570005655288696,1.0701686143875122,1.158213496208191,0.8911441564559937,0.9362901449203491,1.0695133209228516,1.0991464853286743,0.6161463856697083,0.8927377462387085,0.9088838696479797,0.888037383556366,0.6019828915596008,0.8268862962722778,0.849125862121582,1.2760990858078003,1.2630053758621216,1.0598000288009644,1.125577449798584,1.0514230728149414,1.777713656425476,1.549423336982727,0.8140487670898438,0.9433711171150208,1.2203649282455444,0.8635350465774536,1.0725704431533813,0.9618442058563232,1.0603564977645874,0.9418001174926758,0.7958409190177917,1.134171724319458,1.4507609605789185,1.6196569204330444,1.0327342748641968,1.1498262882232666,0.8377016186714172,1.7747242450714111,1.4343937635421753,1.1239937543869019,0.9965934157371521,0.8806084394454956,1.0028740167617798,1.6897674798965454,0.9305123686790466,1.601163625717163,0.9282737374305725,1.354996681213379,1.460788369178772,1.4575145244598389,1.1438995599746704,1.007279634475708
/p/project1/hai_1252/toulouse1/flexcraft/data/adapt/full_run_seed/2026-06-27_10:57:16_adapt_full_run_c4_3/5BS0+MAVMAPRTLV+TLMSAMTNL+CALSAPNSGN+CASSYSKEGG_0_133.pdb,0.830278754234314,0.23570963740348816,0.5572965741157532,0.48205217719078064,0.2046162635087967,0.6059081554412842,0.9759171605110168,0.5682491660118103,1.4615751504898071,0.6070995926856995,0.2523038685321808,0.3162095546722412,0.1525896191596985,1.1789741516113281,0.22623848915100098,1.2611702680587769,0.4435509145259857,0.13812436163425446,0.18216100335121155,0.6751925349235535,0.9808549284934998,0.6722254157066345,1.1698777675628662,0.3830406367778778,1.0522475242614746,0.559234619140625,0.5106128454208374,1.8244636058807373,1.0475836992263794,1.3672798559127841e-05,1.0444172620773315,0.5826889872550964,1.7128751277923584,1.3954883813858032,0.5667623281478882,0.7456647157669067,0.5336306095123291,0.6293031573295593,0.4177147150039673,0.9962165951728821,0.1960032433271408,1.5966511964797974,1.1620323657989502,0.567781388759613,0.5378150939941406,0.9613187313079834,0.49486714601516724,1.0537070035934448,0.8456023335456848,1.1122125387191772,0.3449110686779022,0.3534349501132965,0.9532021880149841,0.5182106494903564,0.3651534914970398,0.4756562113761902,0.49132049083709717,0.5258926153182983,0.9585714936256409,0.8478816747665405,1.90376877784729,1.7108759880065918,0.4753808081150055,0.47689369320869446,0.5781394839286804,0.5973761677742004,0.6185049414634705,0.19380830228328705,0.14565007388591766,0.41120433807373047,0.6922042965888977,0.6455697417259216,1.0795559883117676,2.0600438117980957,0.5831904411315918,0.9480366706848145,0.3340322971343994,2.1679608821868896,1.042256474494934,1.1055757999420166,0.2586914896965027,0.4790368378162384,0.1164206936955452,1.9515131711959839,0.5419718027114868,2.0427334308624268,0.5023830533027649,0.5981931090354919,1.540066123008728,1.8480156660079956,0.5212500095367432,0.8059173226356506
/p/project1/hai_1252/toulouse1/flexcraft/data/adapt/full_run_seed/2026-06-27_10:57:16_adapt_full_run_c4_3/5BS0+MAVMAPRTLV+TLMSAMTNL+CALSAPNSGN+CASSYSKEGG_0_631.pdb,1.312921166419983,0.9476857781410217,1.0269534587860107,1.0338685512542725,0.9793480634689331,0.7926340103149414,0.8665828108787537,0.8042389750480652,1.4239550828933716,0.7657992243766785,0.9734511971473694,0.9375683665275574,1.1037777662277222,1.3142001628875732,0.9655721783638,0.9323673844337463,0.840454638004303,1.024834394454956,0.953546941280365,1.1198686361312866,1.464564561843872,0.9066938161849976,1.3826420307159424,0.8644171953201294,1.4742765426635742,0.997839629650116,0.8086951375007629,1.8502885103225708,0.7980742454528809,1.0444163084030151,1.416149279975798e-05,1.1852848529815674,1.6694740056991577,1.6347451210021973,1.2409727573394775,1.3928236961364746,1.121467113494873,1.2905923128128052,0.8807998895645142,1.383266806602478,1.0973232984542847,1.6712491512298584,1.4961377382278442,1.3191982507705688,1.1288186311721802,1.1801881790161133,1.1606069803237915,1.4967020750045776,0.8931654095649719,0.857121467590332,0.8387749195098877,0.9241887331008911,0.9401864409446716,0.8177999258041382,0.8977259993553162,1.348149299621582,1.3568458557128906,1.0288711786270142,1.4741854667663574,0.6733567714691162,1.9795764684677124,1.8088527917861938,0.8531892895698547,1.1263550519943237,1.2680010795593262,0.7983182072639465,1.0481687784194946,1.0140674114227295,1.0275682210922241,0.9052556157112122,0.7725447416305542,1.0434340238571167,1.384756088256836,2.085156202316284,1.0330570936203003,1.4627530574798584,0.9739533066749573,2.2346668243408203,1.368054986000061,1.5202491283416748,0.9415158033370972,0.9392322897911072,1.0458892583847046,2.0228536128997803,0.8396585583686829,2.0780701637268066,1.109498143196106,1.4352525472640991,1.829397439956665,1.9326823949813843,1.2664251327514648,0.8398339152336121
/p/project1/hai_1252/toulouse1/flexcraft/data/adapt/full_run_seed/2026-06-27_10:57:16_adapt_full_run_c4_3/5BS0+MAVMAPRTLV+TLMSAMTNL+CALSAPNSGN+CASSYSKEGG_0_275.pdb,0.4501436948776245,0.7033577561378479,0.6929152011871338,0.5775498747825623,0.5985317826271057,0.8582457304000854,1.150889277458191,0.8015308976173401,1.2025519609451294,0.8976656794548035,0.565006673336029,0.6005541682243347,0.5680301785469055,0.9045894742012024,0.5537917613983154,1.4389110803604126,0.7657463550567627,0.6270574331283569,0.6382026672363281,0.38848406076431274,0.5560582876205444,0.7550171613693237,1.0184000730514526,0.7917847633361816,0.654506266117096,0.3230566382408142,0.8033480048179626,1.8742045164108276,0.9359526634216309,0.5826882719993591,1.185286283493042,6.8322019615152385e-06,1.40784752368927,1.4323517084121704,0.6477600932121277,0.630897045135498,0.31325069069862366,0.30543339252471924,0.6392711400985718,0.6888071298599243,0.5523841381072998,1.3931938409805298,0.7780430316925049,0.4745559096336365,0.1551685333251953,0.822577178478241,0.4942367672920227,0.6883116960525513,0.8234810829162598,1.2685872316360474,0.6895797252655029,0.5717623829841614,0.8647103309631348,0.8246262669563293,0.6399500966072083,0.6728543043136597,0.6665759086608887,0.6805698871612549,0.5452008247375488,1.1479363441467285,1.8826382160186768,1.6667423248291016,0.7080383896827698,0.3056287467479706,0.5879961848258972,0.8511472344398499,0.7953929305076599,0.5619595646858215,0.6285237073898315,0.7603301405906677,0.8819273710250854,0.8512942790985107,1.292036533355713,1.781859278678894,0.6536225080490112,0.5532113313674927,0.42653128504753113,1.8915756940841675,1.2595170736312866,0.7165701389312744,0.6867831945419312,0.5983615517616272,0.5199143886566162,1.8603171110153198,0.8685225248336792,1.7773913145065308,0.31909576058387756,0.7872822880744934,1.2664729356765747,1.5877546072006226,0.46531474590301514,1.1110351085662842
/p/project1/hai_1252/toulouse1/flexcraft/data/adapt/full_run_seed/2026-06-27_10:57:16_adapt_full_run_c4_3/5BS0+MAVMAPRTLV+TLMSAMTNL+CALSAPNSGN+CASSYSKEGG_0_271.pdb,1.347913146018982,1.7586181163787842,1.684985637664795,1.6293531656265259,1.6896324157714844,1.7056984901428223,1.598488211631775,1.64705228805542,0.49637237191200256,1.7705854177474976,1.6143078804016113,1.6651073694229126,1.691023826599121,1.4899420738220215,1.6397759914398193,1.7318670749664307,1.7466943264007568,1.7325522899627686,1.7043006420135498,1.2785685062408447,1.4103312492370605,1.4653562307357788,1.2438346147537231,1.7358067035675049,1.3425806760787964,1.3596454858779907,1.6909371614456177,1.699560523033142,1.1568926572799683,1.7128733396530151,1.669474482536316,1.407848834991455,1.2978904123883694e-05,1.5076407194137573,1.7715132236480713,1.4879337549209595,1.4137589931488037,1.5185730457305908,1.679185390472412,1.1672720909118652,1.646610140800476,1.0911788940429688,1.4273453950881958,1.6418930292129517,1.3884047269821167,1.4870944023132324,1.5937180519104004,1.4586703777313232,1.5015162229537964,1.591975450515747,1.6963577270507812,1.655092477798462,1.4180711507797241,1.6648313999176025,1.6403166055679321,1.7218505144119263,1.6861801147460938,1.6864820718765259,1.3373289108276367,1.8857662677764893,1.634304404258728,1.4488683938980103,1.657782793045044,1.4528650045394897,1.7097246646881104,1.7421656847000122,1.6947035789489746,1.6145962476730347,1.7336409091949463,1.7081997394561768,1.6961019039154053,1.7524195909500122,1.7451436519622803,1.390773892402649,1.6908881664276123,1.3997200727462769,1.4959759712219238,1.612443208694458,1.765014410018921,1.2895070314407349,1.7026602029800415,1.529492735862732,1.653951644897461,1.5122305154800415,1.74301278591156,1.3727799654006958,1.4592329263687134,1.745806097984314,1.8306442499160767,1.2508176565170288,1.6415274143218994,1.7634706497192383
/p/project1/hai_1252/toulouse1/flexcraft/data/adapt/full_run_seed/2026-06-27_10:57:16_adapt_full_run_c4_3/5BS0+MAVMAPRTLV+TLMSAMTNL+CALSAPNSGN+CASSYSKEGG_0_183.pdb,1.4881516695022583,1.4421920776367188,1.319575309753418,1.599295735359192,1.4006808996200562,1.5139389038085938,1.2543079853057861,1.5268685817718506,1.3973158597946167,1.4770967960357666,1.4163748025894165,1.4961146116256714,1.3253846168518066,1.991437315940857,1.4239009618759155,1.3877780437469482,1.4865309000015259,1.382559895515442,1.3952844142913818,1.2725636959075928,1.7147400379180908,1.2002323865890503,1.4915156364440918,1.40518057346344,1.6089603900909424,1.404064655303955,1.4393033981323242,0.6227259635925293,1.506629467010498,1.3954929113388062,1.6347600221633911,1.4323534965515137,1.5076391696929932,1.0480574019311462e-05,1.3363550901412964,1.256704568862915,1.334538459777832,1.521750807762146,1.4553899765014648,1.5396580696105957,1.2812418937683105,1.552790641784668,1.8058490753173828,1.3784472942352295,1.3417142629623413,1.5563491582870483,1.2588151693344116,1.7415975332260132,1.6203587055206299,1.3508745431900024,1.393875002861023,1.5538817644119263,1.6745727062225342,1.4519065618515015,1.4838647842407227,1.215812087059021,1.2042824029922485,1.2666106224060059,1.6770257949829102,1.4570398330688477,0.7080410122871399,1.0007460117340088,1.528313398361206,1.2720280885696411,1.243359088897705,1.5378391742706299,1.2874339818954468,1.2903159856796265,1.3733229637145996,1.4179655313491821,1.5971301794052124,1.2087517976760864,0.8191030025482178,2.1827266216278076,1.3764246702194214,1.7541078329086304,1.3959919214248657,2.4061756134033203,0.8489457964897156,1.6955362558364868,1.3392860889434814,1.1944009065628052,1.3793593645095825,1.332007884979248,1.4376450777053833,2.128044843673706,1.3269628286361694,1.1631286144256592,2.2300639152526855,1.915348768234253,1.3297380208969116,1.3232815265655518
/p/project1/hai_1252/toulouse1/flexcraft/data/adapt/full_run_seed/2026-06-27_10:57:16_adapt_full_run_c4_3/5BS0+MAVMAPRTLV+TLMSAMTNL+CALSAPNSGN+CASSYSKEGG_0_336.pdb,0.9586889743804932,0.7107242345809937,0.48677393794059753,0.8897474408149719,0.6532759666442871,1.0035688877105713,1.1570258140563965,0.991426408290863,1.516202449798584,0.9419822692871094,0.732052743434906,0.7578818798065186,0.48398464918136597,1.4349911212921143,0.6649118661880493,1.4113572835922241,0.815608024597168,0.5963754057884216,0.6551336050033569,0.7983379364013672,1.1071020364761353,0.909784734249115,1.425986647605896,0.8176474571228027,1.161676049232483,0.7027068138122559,0.9127097725868225,1.7824976444244385,1.2769705057144165,0.5667611360549927,1.2409672737121582,0.6477601528167725,1.7715134620666504,1.3363547325134277,8.63591230881866e-06,0.7825815677642822,0.7144542932510376,0.7777490615844727,0.7075256705284119,1.1641952991485596,0.49162980914115906,1.7115434408187866,1.296014666557312,0.6514715552330017,0.6366901397705078,1.062935471534729,0.5356024503707886,1.2073477506637573,1.1656991243362427,1.319050908088684,0.7072553038597107,0.7727268934249878,1.2630807161331177,0.9566864967346191,0.8213064670562744,0.506136953830719,0.5505672693252563,0.5060551166534424,1.021181583404541,1.0640716552734375,1.864250898361206,1.7506262063980103,0.9016916155815125,0.6020318269729614,0.404058039188385,0.9829391837120056,0.6466025114059448,0.6081504225730896,0.5835344195365906,0.843155026435852,1.074582576751709,0.5739535689353943,1.0421221256256104,2.2079250812530518,0.5791360139846802,0.9992757439613342,0.6831947565078735,2.342710256576538,1.036638855934143,1.1694376468658447,0.6674588322639465,0.6524450182914734,0.5859935283660889,2.040367603302002,0.9245149493217468,2.2013847827911377,0.6318515539169312,0.5980954170227051,1.748974084854126,1.9953118562698364,0.5619287490844727,1.0638588666915894
/p/project1/hai_1252/toulouse1/flexcraft/data/adapt/full_run_seed/2026-06-27_10:57:16_adapt_full_run_c4_3/5BS0+MAVMAPRTLV+TLMSAMTNL+CALSAPNSGN+CASSYSKEGG_0_266.pdb,0.5755533576011658,0.846436083316803,0.8942223191261292,0.8330223560333252,0.7649868130683899,1.0525331497192383,1.299601435661316,1.0172879695892334,1.3502169847488403,1.0921651124954224,0.7469080686569214,0.8261728882789612,0.7007477283477783,1.211186408996582,0.7191551923751831,1.6183236837387085,0.9655189514160156,0.7650315165519714,0.8094542622566223,0.5880488753318787,0.7841348648071289,0.9511154890060425,0.9771469831466675,0.9532779455184937,0.720288097858429,0.6880789995193481,0.9868977665901184,1.7496542930603027,1.1875795125961304,0.7456618547439575,1.3928215503692627,0.6308927536010742,1.4879330396652222,1.2567037343978882,0.7825820446014404,1.6994066754705273e-05,0.5921640396118164,0.5768697261810303,0.9254748821258545,0.7396044135093689,0.6840009689331055,1.471998929977417,0.9372419118881226,0.5219227075576782,0.5777708888053894,0.9586288332939148,0.6354629993438721,0.8399774432182312,1.0572222471237183,1.4493846893310547,0.8659856915473938,0.7980218529701233,1.094631314277649,0.9942898154258728,0.8516198396682739,0.6106591820716858,0.5919168591499329,0.8609521985054016,0.7211456298828125,1.309285044670105,1.7334333658218384,1.5638372898101807,0.9429876804351807,0.5725319385528564,0.7091914415359497,1.0556343793869019,0.9225644469261169,0.6940077543258667,0.7651059031486511,0.9014641046524048,1.1024150848388672,0.9845922589302063,1.2029082775115967,1.916128158569336,0.9108409285545349,0.8133696913719177,0.6968464851379395,2.040783643722534,1.1841470003128052,0.8164629936218262,0.8443156480789185,0.8387038707733154,0.6838333606719971,1.7686430215835571,1.0322948694229126,1.9003221988677979,0.6010307669639587,0.6665549278259277,1.3680980205535889,1.6946487426757812,0.5532649755477905,1.2688335180282593
/p/project1/hai_1252/toulouse1/flexcraft/data/adapt/full_run_seed/2026-06-27_10:57:16_adapt_full_run_c4_3/5BS0+MAVMAPRTLV+TLMSAMTNL+CALSAPNSGN+CASSYSKEGG_0_347.pdb,0.4641547203063965,0.596827507019043,0.6851621270179749,0.4661006033420563,0.4899652898311615,0.7138984203338623,1.059630036354065,0.6681386828422546,1.2246133089065552,0.7556343078613281,0.45217210054397583,0.5147407054901123,0.5399205088615417,0.9154110550880432,0.46453872323036194,1.3406884670257568,0.6651355028152466,0.5412238240242004,0.5370296239852905,0.3281559348106384,0.637367308139801,0.6516930460929871,0.9097881317138672,0.6503907442092896,0.6708486676216125,0.3001748025417328,0.6471116542816162,1.770957350730896,0.890557050704956,0.5336307287216187,1.1214656829833984,0.31325003504753113,1.4137569665908813,1.3345403671264648,0.7144542336463928,0.5921675562858582,7.009376531641465e-06,0.30813777446746826,0.6029856204986572,0.6704221963882446,0.515404462814331,1.3407586812973022,0.814468502998352,0.3590907156467438,0.21526749432086945,0.7528125643730164,0.4018555283546448,0.7088975310325623,0.7365368604660034,1.1590886116027832,0.5773354768753052,0.4943384528160095,0.7747183442115784,0.6707402467727661,0.5241603851318359,0.6302894949913025,0.6137697696685791,0.6207154393196106,0.6916787624359131,1.0217047929763794,1.7749191522598267,1.559272050857544,0.5946401953697205,0.1651102602481842,0.5683249831199646,0.7078161239624023,0.7021005153656006,0.47089603543281555,0.5416701436042786,0.6006669402122498,0.7556015849113464,0.7861104607582092,1.1776959896087646,1.763096570968628,0.624751627445221,0.7400789856910706,0.38264963030815125,1.8744041919708252,1.141113519668579,0.8335527181625366,0.5687724947929382,0.5599657297134399,0.4529256820678711,1.7542266845703125,0.7188819646835327,1.7455755472183228,0.19970424473285675,0.7385945916175842,1.2538050413131714,1.550529956817627,0.3670758605003357,0.9865458011627197
/p/project1/hai_1252/toulouse1/flexcraft/data/adapt/full_run_seed/2026-06-27_10:57:16_adapt_full_run_c4_3/5BS0+MAVMAPRTLV+TLMSAMTNL+CALSAPNSGN+CASSYSKEGG_0_204.pdb,0.34651005268096924,0.7225354909896851,0.8198368549346924,0.5108972787857056,0.6142522692680359,0.8572322130203247,1.2624362707138062,0.8000347018241882,1.3509858846664429,0.9229434132575989,0.5774428844451904,0.6011432409286499,0.6369020938873291,0.8335910439491272,0.5721395015716553,1.5696074962615967,0.790652871131897,0.6587713360786438,0.6712760329246521,0.44497060775756836,0.4431772530078888,0.8383805751800537,0.9764022827148438,0.8186942934989929,0.5375774502754211,0.4085286855697632,0.8150847554206848,1.9802203178405762,1.0420174598693848,0.6293028593063354,1.2905874252319336,0.30543333292007446,1.5185747146606445,1.5217585563659668,0.7777511477470398,0.5768675208091736,0.3081390857696533,7.94369316281518e-06,0.7076830863952637,0.6752503514289856,0.6318410634994507,1.4642608165740967,0.6542838215827942,0.3564731180667877,0.3127693235874176,0.8247267007827759,0.5171356797218323,0.5255785584449768,0.8064039945602417,1.3813183307647705,0.7386970520019531,0.5654406547546387,0.8448057770729065,0.8293026089668274,0.6368675827980042,0.7193099856376648,0.69720059633255,0.7779518961906433,0.5645504593849182,1.2039583921432495,1.964138150215149,1.716256856918335,0.7033305764198303,0.35280030965805054,0.6648955941200256,0.8493125438690186,0.8700446486473083,0.6150525808334351,0.662345290184021,0.7605733275413513,0.8753033876419067,0.9661760926246643,1.372236967086792,1.8157240152359009,0.7487372159957886,0.6073634624481201,0.5111653804779053,1.8995932340621948,1.326106071472168,0.7302061319351196,0.730211615562439,0.7311463356018066,0.5511822700500488,1.8813661336898804,0.8845231533050537,1.809104323387146,0.33797332644462585,0.8287168145179749,1.0865589380264282,1.6239209175109863,0.41214966773986816,1.195167899131775
/p/project1/hai_1252/toulouse1/flexcraft/data/adapt/full_run_seed/2026-06-27_10:57:16_adapt_full_run_c4_3/5BS0+MAVMAPRTLV+TLMSAMTNL+CALSAPNSGN+CASSYSKEGG_0_312.pdb,0.8492265939712524,0.4330184757709503,0.6008493304252625,0.4491606652736664,0.3733272850513458,0.4296962320804596,0.8354441523551941,0.42163190245628357,1.446297287940979,0.44101616740226746,0.4260522127151489,0.28051072359085083,0.4804808497428894,1.0637640953063965,0.42911601066589355,1.1006253957748413,0.32555440068244934,0.4360397458076477,0.35635143518447876,0.7087653875350952,0.9756977558135986,0.5474979281425476,1.1860955953598022,0.41470929980278015,1.0454388856887817,0.5383244752883911,0.41769951581954956,1.845801591873169,0.903459906578064,0.41771650314331055,0.8807995319366455,0.6392664909362793,1.679186224937439,1.4553873538970947,0.7075195908546448,0.9254803657531738,0.6029887199401855,0.7076818346977234,2.796358057821635e-05,1.0822162628173828,0.49347835779190063,1.6138995885849,1.0797865390777588,0.7277699112892151,0.6163696646690369,0.9204950928688049,0.5749951004981995,1.0096505880355835,0.6462782621383667,0.9636924266815186,0.3865807354450226,0.41111141443252563,0.7980745434761047,0.4464879333972931,0.31813308596611023,0.7700610756874084,0.7936373353004456,0.5682570934295654,1.0555741786956787,0.680749237537384,1.9197583198547363,1.755020260810852,0.31402674317359924,0.5769805908203125,0.7201057076454163,0.43269628286361694,0.6583697199821472,0.4365820586681366,0.43323877453804016,0.45354849100112915,0.4682760536670685,0.6535359025001526,1.179572582244873,2.0364344120025635,0.5090509653091431,1.0360832214355469,0.47267916798591614,2.1351308822631836,1.1168168783187866,1.1680331230163574,0.3728133738040924,0.4213666021823883,0.4307345449924469,1.9753986597061157,0.4518587291240692,2.0206308364868164,0.5542644262313843,0.8930432200431824,1.4343897104263306,1.8414223194122314,0.6514133810997009,0.6914577484130859
/p/project1/hai_1252/toulouse1/flexcraft/data/adapt/full_run_seed/2026-06-27_10:57:16_adapt_full_run_c4_3/5BS0+MAVMAPRTLV+TLMSAMTNL+CALSAPNSGN+CASSYSKEGG_0_582.pdb,0.5593859553337097,1.048755168914795,1.1316547393798828,0.8298607468605042,0.967894971370697,1.0951207876205444,1.411204218864441,1.0453095436096191,1.1068774461746216,1.1855494976043701,0.8777007460594177,0.9465088844299316,1.012164831161499,0.8649133443832397,0.8796510100364685,1.683046579360962,1.1007710695266724,1.0247644186019897,1.0173866748809814,0.6203793883323669,0.6360505819320679,1.0899380445480347,0.817899227142334,1.1084599494934082,0.5776814818382263,0.6952751874923706,1.0648635625839233,1.9646333456039429,0.951153039932251,0.9962162375450134,1.3832688331604004,0.6888070702552795,1.1672723293304443,1.5396627187728882,1.164196491241455,0.7396047115325928,0.6704221963882446,0.675251841545105,1.0822157859802246,1.7440906958654523e-05,0.9814304709434509,1.2203973531723022,0.7745890021324158,0.816731870174408,0.6648125648498535,0.8353369235992432,0.9444648623466492,0.7380477786064148,0.9655121564865112,1.4767568111419678,1.0216456651687622,0.8631788492202759,0.9033582806587219,1.0688549280166626,0.9437938928604126,1.037559986114502,1.0046653747558594,1.1128454208374023,0.49886053800582886,1.449108600616455,1.9085551500320435,1.68412446975708,0.9972026348114014,0.7551936507225037,1.0650540590286255,1.1113542318344116,1.1577425003051758,0.9275755286216736,1.0302830934524536,1.0370957851409912,1.0956299304962158,1.2755800485610962,1.5705214738845825,1.522221326828003,1.104850172996521,0.6241679787635803,0.7441133856773376,1.6296614408493042,1.5618627071380615,0.4901779890060425,1.0684657096862793,1.0618287324905396,0.91347336769104,1.8050259351730347,1.1567836999893188,1.5124949216842651,0.7678541541099548,1.115486979484558,1.1478379964828491,1.3388456106185913,0.8827460408210754,1.4220250844955444
/p/project1/hai_1252/toulouse1/flexcraft/data/adapt/full_run_seed/2026-06-27_10:57:16_adapt_full_run_c4_3/5BS0+MAVMAPRTLV+TLMSAMTNL+CALSAPNSGN+CASSYSKEGG_0_274.pdb,0.8165420293807983,0.36308524012565613,0.540716826915741,0.5793123245239258,0.3056130111217499,0.6961607933044434,0.9530927538871765,0.6589811444282532,1.3919264078140259,0.6834934949874878,0.35654932260513306,0.4262198209762573,0.12977133691310883,1.2271559238433838,0.3310205340385437,1.2427186965942383,0.5349447727203369,0.23576860129833221,0.29293304681777954,0.6345313787460327,0.9816951155662537,0.6397417783737183,1.1598970890045166,0.46682268381118774,1.0388132333755493,0.5515097379684448,0.5856421589851379,1.7215795516967773,1.0507279634475708,0.1960058957338333,1.0973273515701294,0.5523854494094849,1.6466096639633179,1.2812389135360718,0.4916287660598755,0.6840000748634338,0.5154054164886475,0.631837785243988,0.49347123503685,0.9814290404319763,5.833104751218343e-06,1.5608054399490356,1.1663250923156738,0.5447812676429749,0.4997193515300751,0.9803985953330994,0.434472918510437,1.057551622390747,0.89689040184021,1.0990208387374878,0.42537805438041687,0.47795984148979187,0.9995972514152527,0.5975359678268433,0.46935704350471497,0.36610808968544006,0.38457727432250977,0.5025076270103455,0.9403015971183777,0.8952912092208862,1.805626392364502,1.6265122890472412,0.5780919790267944,0.42916572093963623,0.5096916556358337,0.6828777194023132,0.6010792255401611,0.1967759132385254,0.23335221409797668,0.48431196808815,0.78749680519104,0.5958251357078552,0.9902167320251465,2.0510830879211426,0.5924199819564819,0.9373410940170288,0.3668004870414734,2.171755075454712,0.9680945873260498,1.0873379707336426,0.32417410612106323,0.43037736415863037,0.2150031477212906,1.8836414813995361,0.6040273308753967,2.0311434268951416,0.4673023521900177,0.4740723967552185,1.5860663652420044,1.8291120529174805,0.479146271944046,0.82596755027771
/p/project1/hai_1252/toulouse1/flexcraft/data/adapt/full_run_seed/2026-06-27_10:57:16_adapt_full_run_c4_3/5BS0+MAVMAPRTLV+TLMSAMTNL+CALSAPNSGN+CASSYSKEGG_0_318.pdb,1.3488574028015137,1.626386046409607,1.53230881690979,1.5313258171081543,1.5969725847244263,1.6563010215759277,1.6015573740005493,1.5597470998764038,0.9852408766746521,1.7149951457977295,1.4626708030700684,1.5948270559310913,1.576404094696045,1.5009901523590088,1.5334559679031372,1.7592530250549316,1.6726772785186768,1.616623878479004,1.6012438535690308,1.2347826957702637,1.4418140649795532,1.4454597234725952,1.0509140491485596,1.6278445720672607,1.4461315870285034,1.325585961341858,1.6126532554626465,1.7394953966140747,1.257002592086792,1.5966520309448242,1.6712477207183838,1.3931896686553955,1.0911773443222046,1.5527948141098022,1.7115449905395508,1.471997618675232,1.340757966041565,1.4642596244812012,1.6139012575149536,1.2203989028930664,1.5608049631118774,1.328712187387282e-05,1.561827301979065,1.5182864665985107,1.3580657243728638,1.475457787513733,1.5208042860031128,1.5172128677368164,1.4888514280319214,1.6116880178451538,1.6145329475402832,1.5349549055099487,1.3778434991836548,1.5731593370437622,1.5525712966918945,1.5753816366195679,1.5384644269943237,1.543717861175537,1.3615729808807373,1.8422082662582397,1.6965398788452148,1.2888225317001343,1.579817533493042,1.4097638130187988,1.5959819555282593,1.6794846057891846,1.561928629875183,1.478365421295166,1.6238309144973755,1.6103814840316772,1.6589219570159912,1.67433500289917,1.6216440200805664,0.7049922943115234,1.5275845527648926,1.411733865737915,1.422857403755188,0.9962673783302307,1.557716965675354,1.3854252099990845,1.5959932804107666,1.4956003427505493,1.5359184741973877,1.3234647512435913,1.684993863105774,0.6704893112182617,1.4283231496810913,1.618491530418396,1.8873132467269897,0.4594341218471527,1.5455365180969238,1.6555960178375244
/p/project1/hai_1252/toulouse1/flexcraft/data/adapt/full_run_seed/2026-06-27_10:57:16_adapt_full_run_c4_3/5BS0+MAVMAPRTLV+TLMSAMTNL+CALSAPNSGN+CASSYSKEGG_0_421.pdb,0.4905487298965454,1.2141363620758057,1.289199948310852,0.8713541030883789,1.109874963760376,1.138089895248413,1.4941344261169434,1.0814647674560547,1.3917878866195679,1.2512871026992798,1.0568428039550781,1.0050076246261597,1.1835503578186035,0.5938016176223755,1.0581530332565308,1.7891238927841187,1.1751652956008911,1.1895673274993896,1.164048194885254,0.767509937286377,0.38264670968055725,1.1198853254318237,0.9711385369300842,1.2497564554214478,0.3672211468219757,0.798588752746582,1.1660205125808716,2.214287519454956,1.070169448852539,1.162031650543213,1.496138334274292,0.7780449986457825,1.4273451566696167,1.8058522939682007,1.2960155010223389,0.9372447729110718,0.8144656419754028,0.6542903780937195,1.0797858238220215,0.7745862007141113,1.1663265228271484,1.5618233680725098,8.821832125249784e-06,0.9097832441329956,0.8059138059616089,0.9781918525695801,1.0079853534698486,0.21964360773563385,0.8458369970321655,1.5827268362045288,1.1749666929244995,0.9859668612480164,0.8397898077964783,1.1596451997756958,1.0194141864776611,1.285165786743164,1.2672280073165894,1.254236102104187,0.7201465368270874,1.5263557434082031,2.1381006240844727,1.876785159111023,1.0200285911560059,0.8954596519470215,1.205310583114624,1.1524728536605835,1.2947243452072144,1.1252180337905884,1.1931567192077637,1.1805459260940552,1.0900659561157227,1.4090524911880493,1.7961682081222534,1.7435235977172852,1.176904320716858,0.7858408093452454,0.9771172404289246,1.7949708700180054,1.7560224533081055,0.7593754529953003,1.213515281677246,1.1400684118270874,1.0844471454620361,1.9457459449768066,1.2443779706954956,1.748194932937622,0.8397505879402161,1.3750386238098145,0.6618930101394653,1.608542799949646,0.9495395421981812,1.5329868793487549
/p/project1/hai_1252/toulouse1/flexcraft/data/adapt/full_run_seed/2026-06-27_10:57:16_adapt_full_run_c4_3/5BS0+MAVMAPRTLV+TLMSAMTNL+CALSAPNSGN+CASSYSKEGG_0_368.pdb,0.5676007866859436,0.6543242931365967,0.7250964641571045,0.602515459060669,0.5565246939659119,0.8596764802932739,1.2442893981933594,0.8293895125389099,1.46531081199646,0.8772088289260864,0.5646066665649414,0.6233105063438416,0.5477620363235474,1.0856621265411377,0.5525190830230713,1.5397443771362305,0.7727137207984924,0.570720374584198,0.6114110946655273,0.5391726493835449,0.7253293991088867,0.8459671139717102,1.074596881866455,0.7569186687469482,0.7527625560760498,0.5454923510551453,0.7855063080787659,1.8513619899749756,1.1582119464874268,0.5677812695503235,1.319190263748169,0.47455430030822754,1.6418907642364502,1.3784540891647339,0.651472806930542,0.5219228267669678,0.359092652797699,0.35646897554397583,0.7277722954750061,0.8167321085929871,0.5447813868522644,1.5182873010635376,0.9097736477851868,1.1080763215431944e-05,0.4057890772819519,0.8582471609115601,0.39996597170829773,0.7814733982086182,0.9382593631744385,1.3720561265945435,0.680425763130188,0.6089547872543335,0.999019205570221,0.8154476284980774,0.6592121124267578,0.5401634573936462,0.5249159336090088,0.6489377617835999,0.7818440794944763,1.140419602394104,1.8391746282577515,1.6426607370376587,0.7404866218566895,0.3442913293838501,0.4765883684158325,0.8457199931144714,0.7458229660987854,0.5469610095024109,0.5664905905723572,0.7093824744224548,0.916690468788147,0.8174616098403931,1.1887212991714478,1.948026180267334,0.6794003248214722,0.8376098871231079,0.5518624782562256,2.0519566535949707,1.1472885608673096,0.9235318303108215,0.6507893800735474,0.7228125929832458,0.4976600110530853,1.8517868518829346,0.8451461791992188,1.9312909841537476,0.3772980272769928,0.6376676559448242,1.3043636083602905,1.7285350561141968,0.21867911517620087,1.136949062347412
/p/project1/hai_1252/toulouse1/flexcraft/data/adapt/full_run_seed/2026-06-27_10:57:16_adapt_full_run_c4_3/5BS0+MAVMAPRTLV+TLMSAMTNL+CALSAPNSGN+CASSYSKEGG_0_221.pdb,0.44594240188598633,0.6381795406341553,0.6508831977844238,0.5481792092323303,0.5346242785453796,0.7886219024658203,1.0797280073165894,0.7399239540100098,1.1833794116973877,0.8203310370445251,0.49831971526145935,0.5594923496246338,0.5239712595939636,0.9290574193000793,0.4905388653278351,1.3651844263076782,0.7159711122512817,0.5653608441352844,0.5765450596809387,0.3179616928100586,0.6088990569114685,0.6811457872390747,0.9675169587135315,0.7138650417327881,0.6626019477844238,0.2853299677371979,0.7218048572540283,1.7777003049850464,0.8911463022232056,0.5378130674362183,1.128812551498413,0.15516512095928192,1.3884049654006958,1.341711401939392,0.6366917490959167,0.577774703502655,0.21527068316936493,0.3127690255641937,0.616366982460022,0.6648140549659729,0.49971914291381836,1.3580656051635742,0.8059093356132507,0.4057873487472534,6.512298568850383e-06,0.7908365726470947,0.4239973723888397,0.7128675580024719,0.7822280526161194,1.1923496723175049,0.6128244996070862,0.5290370583534241,0.8278284668922424,0.7472163438796997,0.5857853293418884,0.6189422607421875,0.6094303727149963,0.6148565411567688,0.60860675573349,1.0716898441314697,1.792486310005188,1.5751008987426758,0.6568987369537354,0.2088625133037567,0.5327273607254028,0.7825527787208557,0.724915087223053,0.4905003011226654,0.5668670535087585,0.677238941192627,0.8245173692703247,0.7778218388557434,1.2006913423538208,1.779633641242981,0.6191093921661377,0.641231894493103,0.37314680218696594,1.9009343385696411,1.169208288192749,0.766935408115387,0.6153137683868408,0.5438475608825684,0.464128315448761,1.7781240940093994,0.7893246412277222,1.768284797668457,0.24368597567081451,0.7271811366081238,1.29646635055542,1.5729568004608154,0.40242791175842285,1.0330650806427002
/p/project1/hai_1252/toulouse1/flexcraft/data/adapt/full_run_seed/2026-06-27_10:57:16_adapt_full_run_c4_3/5BS0+MAVMAPRTLV+TLMSAMTNL+CALSAPNSGN+CASSYSKEGG_0_381.pdb,0.8217813968658447,0.9968245625495911,0.9111824631690979,0.821654736995697,0.921990156173706,0.9268979430198669,1.260382056236267,0.9249131679534912,1.4104596376419067,0.9745152592658997,0.8883122205734253,0.8640846014022827,0.998728334903717,1.0032451152801514,0.8810995221138,1.478742241859436,0.9447854161262512,0.9862983226776123,0.9506078958511353,0.781508207321167,0.9258838295936584,1.00031578540802,1.0846604108810425,0.9981266260147095,0.8764750957489014,0.7653541564941406,0.9339115023612976,1.954439640045166,0.9362912178039551,0.9613229036331177,1.1801880598068237,0.8225824236869812,1.4870885610580444,1.5563470125198364,1.0629360675811768,0.9586276412010193,0.752818763256073,0.824729859828949,0.9204959273338318,0.8353394269943237,0.9803995490074158,1.4754481315612793,0.978192925453186,0.8582437038421631,0.7908304929733276,2.0824461898882873e-05,0.8916432857513428,0.9601491093635559,0.9112136960029602,1.3196873664855957,0.8968146443367004,0.8463158011436462,0.9164332747459412,0.9582343697547913,0.8772241473197937,1.0986820459365845,1.096279501914978,0.898335874080658,0.9774883389472961,1.1749378442764282,1.894361138343811,1.7725690603256226,0.877983808517456,0.7977421283721924,0.9924277663230896,0.9424203038215637,0.7860220670700073,0.9231017231941223,0.9832636713981628,0.965490996837616,0.9263736605644226,1.0448957681655884,1.456796407699585,1.8201004266738892,0.8301120400428772,1.0199238061904907,0.8055320382118225,1.9139184951782227,1.4721758365631104,0.9082512259483337,0.9858701229095459,0.9824855923652649,0.9219713807106018,1.9428569078445435,1.0218206644058228,1.8039997816085815,0.79276442527771,1.179487943649292,1.2608668804168701,1.6405596733093262,0.8756803274154663,1.2304543256759644
/p/project1/hai_1252/toulouse1/flexcraft/data/adapt/full_run_seed/2026-06-27_10:57:16_adapt_full_run_c4_3/5BS0+MAVMAPRTLV+TLMSAMTNL+CALSAPNSGN+CASSYSKEGG_0_371.pdb,0.6724188923835754,0.5585309863090515,0.5837579369544983,0.6278885006904602,0.46669819951057434,0.7649408578872681,1.003677487373352,0.7577185034751892,1.3742705583572388,0.7517410516738892,0.5280269384384155,0.5625306367874146,0.4540862739086151,1.1522794961929321,0.49613282084465027,1.2849146127700806,0.6788501143455505,0.4772445857524872,0.49898654222488403,0.5131387114524841,0.8502585291862488,0.6576945781707764,1.063187837600708,0.6242919564247131,0.8722044825553894,0.4755530059337616,0.6788854598999023,1.7093486785888672,1.069506049156189,0.4948640465736389,1.1606019735336304,0.4942370355129242,1.593719482421875,1.2588133811950684,0.5356040000915527,0.6354618072509766,0.40185120701789856,0.5171351432800293,0.574990451335907,0.9444686770439148,0.43446967005729675,1.5208029747009277,1.0079883337020874,0.3999660313129425,0.4240018427371979,0.8916415572166443,1.8903330783359706e-05,0.9017459154129028,0.9018513560295105,1.139899730682373,0.5579933524131775,0.5906455516815186,0.9693692922592163,0.7221516370773315,0.5993381142616272,0.4992411732673645,0.5173578858375549,0.5020630359649658,0.9039875268936157,0.9657910466194153,1.7547626495361328,1.6014102697372437,0.6740866303443909,0.3176947236061096,0.4375583231449127,0.7528616786003113,0.5964499115943909,0.45176756381988525,0.4726334810256958,0.6223205327987671,0.8414706587791443,0.5833020806312561,1.0276989936828613,1.9843103885650635,0.5612359642982483,0.9248325824737549,0.5358705520629883,2.0985054969787598,0.9972590804100037,1.0299979448318481,0.48350486159324646,0.49483004212379456,0.4558175504207611,1.8470526933670044,0.7079312801361084,1.9693173170089722,0.2820121645927429,0.5948496460914612,1.440613865852356,1.7699189186096191,0.22509396076202393,0.8961659669876099
/p/project1/hai_1252/toulouse1/flexcraft/data/adapt/full_run_seed/2026-06-27_10:57:16_adapt_full_run_c4_3/5BS0+MAVMAPRTLV+TLMSAMTNL+CALSAPNSGN+CASSYSKEGG_0_367.pdb,0.3826489746570587,1.1156374216079712,1.2184053659439087,0.7824541330337524,1.0107883214950562,1.0875263214111328,1.4641588926315308,1.0199837684631348,1.3939437866210938,1.199751853942871,0.9517690539360046,0.9218687415122986,1.0721181631088257,0.6160770654678345,0.9630523920059204,1.7670300006866455,1.109434962272644,1.0832068920135498,1.065201759338379,0.6967102289199829,0.2693130075931549,1.0579400062561035,0.926886260509491,1.162838101387024,0.32000917196273804,0.7264126539230347,1.1005065441131592,2.164957046508789,1.0991458892822266,1.0537060499191284,1.4967013597488403,0.6883101463317871,1.4586671590805054,1.741597294807434,1.207346796989441,0.8399755358695984,0.7088974118232727,0.5255795121192932,1.0096518993377686,0.7380474209785461,1.0575578212738037,1.5172160863876343,0.21964134275913239,0.7814759016036987,0.7128693461418152,0.9601490497589111,0.9017428159713745,1.7173628293676302e-05,0.8393052816390991,1.5591516494750977,1.1036347150802612,0.9050959944725037,0.8362529277801514,1.0883437395095825,0.9376010298728943,1.158859133720398,1.14205801486969,1.177248239517212,0.6662055850028992,1.484609842300415,2.0967071056365967,1.8198660612106323,0.9529169797897339,0.7903924584388733,1.1082721948623657,1.0992205142974854,1.2190083265304565,1.0160666704177856,1.088209629058838,1.0950863361358643,1.054444670677185,1.3358702659606934,1.706996202468872,1.7267680168151855,1.1081349849700928,0.7328472137451172,0.8904139995574951,1.7749683856964111,1.6560404300689697,0.7391812205314636,1.1143972873687744,1.0587040185928345,0.9745525121688843,1.897109031677246,1.175159215927124,1.7268352508544922,0.7397091388702393,1.2505768537521362,0.6997813582420349,1.5766267776489258,0.8300329446792603,1.4699004888534546
/p/project1/hai_1252/toulouse1/flexcraft/data/adapt/full_run_seed/2026-06-27_10:57:16_adapt_full_run_c4_3/5BS0+MAVMAPRTLV+TLMSAMTNL+CALSAPNSGN+CASSYSKEGG_0_569.pdb,0.7949716448783875,0.8098490834236145,0.9821239113807678,0.564832329750061,0.7595078945159912,0.5260311365127563,0.8990885019302368,0.4640280604362488,1.3414604663848877,0.6462382674217224,0.686267077922821,0.5990483164787292,0.9150071144104004,0.751166820526123,0.722854495048523,1.158142328262329,0.662364661693573,0.8498220443725586,0.7728239893913269,0.7473968863487244,0.8990737795829773,0.6172377467155457,0.9578409790992737,0.7363000512123108,0.9212382435798645,0.6521173119544983,0.5850425362586975,1.9351873397827148,0.6161487102508545,0.8456088900566101,0.8931647539138794,0.8234823346138,1.5015126466751099,1.6203546524047852,1.1657018661499023,1.0572198629379272,0.7365482449531555,0.8064069151878357,0.6462792158126831,0.9655104279518127,0.8968927264213562,1.4888499975204468,0.8458393812179565,0.9382609128952026,0.7822232842445374,0.9112129211425781,0.9018511772155762,0.839310348033905,1.1751975762308575e-05,0.953693687915802,0.7087491154670715,0.6183304786682129,0.3349812626838684,0.5629541873931885,0.5513896942138672,1.1524841785430908,1.145364761352539,0.938188910484314,1.0736818313598633,0.8946224451065063,1.9738816022872925,1.6805275678634644,0.4732181429862976,0.8064344525337219,1.1031806468963623,0.5436261296272278,0.9508131742477417,0.7803832292556763,0.8570428490638733,0.6802213191986084,0.4530666172504425,1.045335292816162,1.4556556940078735,1.8018747568130493,0.8754482865333557,1.0917880535125732,0.691097617149353,1.8922162055969238,1.3987596035003662,1.1555302143096924,0.7963327169418335,0.7616766691207886,0.7972601056098938,1.8065769672393799,0.6632549166679382,1.7826309204101562,0.7624239921569824,1.2538851499557495,1.1870027780532837,1.6386473178863525,0.9426674246788025,0.922528088092804
/p/project1/hai_1252/toulouse1/flexcraft/data/adapt/full_run_seed/2026-06-27_10:57:16_adapt_full_run_c4_3/5BS0+MAVMAPRTLV+TLMSAMTNL+CALSAPNSGN+CASSYSKEGG_0_482.pdb,1.3998761177062988,1.0491981506347656,1.0722322463989258,1.1421446800231934,1.0504028797149658,0.8611986637115479,0.28918564319610596,0.8860397934913635,1.3515242338180542,0.8205071091651917,1.0548865795135498,1.0268230438232422,1.1391661167144775,1.4931068420410156,1.068769931793213,0.27418699860572815,0.968143880367279,1.0837328433990479,1.014878511428833,1.1319074630737305,1.564452052116394,0.6993513703346252,1.3057700395584106,0.8915040493011475,1.557268500328064,1.1043936014175415,0.8401855230331421,1.4989415407180786,0.8927362561225891,1.1122119426727295,0.8571175336837769,1.2685867547988892,1.5919758081436157,1.3508679866790771,1.3190526962280273,1.4493827819824219,1.1590884923934937,1.3813189268112183,0.9636896848678589,1.4767563343048096,1.0990184545516968,1.6116846799850464,1.5827285051345825,1.3720567226409912,1.1923507452011108,1.3196866512298584,1.1399040222167969,1.5591511726379395,0.9536958932876587,8.867087672115304e-06,0.9188244342803955,1.0986360311508179,1.0352002382278442,0.8430663347244263,0.982004702091217,1.313902497291565,1.3319517374038696,1.0284191370010376,1.6167819499969482,0.7841219305992126,1.6733590364456177,1.552419900894165,0.9408890604972839,1.1516709327697754,1.2854657173156738,0.8791095614433289,0.9936212301254272,1.0351569652557373,1.083709478378296,0.9227891564369202,0.9074212908744812,0.9583683013916016,1.145054578781128,2.083380937576294,1.0638493299484253,1.6170188188552856,1.0725085735321045,2.2303290367126465,1.161691427230835,1.692556619644165,0.9519054293632507,0.8545477390289307,1.1184808015823364,1.7851392030715942,0.8159269094467163,2.0489470958709717,1.138817310333252,1.358506202697754,1.9773998260498047,1.8952444791793823,1.2912880182266235,0.611756443977356
/p/project1/hai_1252/toulouse1/flexcraft/data/adapt/full_run_seed/2026-06-27_10:57:16_adapt_full_run_c4_3/5BS0+MAVMAPRTLV+TLMSAMTNL+CALSAPNSGN+CASSYSKEGG_0_564.pdb,0.8878223896026611,0.2635475993156433,0.561144232749939,0.48083990812301636,0.25187429785728455,0.3851509094238281,0.8177384734153748,0.42586246132850647,1.4574697017669678,0.34338703751564026,0.33042141795158386,0.3075214624404907,0.43334493041038513,1.1532405614852905,0.2588993310928345,1.066404938697815,0.32029062509536743,0.30333492159843445,0.24014677107334137,0.6873946785926819,1.0607787370681763,0.5773835778236389,1.1500554084777832,0.24483045935630798,1.0867959260940552,0.5829204320907593,0.2813526690006256,1.7839949131011963,0.9088830351829529,0.3449089229106903,0.8387811183929443,0.6895788908004761,1.6963571310043335,1.3938779830932617,0.7072563171386719,0.8659859299659729,0.5773347616195679,0.7386966943740845,0.38657569885253906,1.0216456651687622,0.4253785312175751,1.61453115940094,1.174966812133789,0.6804243326187134,0.6128247976303101,0.8968144059181213,0.5579963326454163,1.1036334037780762,0.7087482810020447,0.9188218712806702,2.2476997401099652e-05,0.32932931184768677,0.8271698951721191,0.35792937874794006,0.3091113865375519,0.6882603168487549,0.7051444053649902,0.49597907066345215,1.0768846273422241,0.6114963889122009,1.8773789405822754,1.709102988243103,0.3630797266960144,0.5470898151397705,0.6714308261871338,0.3716932535171509,0.5680626630783081,0.34658774733543396,0.30169790983200073,0.26203858852386475,0.4913772940635681,0.5810204148292542,1.0827741622924805,2.079500913619995,0.554130494594574,1.080888032913208,0.38963475823402405,2.1981754302978516,1.063422679901123,1.1985831260681152,0.2553670108318329,0.47881585359573364,0.35107266902923584,1.9529149532318115,0.33329617977142334,2.0591485500335693,0.55266273021698,0.7889277338981628,1.5480406284332275,1.8720860481262207,0.6274992227554321,0.633549153804779
/p/project1/hai_1252/toulouse1/flexcraft/data/adapt/full_run_seed/2026-06-27_10:57:16_adapt_full_run_c4_3/5BS0+MAVMAPRTLV+TLMSAMTNL+CALSAPNSGN+CASSYSKEGG_0_559.pdb,0.7222688794136047,0.32216745615005493,0.6680026054382324,0.26762643456459045,0.2908521294593811,0.4621518850326538,0.9978287220001221,0.4124811589717865,1.4271347522735596,0.5281140804290771,0.23107093572616577,0.2280975580215454,0.4588664174079895,0.9297462105751038,0.19812485575675964,1.2804628610610962,0.3853977918624878,0.36640238761901855,0.3176156282424927,0.6170024871826172,0.8503075242042542,0.6901165843009949,1.0380847454071045,0.4118000268936157,0.9238596558570862,0.4677041172981262,0.41534629464149475,1.959005355834961,0.8880382180213928,0.35342422127723694,0.9241852760314941,0.5717565417289734,1.6550923585891724,1.5538891553878784,0.7727288007736206,0.7980257868766785,0.4943416118621826,0.5654401183128357,0.41110971570014954,0.8631787300109863,0.47796425223350525,1.5349586009979248,0.9859647750854492,0.6089574694633484,0.529030978679657,0.8463113307952881,0.5906482934951782,0.9050971269607544,0.6183316111564636,1.0986343622207642,0.32933029532432556,2.0107754608034156e-05,0.7025118470191956,0.4277099668979645,0.2377747893333435,0.7273661494255066,0.7296539545059204,0.6357210874557495,0.8734531998634338,0.829583466053009,2.0173935890197754,1.7760210037231445,0.31432679295539856,0.520412802696228,0.7466766238212585,0.4560732841491699,0.7080944776535034,0.3715224266052246,0.37685030698776245,0.3825133740901947,0.49944788217544556,0.7959001660346985,1.2749263048171997,1.9285075664520264,0.6281006932258606,0.8683443665504456,0.30329349637031555,2.02118182182312,1.234541893005371,1.0166759490966797,0.3995290994644165,0.595536470413208,0.3075409233570099,1.9731969833374023,0.5065625905990601,1.918752670288086,0.5075601935386658,0.8579055070877075,1.328779697418213,1.7412813901901245,0.5981637835502625,0.8528656959533691
/p/project1/hai_1252/toulouse1/flexcraft/data/adapt/full_run_seed/2026-06-27_10:57:16_adapt_full_run_c4_3/5BS0+MAVMAPRTLV+TLMSAMTNL+CALSAPNSGN+CASSYSKEGG_0_327.pdb,0.7671054005622864,0.9147467017173767,1.0827738046646118,0.6507502198219299,0.8741135597229004,0.6859725713729858,1.0059452056884766,0.6193332672119141,1.273266077041626,0.8070601224899292,0.7765742540359497,0.7365390658378601,1.0181119441986084,0.6684730648994446,0.8120734095573425,1.2480058670043945,0.7991461753845215,0.9615969657897949,0.8896827697753906,0.7548997402191162,0.8600457906723022,0.7112212777137756,0.8462613224983215,0.8623934984207153,0.8825777769088745,0.697655975818634,0.7280505895614624,1.9854567050933838,0.6019834280014038,0.9532063007354736,0.9401869177818298,0.8647140860557556,1.418076515197754,1.6745765209197998,1.2630815505981445,1.0946388244628906,0.7747157216072083,0.8448021411895752,0.7980763912200928,0.9033664464950562,0.9995983839035034,1.3778449296951294,0.8397894501686096,0.9990213513374329,0.8278260231018066,0.9164347648620605,0.9693583846092224,0.8362531065940857,0.33498069643974304,1.035204529762268,0.8271675705909729,0.7025095820426941,1.204415184474783e-05,0.7052868008613586,0.683350682258606,1.2258278131484985,1.2176728248596191,1.051946759223938,1.0371626615524292,1.035140872001648,2.009211540222168,1.7077962160110474,0.6346961259841919,0.8608294725418091,1.1951767206192017,0.704767107963562,1.0540878772735596,0.8760634064674377,0.9703945517539978,0.8056198358535767,0.6250613927841187,1.1741153001785278,1.5444279909133911,1.6500358581542969,0.9859634637832642,1.0601427555084229,0.7611256837844849,1.7388348579406738,1.4962565898895264,1.111037254333496,0.9121831059455872,0.8575517535209656,0.8987119197845459,1.8109086751937866,0.8175867199897766,1.6404238939285278,0.8168290853500366,1.3331520557403564,1.1452113389968872,1.508312702178955,1.0027607679367065,1.0344457626342773
/p/project1/hai_1252/toulouse1/flexcraft/data/adapt/full_run_seed/2026-06-27_10:57:16_adapt_full_run_c4_3/5BS0+MAVMAPRTLV+TLMSAMTNL+CALSAPNSGN+CASSYSKEGG_0_352.pdb,0.9392946362495422,0.39936453104019165,0.781844437122345,0.45457082986831665,0.4112025797367096,0.2520204484462738,0.775160551071167,0.1537603735923767,1.4465397596359253,0.3172398805618286,0.39885517954826355,0.3424777388572693,0.6082944273948669,1.072098970413208,0.4430049657821655,1.0184036493301392,0.3579520583152771,0.482374906539917,0.38928744196891785,0.7743966579437256,1.0937938690185547,0.5380051136016846,1.0825879573822021,0.23561221361160278,1.1232134103775024,0.6705437898635864,0.207025945186615,1.7938472032546997,0.8268879055976868,0.5182076692581177,0.817797064781189,0.8246267437934875,1.6648305654525757,1.4519023895263672,0.9566945433616638,0.9942921996116638,0.6707389950752258,0.8293004631996155,0.44648781418800354,1.068852424621582,0.5975397229194641,1.5731587409973145,1.159645676612854,0.8154531121253967,0.7472169995307922,0.9582328200340271,0.7221553921699524,1.088341474533081,0.5629513263702393,0.8430678844451904,0.35792770981788635,0.42771050333976746,0.7052872180938721,1.6142936146934517e-05,0.2666115164756775,0.8737110495567322,0.8787954449653625,0.7091283202171326,1.175709843635559,0.6239476203918457,1.8803921937942505,1.6564172506332397,0.2539835274219513,0.6909654140472412,0.8992758989334106,0.2728455364704132,0.7227153778076172,0.4766199290752411,0.4888586401939392,0.27617403864860535,0.3296131193637848,0.7808906435966492,1.166212797164917,2.005976438522339,0.7230374217033386,1.187017798423767,0.522662341594696,2.1105754375457764,1.1209098100662231,1.2792608737945557,0.3913983702659607,0.5809239745140076,0.5056366324424744,1.859078049659729,0.27635401487350464,1.9783037900924683,0.6807306408882141,0.9638829231262207,1.4831604957580566,1.8042607307434082,0.789043128490448,0.605642557144165
/p/project1/hai_1252/toulouse1/flexcraft/data/adapt/full_run_seed/2026-06-27_10:57:16_adapt_full_run_c4_3/5BS0+MAVMAPRTLV+TLMSAMTNL+CALSAPNSGN+CASSYSKEGG_0_351.pdb,0.7807671427726746,0.3079993724822998,0.7003303170204163,0.2556789219379425,0.2605692148208618,0.3205631971359253,0.8812662959098816,0.2621329128742218,1.4209527969360352,0.4066370129585266,0.25116732716560364,0.12296703457832336,0.4684334397315979,0.9644055366516113,0.28721562027931213,1.1636298894882202,0.2763233482837677,0.35923537611961365,0.2670890688896179,0.656867504119873,0.9177381992340088,0.5648616552352905,1.0490772724151611,0.294723778963089,0.9750195741653442,0.5194905996322632,0.28054720163345337,1.8756380081176758,0.8491295576095581,0.36516085267066956,0.8977293372154236,0.6399461030960083,1.6403181552886963,1.4838664531707764,0.8213077187538147,0.851624608039856,0.5241592526435852,0.6368686556816101,0.3181345760822296,0.943792998790741,0.46935519576072693,1.5525712966918945,1.0194127559661865,0.6592122912406921,0.5857831835746765,0.8772194981575012,0.5993450284004211,0.93760085105896,0.551384687423706,0.9820063710212708,0.30911052227020264,0.23777540028095245,0.6833443641662598,0.26661261916160583,7.077893314999528e-06,0.7523064017295837,0.7559705972671509,0.643724262714386,0.9910227060317993,0.7322251200675964,1.9391027688980103,1.7164891958236694,0.14838489890098572,0.5422953963279724,0.7800774574279785,0.32517144083976746,0.6978234052658081,0.35353612899780273,0.36511996388435364,0.2771005630493164,0.3775063753128052,0.7707234621047974,1.2093554735183716,1.9647619724273682,0.6368520259857178,0.9950363636016846,0.3601054549217224,2.057863473892212,1.1624870300292969,1.1106804609298706,0.3253690302371979,0.518753170967102,0.33938470482826233,1.9161003828048706,0.363171249628067,1.945058822631836,0.5289553999900818,0.8659529685974121,1.353014349937439,1.766413688659668,0.6346157193183899,0.7382113933563232
/p/project1/hai_1252/toulouse1/flexcraft/data/adapt/full_run_seed/2026-06-27_10:57:16_adapt_full_run_c4_3/5BS0+MAVMAPRTLV+TLMSAMTNL+CALSAPNSGN+CASSYSKEGG_0_338.pdb,0.8960000872612,0.6087104678153992,0.6677462458610535,0.8077021241188049,0.563097357749939,0.9725013971328735,1.1557790040969849,0.9427899718284607,1.4854263067245483,0.9503778219223022,0.5957961678504944,0.7116839289665222,0.3650580644607544,1.421191692352295,0.5812388062477112,1.4460188150405884,0.8153036832809448,0.4801063537597656,0.5705599188804626,0.7386248707771301,1.0731667280197144,0.8544676303863525,1.2145024538040161,0.731590211391449,1.1068379878997803,0.725311815738678,0.8572968244552612,1.6940207481384277,1.2761025428771973,0.4756568670272827,1.348146677017212,0.6728489398956299,1.721850037574768,1.2158102989196777,0.5061362385749817,0.6106603145599365,0.6302911043167114,0.719314694404602,0.7700656056404114,1.0375559329986572,0.36610883474349976,1.5753796100616455,1.2851675748825073,0.5401648283004761,0.6189457774162292,1.0986790657043457,0.49924352765083313,1.158856749534607,1.1524696350097656,1.313905954360962,0.6882579326629639,0.7273709177970886,1.2258225679397583,0.8737171292304993,0.7523062229156494,1.7002230379148386e-05,0.1380511224269867,0.6283359527587891,0.9830334782600403,1.1351181268692017,1.7572976350784302,1.6205674409866333,0.8659389019012451,0.5388298630714417,0.4842948913574219,0.9585732817649841,0.7354406714439392,0.4580318033695221,0.47592559456825256,0.7427526116371155,1.0718438625335693,0.6973138451576233,0.9598725438117981,2.086855411529541,0.7346904873847961,1.0041515827178955,0.6249623894691467,2.2105729579925537,0.9357029795646667,1.1226859092712402,0.5758817195892334,0.6538940668106079,0.46734148263931274,1.889278531074524,0.8750415444374084,2.066742181777954,0.5934815406799316,0.19602753221988678,1.6997450590133667,1.852844476699829,0.4895157217979431,1.0313364267349243
/p/project1/hai_1252/toulouse1/flexcraft/data/adapt/full_run_seed/2026-06-27_10:57:16_adapt_full_run_c4_3/5BS0+MAVMAPRTLV+TLMSAMTNL+CALSAPNSGN+CASSYSKEGG_0_366.pdb,0.8793240189552307,0.6230337619781494,0.6793615818023682,0.80692058801651,0.5765794515609741,0.9790533781051636,1.1780455112457275,0.9463499784469604,1.4527841806411743,0.9654362797737122,0.5950025916099548,0.7192673683166504,0.3871118128299713,1.4051017761230469,0.5874157547950745,1.4712862968444824,0.8233093619346619,0.49881279468536377,0.5886142253875732,0.7206668257713318,1.0569161176681519,0.8654692769050598,1.199629306793213,0.7472428679466248,1.0885194540023804,0.714184045791626,0.8636948466300964,1.685188889503479,1.2629976272583008,0.4913153350353241,1.3568403720855713,0.6665737628936768,1.686181902885437,1.204281210899353,0.5505712628364563,0.5919156074523926,0.6137718558311462,0.6971969604492188,0.7936325073242188,1.00466787815094,0.3845728039741516,1.538462519645691,1.2672351598739624,0.5249154567718506,0.6094326972961426,1.096274733543396,0.517355740070343,1.1420623064041138,1.1453640460968018,1.331952452659607,0.7051402926445007,0.729642391204834,1.217679738998413,0.878795862197876,0.7559618353843689,0.13804848492145538,1.0347793249820825e-05,0.6395249962806702,0.9599402546882629,1.1531918048858643,1.7456187009811401,1.58028244972229,0.8704395294189453,0.5243227481842041,0.486598938703537,0.9661134481430054,0.7540602684020996,0.4648261070251465,0.4959560036659241,0.7490928769111633,1.0765278339385986,0.736136257648468,0.9504818320274353,2.055140972137451,0.7516409158706665,0.9863106608390808,0.6174004077911377,2.185300827026367,0.9264623522758484,1.1022180318832397,0.600561797618866,0.6760947704315186,0.4733108878135681,1.848219871520996,0.8871377110481262,2.0332162380218506,0.5882235765457153,0.1995871365070343,1.686078667640686,1.817631721496582,0.49621471762657166,1.0583122968673706
/p/project1/hai_1252/toulouse1/flexcraft/data/adapt/full_run_seed/2026-06-27_10:57:16_adapt_full_run_c4_3/5BS0+MAVMAPRTLV+TLMSAMTNL+CALSAPNSGN+CASSYSKEGG_0_437.pdb,0.9392421245574951,0.5773329138755798,0.17578992247581482,0.7527444362640381,0.5368426442146301,0.7466363310813904,0.9003440141677856,0.7521005868911743,1.4392298460006714,0.6722424030303955,0.5832557678222656,0.6156226396560669,0.5040137767791748,1.3215112686157227,0.5483922958374023,1.1342747211456299,0.6358808875083923,0.5171379446983337,0.528235912322998,0.6720937490463257,1.118910312652588,0.6995948553085327,1.2596443891525269,0.6031107306480408,1.1468480825424194,0.629581868648529,0.6549372673034668,1.6602648496627808,1.059795618057251,0.5258902311325073,1.0288695096969604,0.6805729269981384,1.6864820718765259,1.2666053771972656,0.5060562491416931,0.8609529137611389,0.6207132935523987,0.7779495716094971,0.5682590007781982,1.1128426790237427,0.5025074481964111,1.5437144041061401,1.2542375326156616,0.6489376425743103,0.6148567795753479,0.8983259797096252,0.5020636916160583,1.1772503852844238,0.938190758228302,1.0284175872802734,0.49597400426864624,0.6357308030128479,1.0519415140151978,0.7091289162635803,0.6437315344810486,0.6283369064331055,0.639525830745697,1.1242132131883409e-05,1.1049902439117432,0.820363461971283,1.7578537464141846,1.5838267803192139,0.6919150352478027,0.5542744994163513,0.4027954041957855,0.7283119559288025,0.3898018002510071,0.505621612071991,0.5065413117408752,0.6255099773406982,0.8253437280654907,0.3796745836734772,0.9267420172691345,2.055258274078369,0.2497110217809677,1.100807785987854,0.5853542685508728,2.1973464488983154,0.8817100524902344,1.232153058052063,0.5152086615562439,0.538953423500061,0.5292729139328003,1.869785189628601,0.6756928563117981,2.0357964038848877,0.5826084017753601,0.7049211859703064,1.6927443742752075,1.8354620933532715,0.5846996903419495,0.7905122637748718
/p/project1/hai_1252/toulouse1/flexcraft/data/adapt/full_run_seed/2026-06-27_10:57:16_adapt_full_run_c4_3/5BS0+MAVMAPRTLV+TLMSAMTNL+CALSAPNSGN+CASSYSKEGG_0_254.pdb,0.5163572430610657,1.0677168369293213,1.0893208980560303,0.860097348690033,0.9788059592247009,1.2106815576553345,1.5155608654022217,1.1368110179901123,1.2027722597122192,1.2893980741500854,0.9091053009033203,0.9596493244171143,0.9528719186782837,0.8836758732795715,0.888512134552002,1.809301495552063,1.1421035528182983,1.0137145519256592,1.0268510580062866,0.6500051021575928,0.47644197940826416,1.169050931930542,1.0027168989181519,1.1783936023712158,0.5721161961555481,0.6647358536720276,1.1747151613235474,2.131649971008301,1.1255782842636108,0.9585731625556946,1.4741867780685425,0.5452008247375488,1.3373292684555054,1.677029013633728,1.0211796760559082,0.7211489081382751,0.691679835319519,0.5645498633384705,1.0555745363235474,0.49886059761047363,0.9403008818626404,1.3615747690200806,0.7201472520828247,0.7818453907966614,0.6086098551750183,0.9774916768074036,0.9039910435676575,0.6662048101425171,1.0736773014068604,1.6167811155319214,1.0768847465515137,0.8734541535377502,1.0371639728546143,1.1757076978683472,0.9910204410552979,0.9830332398414612,0.9599419236183167,1.10499107837677,7.605950031575048e-06,1.5470365285873413,2.0917463302612305,1.840419054031372,1.058074951171875,0.7406818270683289,0.9952259063720703,1.2157673835754395,1.1812528371810913,0.9401710033416748,1.0188920497894287,1.1278085708618164,1.206246018409729,1.2837871313095093,1.6289998292922974,1.6302040815353394,1.06937837600708,0.18577156960964203,0.7572557926177979,1.7176405191421509,1.6176114082336426,0.38626259565353394,1.092631459236145,1.055868148803711,0.8883799314498901,1.974858283996582,1.2566946744918823,1.6455637216567993,0.741357147693634,1.080762267112732,1.1527026891708374,1.4736579656600952,0.8266545534133911,1.5098503828048706
/p/project1/hai_1252/toulouse1/flexcraft/data/adapt/full_run_seed/2026-06-27_10:57:16_adapt_full_run_c4_3/5BS0+MAVMAPRTLV+TLMSAMTNL+CALSAPNSGN+CASSYSKEGG_0_570.pdb,1.305633783340454,0.7508618235588074,0.8767766356468201,0.9111226201057434,0.7639991641044617,0.550724446773529,0.7413326501846313,0.6646848917007446,1.6552178859710693,0.4287060797214508,0.8385827541351318,0.7552698850631714,0.9144980907440186,1.4537577629089355,0.8173391819000244,0.8338053226470947,0.5964251160621643,0.8083645701408386,0.7310222387313843,1.1002620458602905,1.4769530296325684,0.7459143400192261,1.4659353494644165,0.6061479449272156,1.4768264293670654,0.97674959897995,0.5446388125419617,1.7448292970657349,1.0514206886291504,0.8478866219520569,0.6733603477478027,1.1479358673095703,1.8857648372650146,1.4570389986038208,1.0640732049942017,1.3092834949493408,1.0217076539993286,1.2039600610733032,0.6807478070259094,1.4491063356399536,0.8952869772911072,1.8422061204910278,1.5263563394546509,1.1404144763946533,1.0716910362243652,1.1749368906021118,0.9657977223396301,1.484609603881836,0.8946211338043213,0.7841223478317261,0.6114987134933472,0.8295838832855225,1.035138726234436,0.6239492297172546,0.7322261929512024,1.1351168155670166,1.1532018184661865,0.8203675150871277,1.5470361709594727,5.084095846541459e-06,1.8775737285614014,1.7925162315368652,0.6816703081130981,0.9875763058662415,1.063723087310791,0.5411398410797119,0.8340641856193542,0.8271785378456116,0.8035216331481934,0.6475043892860413,0.611147403717041,0.774954617023468,1.1408884525299072,2.3173024654388428,0.8470263481140137,1.5483336448669434,0.8857263326644897,2.444030284881592,1.1187835931777954,1.6293402910232544,0.6919010281562805,0.7577333450317383,0.8754204511642456,2.046788454055786,0.5243356227874756,2.2847421169281006,0.9799835085868835,1.2059134244918823,1.8347066640853882,2.113816261291504,1.0672955513000488,0.5853593349456787
/p/project1/hai_1252/toulouse1/flexcraft/data/adapt/full_run_seed/2026-06-27_10:57:16_adapt_full_run_c4_3/5BS0+MAVMAPRTLV+TLMSAMTNL+CALSAPNSGN+CASSYSKEGG_0_408.pdb,1.8941015005111694,1.9349076747894287,1.8138078451156616,2.037931203842163,1.897592544555664,1.9349768161773682,1.6301053762435913,1.9370181560516357,1.6375304460525513,1.906991958618164,1.886738896369934,1.9636051654815674,1.8455392122268677,2.305391311645508,1.9181751012802124,1.6911336183547974,1.953518271446228,1.891394019126892,1.8910503387451172,1.7042946815490723,2.0961663722991943,1.6235969066619873,1.7933155298233032,1.877402424812317,1.9742976427078247,1.841367483139038,1.8824008703231812,0.5626259446144104,1.7777118682861328,1.9037656784057617,1.9795827865600586,1.8826441764831543,1.6343040466308594,0.708043098449707,1.8642516136169434,1.7334309816360474,1.7749223709106445,1.964138388633728,1.919756531715393,1.9085525274276733,1.8056244850158691,1.6965399980545044,2.1380975246429443,1.8391757011413574,1.7924848794937134,1.8943687677383423,1.754758596420288,2.096705675125122,1.9738770723342896,1.6733506917953491,1.8773773908615112,2.0173795223236084,2.0092155933380127,1.8803989887237549,1.9391010999679565,1.757293939590454,1.7456178665161133,1.7578524351119995,2.0917532444000244,1.877573013305664,1.125636845245026e-05,0.970517098903656,1.9601223468780518,1.7452744245529175,1.752814769744873,1.9653345346450806,1.7503005266189575,1.794887661933899,1.8833441734313965,1.884158968925476,1.9949146509170532,1.705260992050171,1.30036461353302,2.26802921295166,1.8395084142684937,2.1806328296661377,1.868464708328247,2.5027854442596436,1.3140627145767212,2.057082414627075,1.8349543809890747,1.6849342584609985,1.877008318901062,1.1830247640609741,1.8892346620559692,2.202030897140503,1.7909963130950928,1.7207145690917969,2.519268751144409,2.017003297805786,1.8098057508468628,1.7427796125411987
/p/project1/hai_1252/toulouse1/flexcraft/data/adapt/full_run_seed/2026-06-27_10:57:16_adapt_full_run_c4_3/5BS0+MAVMAPRTLV+TLMSAMTNL+CALSAPNSGN+CASSYSKEGG_0_209.pdb,1.6462433338165283,1.7372111082077026,1.6284139156341553,1.8036845922470093,1.7116740942001343,1.7566978931427002,1.523436427116394,1.696252465248108,1.3574565649032593,1.759230375289917,1.6396143436431885,1.757671594619751,1.6563470363616943,1.9918720722198486,1.6994187831878662,1.634765863418579,1.7857319116592407,1.702744722366333,1.7061437368392944,1.4727920293807983,1.8380177021026611,1.438846468925476,1.51161789894104,1.6934843063354492,1.763441801071167,1.5879873037338257,1.6957155466079712,0.8924274444580078,1.5494316816329956,1.7108708620071411,1.8088607788085938,1.6667392253875732,1.44887113571167,1.0007473230361938,1.7506275177001953,1.56383216381073,1.559273600578308,1.7162590026855469,1.7550203800201416,1.6841249465942383,1.626511573791504,1.288821816444397,1.8767811059951782,1.6426594257354736,1.575099229812622,1.772566556930542,1.6014117002487183,1.819867730140686,1.6805318593978882,1.5524239540100098,1.7090965509414673,1.7760214805603027,1.7077845335006714,1.6564130783081055,1.7165027856826782,1.6205650568008423,1.5802849531173706,1.5838261842727661,1.8404185771942139,1.7925163507461548,0.9705180525779724,1.5641691788914613e-05,1.7381067276000977,1.5611332654953003,1.6223251819610596,1.7832947969436646,1.5697067975997925,1.583536982536316,1.702813744544983,1.6893972158432007,1.7961591482162476,1.6135579347610474,1.2316447496414185,1.837456226348877,1.6682761907577515,1.9178977012634277,1.6515223979949951,2.0917694568634033,1.1814407110214233,1.8953633308410645,1.6628456115722656,1.5349700450897217,1.6642273664474487,0.4408537745475769,1.71947181224823,1.7744910717010498,1.5956467390060425,1.5880898237228394,2.3012783527374268,1.6040955781936646,1.657206416130066,1.6327952146530151
/p/project1/hai_1252/toulouse1/flexcraft/data/adapt/full_run_seed/2026-06-27_10:57:16_adapt_full_run_c4_3/5BS0+MAVMAPRTLV+TLMSAMTNL+CALSAPNSGN+CASSYSKEGG_0_445.pdb,0.826683521270752,0.41138049960136414,0.7479701638221741,0.29885828495025635,0.37150079011917114,0.23302164673805237,0.8537833094596863,0.1979472041130066,1.4470129013061523,0.3467698097229004,0.36142539978027344,0.19896285235881805,0.5793413519859314,0.9371212720870972,0.3966006338596344,1.1216152906417847,0.2828406095504761,0.4722633361816406,0.37213975191116333,0.7143455743789673,0.9514895677566528,0.5616140961647034,1.0778419971466064,0.34715402126312256,1.0051414966583252,0.5652072429656982,0.25428953766822815,1.8990733623504639,0.8140456676483154,0.4753817319869995,0.8531907200813293,0.708037793636322,1.6577802896499634,1.5283098220825195,0.9016962051391602,0.9429876804351807,0.5946405529975891,0.7033346891403198,0.3140256106853485,0.9972020983695984,0.5780845880508423,1.5798165798187256,1.0200271606445312,0.7404891848564148,0.6568945646286011,0.877983570098877,0.674081563949585,0.9529168605804443,0.4732188284397125,0.9408878087997437,0.3630792796611786,0.3143254816532135,0.6346950531005859,0.2539825737476349,0.14837683737277985,0.8659451007843018,0.8704428672790527,0.6919153332710266,1.0580741167068481,0.6816703677177429,1.9601261615753174,1.7381083965301514,1.2054617400281131e-05,0.6209633946418762,0.8582824468612671,0.25090786814689636,0.7272387146949768,0.46243202686309814,0.47690391540527344,0.32710060477256775,0.26353657245635986,0.8035276532173157,1.2610329389572144,1.974381923675537,0.6609002351760864,1.059474229812622,0.44439539313316345,2.0627400875091553,1.2094825506210327,1.1654794216156006,0.41166064143180847,0.5613052845001221,0.4565243422985077,1.9272761344909668,0.3467503786087036,1.9528748989105225,0.5966691374778748,0.9778715372085571,1.3334403038024902,1.7821550369262695,0.7164560556411743,0.7227275371551514
/p/project1/hai_1252/toulouse1/flexcraft/data/adapt/full_run_seed/2026-06-27_10:57:16_adapt_full_run_c4_3/5BS0+MAVMAPRTLV+TLMSAMTNL+CALSAPNSGN+CASSYSKEGG_0_270.pdb,0.5294854640960693,0.5695863962173462,0.6180993914604187,0.5285982489585876,0.4576469361782074,0.7320687770843506,1.0363997220993042,0.7059162855148315,1.2473070621490479,0.7506691813468933,0.4634682834148407,0.5159366130828857,0.46231144666671753,1.0193756818771362,0.4490455687046051,1.3170384168624878,0.649314284324646,0.48799267411231995,0.4993003308773041,0.3685027062892914,0.7086371183395386,0.6299615502357483,1.0012524127960205,0.6326755285263062,0.7381284236907959,0.3367018699645996,0.6539334058761597,1.7250115871429443,0.9433798789978027,0.476893812417984,1.126365303993225,0.30563005805015564,1.4528640508651733,1.2720304727554321,0.6020312309265137,0.572535514831543,0.16510675847530365,0.3528014123439789,0.5769755244255066,0.7551915049552917,0.4291650652885437,1.4097644090652466,0.8954570293426514,0.3442942500114441,0.20886047184467316,0.7977418899536133,0.3176906704902649,0.7903913259506226,0.8064271211624146,1.151670217514038,0.5470865964889526,0.520409882068634,0.8608187437057495,0.690965473651886,0.54229736328125,0.5388350486755371,0.5243289470672607,0.5542746782302856,0.7406852841377258,0.9875725507736206,1.7452701330184937,1.5611348152160645,0.6209685802459717,9.218956620316021e-06,0.4641546308994293,0.7232128381729126,0.658462405204773,0.42565301060676575,0.4851616621017456,0.5983774065971375,0.791607141494751,0.7046716213226318,1.1008471250534058,1.8617013692855835,0.5836105346679688,0.7782443761825562,0.38048598170280457,1.9814136028289795,1.0742992162704468,0.8818038702011108,0.5247423648834229,0.4859875738620758,0.4134558141231537,1.78286874294281,0.7101080417633057,1.8431791067123413,0.15258823335170746,0.6412692666053772,1.3458551168441772,1.6429996490478516,0.30331894755363464,0.9559653997421265
/p/project1/hai_1252/toulouse1/flexcraft/data/adapt/full_run_seed/2026-06-27_10:57:16_adapt_full_run_c4_3/5BS0+MAVMAPRTLV+TLMSAMTNL+CALSAPNSGN+CASSYSKEGG_0_313.pdb,0.851263701915741,0.6874209642410278,0.4613024592399597,0.8266473412513733,0.6174108386039734,0.9417130947113037,1.1437188386917114,0.9399477243423462,1.485044002532959,0.8893190026283264,0.6798718571662903,0.7345854043960571,0.5086492896080017,1.3618539571762085,0.6369160413742065,1.3940069675445557,0.8053673505783081,0.5778232216835022,0.636709988117218,0.640247106552124,1.0231536626815796,0.8420225381851196,1.3078277111053467,0.775229811668396,1.0479727983474731,0.6643775701522827,0.8479195833206177,1.701241374015808,1.220366358757019,0.5781404972076416,1.2680003643035889,0.5880006551742554,1.7097235918045044,1.243356466293335,0.404055118560791,0.7091910243034363,0.5683256983757019,0.6649002432823181,0.7201064229011536,1.0650519132614136,0.5096892714500427,1.5959804058074951,1.2053086757659912,0.47658807039260864,0.5327228307723999,0.9924224615097046,0.43755871057510376,1.1082684993743896,1.1031807661056519,1.2854682207107544,0.6714270114898682,0.7466751337051392,1.1951720714569092,0.8992698788642883,0.7800785899162292,0.48429590463638306,0.48660147190093994,0.4027933180332184,0.9952250123023987,1.063720941543579,1.7528140544891357,1.6223232746124268,0.8582864999771118,0.4641580581665039,2.6839948986889794e-05,0.923157811164856,0.6349963545799255,0.5809377431869507,0.5650365948677063,0.7818728089332581,1.0207792520523071,0.5691373944282532,0.9966358542442322,2.1054303646087646,0.5010704398155212,1.0120787620544434,0.6458135843276978,2.24517560005188,0.9543989300727844,1.1306052207946777,0.6413007378578186,0.6347742080688477,0.5626175403594971,1.9015989303588867,0.873214840888977,2.088369846343994,0.5247704982757568,0.5526766180992126,1.6528769731521606,1.876172661781311,0.4222681522369385,1.0316264629364014
/p/project1/hai_1252/toulouse1/flexcraft/data/adapt/full_run_seed/2026-06-27_10:57:16_adapt_full_run_c4_3/5BS0+MAVMAPRTLV+TLMSAMTNL+CALSAPNSGN+CASSYSKEGG_0_595.pdb,0.9646492004394531,0.4778989851474762,0.8061090111732483,0.4589294493198395,0.4576037526130676,0.11683753877878189,0.8183550238609314,0.2714126706123352,1.5328198671340942,0.1860782355070114,0.49972471594810486,0.3690304160118103,0.6995554566383362,1.0565673112869263,0.5073369741439819,1.0429894924163818,0.28093865513801575,0.5574958324432373,0.4564140737056732,0.8243211507797241,1.1065303087234497,0.5973661541938782,1.1738379001617432,0.34432297945022583,1.1311324834823608,0.6969084739685059,0.1471404880285263,1.888482928276062,0.8635358214378357,0.5973812341690063,0.7983219027519226,0.8511469960212708,1.7421656847000122,1.5378533601760864,0.9829360842704773,1.0556297302246094,0.7078187465667725,0.8493158221244812,0.4326966106891632,1.1113566160202026,0.6828787922859192,1.6794856786727905,1.1524732112884521,0.8457204103469849,0.7825507521629333,0.9424219131469727,0.7528694868087769,1.0992214679718018,0.543626070022583,0.8791126012802124,0.37169429659843445,0.45607542991638184,0.7047713398933411,0.27284687757492065,0.32517382502555847,0.9585748314857483,0.9661092758178711,0.7283089756965637,1.2157695293426514,0.5411393642425537,1.9653416872024536,1.7833045721054077,0.25090858340263367,0.7232164740562439,0.9231470227241516,9.469908945902716e-06,0.7600034475326538,0.5698167085647583,0.5586782097816467,0.307892382144928,0.20764538645744324,0.8054555654525757,1.2594921588897705,2.0900113582611084,0.7223266959190369,1.2251731157302856,0.5686888098716736,2.182133436203003,1.2204313278198242,1.3106633424758911,0.46479687094688416,0.6248789429664612,0.5891813635826111,1.9860762357711792,0.23879334330558777,2.0634477138519287,0.7043294906616211,1.0572609901428223,1.4429377317428589,1.893690824508667,0.8096287846565247,0.6677975654602051
/p/project1/hai_1252/toulouse1/flexcraft/data/adapt/full_run_seed/2026-06-27_10:57:16_adapt_full_run_c4_3/5BS0+MAVMAPRTLV+TLMSAMTNL+CALSAPNSGN+CASSYSKEGG_0_377.pdb,0.9992157816886902,0.6635276675224304,0.4141964614391327,0.8083502650260925,0.628681480884552,0.7678217887878418,0.8860467076301575,0.7684866189956665,1.4617130756378174,0.7036199569702148,0.6549172401428223,0.675518274307251,0.6149311065673828,1.3488985300064087,0.6321350336074829,1.0993322134017944,0.6987922787666321,0.6205912232398987,0.6130430698394775,0.7792439460754395,1.1790755987167358,0.725560188293457,1.2357996702194214,0.6501316428184509,1.1931500434875488,0.7129706144332886,0.6879341006278992,1.653717041015625,1.0725678205490112,0.6185054183006287,1.048169732093811,0.7953917384147644,1.6947031021118164,1.2874360084533691,0.6466026306152344,0.9225646257400513,0.7020988464355469,0.8700437545776367,0.6583711504936218,1.1577421426773071,0.6010803580284119,1.5619295835494995,1.29472017288208,0.7458208799362183,0.7249158024787903,0.7860169410705566,0.5964528322219849,1.219009518623352,0.9508081078529358,0.993624210357666,0.5680614113807678,0.7080909013748169,1.0540845394134521,0.7227148413658142,0.697827935218811,0.7354410886764526,0.7540591955184937,0.38980138301849365,1.181251883506775,0.834061324596405,1.7503021955490112,1.5697077512741089,0.7272385954856873,0.6584625840187073,0.6350031495094299,0.760002613067627,1.4588697922590654e-05,0.5878936648368835,0.6137949228286743,0.6741023063659668,0.8453301787376404,0.4419263005256653,0.9137293696403503,2.0619587898254395,0.45488545298576355,1.17695152759552,0.6651082634925842,2.1948602199554443,0.9328305721282959,1.2934327125549316,0.5952739119529724,0.6241912245750427,0.6309646964073181,1.8490355014801025,0.7123136520385742,2.0387144088745117,0.6705284118652344,0.793022632598877,1.7151707410812378,1.847251057624817,0.6869564056396484,0.7901405096054077
/p/project1/hai_1252/toulouse1/flexcraft/data/adapt/full_run_seed/2026-06-27_10:57:16_adapt_full_run_c4_3/5BS0+MAVMAPRTLV+TLMSAMTNL+CALSAPNSGN+CASSYSKEGG_0_339.pdb,0.773876965045929,0.28523823618888855,0.5539714097976685,0.48119109869003296,0.2418435662984848,0.5805395841598511,0.9020592570304871,0.5358640551567078,1.3666114807128906,0.5899204015731812,0.21294976770877838,0.34231001138687134,0.21971897780895233,1.1488453149795532,0.2431345134973526,1.1952860355377197,0.44888967275619507,0.2145981788635254,0.22932474315166473,0.5904114246368408,0.9545062184333801,0.5690769553184509,1.0538458824157715,0.3717089891433716,1.0037652254104614,0.5018156170845032,0.4681360125541687,1.7122657299041748,0.9618419408798218,0.19381065666675568,1.0140624046325684,0.5619572997093201,1.6145968437194824,1.2903074026107788,0.6081494688987732,0.6940056681632996,0.4708966910839081,0.6150524020195007,0.4365905523300171,0.9275733232498169,0.19677501916885376,1.4783660173416138,1.1252135038375854,0.5469620227813721,0.4904974699020386,0.9230953454971313,0.45177289843559265,1.016069769859314,0.7803774476051331,1.035158395767212,0.3465884327888489,0.3715163767337799,0.8760616779327393,0.4766152501106262,0.35353565216064453,0.45803308486938477,0.4648321866989136,0.5056202411651611,0.9401730895042419,0.8271754384040833,1.7948901653289795,1.5835380554199219,0.46241918206214905,0.42565295100212097,0.580935001373291,0.5697992444038391,0.5878939628601074,1.6927757314988412e-05,0.22511664032936096,0.3763352930545807,0.6694040298461914,0.6190809011459351,1.0094754695892334,1.9559301137924194,0.5734567642211914,0.9474501609802246,0.29693254828453064,2.07366681098938,0.963537871837616,1.0788369178771973,0.2597624361515045,0.4083321988582611,0.1694735288619995,1.8216503858566284,0.5107400417327881,1.932889699935913,0.4558039903640747,0.5729948878288269,1.5215721130371094,1.7359806299209595,0.50068598985672,0.7562375664710999
/p/project1/hai_1252/toulouse1/flexcraft/data/adapt/full_run_seed/2026-06-27_10:57:16_adapt_full_run_c4_3/5BS0+MAVMAPRTLV+TLMSAMTNL+CALSAPNSGN+CASSYSKEGG_0_180.pdb,0.8657605648040771,0.17188100516796112,0.56793212890625,0.49339795112609863,0.14222994446754456,0.5756452679634094,0.9519621729850769,0.5589242577552795,1.4828479290008545,0.5568966269493103,0.2715208828449249,0.3297654688358307,0.19885759055614471,1.2131211757659912,0.2365850955247879,1.2295583486557007,0.4200878143310547,0.03863513469696045,0.1290716826915741,0.6939786672592163,1.0281541347503662,0.6621804237365723,1.181865930557251,0.32116812467575073,1.0843310356140137,0.590324878692627,0.46495363116264343,1.7968449592590332,1.0603601932525635,0.14565446972846985,1.0275667905807495,0.6285233497619629,1.7336399555206299,1.3733268976211548,0.5835328102111816,0.7651042938232422,0.5416693687438965,0.6623439788818359,0.43324702978134155,1.0302824974060059,0.233350932598114,1.6238285303115845,1.1931580305099487,0.5664928555488586,0.566866397857666,0.9832705855369568,0.47264036536216736,1.0882103443145752,0.857043445110321,1.0837087631225586,0.30169665813446045,0.37684759497642517,0.9703907370567322,0.4888570308685303,0.3651164770126343,0.4759249687194824,0.4959537088871002,0.5065409541130066,1.0188884735107422,0.8035240173339844,1.8833436965942383,1.7028111219406128,0.47689583897590637,0.48516151309013367,0.5650365948677063,0.5586705803871155,0.61379474401474,0.22511443495750427,2.1007414034102112e-05,0.3551423251628876,0.6766358613967896,0.6144955158233643,1.0392146110534668,2.0997743606567383,0.5921400785446167,1.019703984260559,0.3930838108062744,2.210927963256836,1.0060958862304688,1.1613024473190308,0.17991848289966583,0.48568639159202576,0.1670798659324646,1.9513587951660156,0.486275851726532,2.081531286239624,0.5062924027442932,0.5871468186378479,1.569530963897705,1.8843134641647339,0.5119438171386719,0.7633024454116821
/p/project1/hai_1252/toulouse1/flexcraft/data/adapt/full_run_seed/2026-06-27_10:57:16_adapt_full_run_c4_3/5BS0+MAVMAPRTLV+TLMSAMTNL+CALSAPNSGN+CASSYSKEGG_0_372.pdb,0.9102040529251099,0.2874521315097809,0.7122845649719238,0.4385449290275574,0.2793462872505188,0.3358461856842041,0.833007276058197,0.3651832938194275,1.4767835140228271,0.33964845538139343,0.33163708448410034,0.31460732221603394,0.5033681392669678,1.1338021755218506,0.3349912762641907,1.091057300567627,0.3222373127937317,0.3517756760120392,0.27329790592193604,0.7416344881057739,1.0756794214248657,0.5773159265518188,1.1208323240280151,0.20120690762996674,1.1078218221664429,0.6390387415885925,0.2035665065050125,1.7977359294891357,0.9418016672134399,0.4112052619457245,0.9052574634552002,0.7603296637535095,1.7081979513168335,1.417965054512024,0.8431562185287476,0.9014622569084167,0.6006684899330139,0.7605729103088379,0.45354214310646057,1.0370960235595703,0.4843132793903351,1.6103836297988892,1.1805419921875,0.7093831300735474,0.6772379279136658,0.9654848575592041,0.6223210692405701,1.0950852632522583,0.6802124381065369,0.9227898716926575,0.2620384693145752,0.3825092315673828,0.8056154251098633,0.27616941928863525,0.277095764875412,0.7427588701248169,0.7490997910499573,0.625511109828949,1.1278094053268433,0.6474997997283936,1.8841625452041626,1.68940269947052,0.3270990550518036,0.5983744263648987,0.7818772196769714,0.30789563059806824,0.6741024255752563,0.37632986903190613,0.35514315962791443,7.3721307671803515e-06,0.4512254595756531,0.709365963935852,1.1110796928405762,2.0617852210998535,0.6820614337921143,1.1410185098648071,0.4440622627735138,2.1659765243530273,1.0779176950454712,1.2475558519363403,0.27860403060913086,0.5392372012138367,0.40058812499046326,1.9132059812545776,0.199083149433136,2.0343756675720215,0.6011021137237549,0.8329562544822693,1.5133250951766968,1.8501238822937012,0.6758784651756287,0.6549940705299377
/p/project1/hai_1252/toulouse1/flexcraft/data/adapt/full_run_seed/2026-06-27_10:57:16_adapt_full_run_c4_3/5BS0+MAVMAPRTLV+TLMSAMTNL+CALSAPNSGN+CASSYSKEGG_0_630.pdb,0.9533650875091553,0.5901241898536682,0.8879041075706482,0.47489216923713684,0.5664196014404297,0.16178080439567566,0.8608808517456055,0.24934110045433044,1.5091968774795532,0.30420514941215515,0.57143634557724,0.4275020658969879,0.7971622347831726,0.9658976793289185,0.5908635854721069,1.075105905532837,0.3855443000793457,0.6737669110298157,0.5672681927680969,0.843745231628418,1.0758790969848633,0.6469736099243164,1.151914358139038,0.4721221923828125,1.0976425409317017,0.7131792306900024,0.29819366335868835,1.9324506521224976,0.7958385944366455,0.6922019124031067,0.7725456357002258,0.8819327354431152,1.6961019039154053,1.5971314907073975,1.074581265449524,1.1024086475372314,0.7556041479110718,0.8753053545951843,0.4682701826095581,1.095630407333374,0.7875074148178101,1.6589221954345703,1.0900685787200928,0.9166837334632874,0.8245201110839844,0.9263737201690674,0.841475784778595,1.0544456243515015,0.4530671238899231,0.9074236154556274,0.49136611819267273,0.4994463324546814,0.625059962272644,0.3296099603176117,0.37750324606895447,1.0718449354171753,1.0765408277511597,0.8253532648086548,1.2062492370605469,0.6111487746238708,1.9949209690093994,1.796168565750122,0.26353543996810913,0.7916017770767212,1.0207874774932861,0.20764124393463135,0.8453376293182373,0.6693967580795288,0.6766349077224731,0.45121830701828003,1.1417783753131516e-05,0.9120060205459595,1.3581920862197876,2.034459352493286,0.7858151197433472,1.215937852859497,0.6255666613578796,2.1204588413238525,1.3091453313827515,1.2856382131576538,0.5867045521736145,0.703612744808197,0.6753716468811035,1.9736618995666504,0.38529708981513977,2.009587526321411,0.7642917633056641,1.1785539388656616,1.353358507156372,1.8504629135131836,0.8908807635307312,0.7386383414268494
/p/project1/hai_1252/toulouse1/flexcraft/data/adapt/full_run_seed/2026-06-27_10:57:16_adapt_full_run_c4_3/5BS0+MAVMAPRTLV+TLMSAMTNL+CALSAPNSGN+CASSYSKEGG_0_599.pdb,1.1015031337738037,0.6823551058769226,0.43370938301086426,0.9153337478637695,0.6571559309959412,0.8192346096038818,0.8254317045211792,0.8474151492118835,1.5010560750961304,0.7056798338890076,0.7255604267120361,0.7412734627723694,0.6112239956855774,1.4905297756195068,0.6873230338096619,1.0145854949951172,0.7478203177452087,0.6245824098587036,0.6303949356079102,0.8476884961128235,1.293190360069275,0.7086352109909058,1.3618146181106567,0.6612659692764282,1.30049729347229,0.7730748057365417,0.7269412279129028,1.570886492729187,1.1341660022735596,0.6455670595169067,1.04343581199646,0.8512982130050659,1.7524207830429077,1.2087515592575073,0.5739545226097107,0.984592080116272,0.7861092686653137,0.9661754369735718,0.6535394191741943,1.2755789756774902,0.5958225131034851,1.6743342876434326,1.4090473651885986,0.8174611330032349,0.7778210639953613,1.0448970794677734,0.5833026766777039,1.3358663320541382,1.045331597328186,0.9583657383918762,0.5810242295265198,0.7959023118019104,1.1741153001785278,0.7808950543403625,0.7707188129425049,0.6973135471343994,0.7361392974853516,0.3796745836734772,1.2837885618209839,0.774956464767456,1.7052607536315918,1.613555669784546,0.8035165667533875,0.7046715617179871,0.5691369771957397,0.8054574728012085,0.4419262409210205,0.6190767288208008,0.6144919395446777,0.7093616724014282,0.9120049476623535,9.015708201332018e-06,0.8594236373901367,2.2038652896881104,0.503299355506897,1.2769659757614136,0.7419503331184387,2.3525495529174805,0.8313380479812622,1.3951551914215088,0.5770400762557983,0.5665448904037476,0.6693871021270752,1.9179644584655762,0.7101873755455017,2.1787190437316895,0.7104263305664062,0.7467904090881348,1.8601775169372559,1.9823004007339478,0.7182508707046509,0.6970608830451965
/p/project1/hai_1252/toulouse1/flexcraft/data/adapt/full_run_seed/2026-06-27_10:57:16_adapt_full_run_c4_3/5BS0+MAVMAPRTLV+TLMSAMTNL+CALSAPNSGN+CASSYSKEGG_0_222.pdb,1.4516477584838867,1.1007438898086548,0.9711703658103943,1.3689035177230835,1.095901608467102,1.2576698064804077,1.0244663953781128,1.2596616744995117,1.5043439865112305,1.1790058612823486,1.1351085901260376,1.2178629636764526,1.0139856338500977,1.8988462686538696,1.1383864879608154,1.169714093208313,1.1830899715423584,1.047818660736084,1.0711249113082886,1.1980516910552979,1.671865701675415,1.0291537046432495,1.5025447607040405,1.0725644826889038,1.645931363105774,1.2250899076461792,1.155174970626831,1.107960820198059,1.4507582187652588,1.0795434713363647,1.3847512006759644,1.2920352220535278,1.745141863822937,0.8191027641296387,1.0421230792999268,1.202903389930725,1.177696943283081,1.372231125831604,1.1795521974563599,1.5705139636993408,0.990215539932251,1.6216408014297485,1.7961704730987549,1.1887197494506836,1.2006890773773193,1.4567917585372925,1.0276987552642822,1.7070010900497437,1.4556500911712646,1.145050048828125,1.0827767848968506,1.2749261856079102,1.5444296598434448,1.1662148237228394,1.2093641757965088,0.9598767161369324,0.9504857659339905,0.9267357587814331,1.6289968490600586,1.1408867835998535,1.300365686416626,1.231644868850708,1.2610324621200562,1.1008399724960327,0.9966358542442322,1.259482979774475,0.9137287735939026,1.0094728469848633,1.0392124652862549,1.1110752820968628,1.3581854104995728,0.8594162464141846,1.7770513295545243e-05,2.256638765335083,1.0727967023849487,1.6587471961975098,1.180055022239685,2.450038433074951,0.36221516132354736,1.7333462238311768,1.0067124366760254,0.9749282002449036,1.0901741981506348,1.60032320022583,1.1295192241668701,2.216984272003174,1.147801399230957,0.9178048372268677,2.2369678020477295,2.003674268722534,1.1285250186920166,0.95515376329422
/p/project1/hai_1252/toulouse1/flexcraft/data/adapt/full_run_seed/2026-06-27_10:57:16_adapt_full_run_c4_3/5BS0+MAVMAPRTLV+TLMSAMTNL+CALSAPNSGN+CASSYSKEGG_0_420.pdb,1.667272686958313,2.0841939449310303,2.036139488220215,1.8839930295944214,2.0511209964752197,2.066974401473999,2.0892457962036133,1.9570971727371216,1.391936182975769,2.1577601432800293,1.8977113962173462,2.0061707496643066,2.059481143951416,1.6250925064086914,1.9759140014648438,2.2460851669311523,2.11297607421875,2.088419198989868,2.063096761703491,1.6578550338745117,1.6692540645599365,1.9123138189315796,1.327437162399292,2.092924118041992,1.6998138427734375,1.7222259044647217,2.0518782138824463,2.354569435119629,1.6196582317352295,2.060045003890991,2.085156202316284,1.7818591594696045,1.3907735347747803,2.182722330093384,2.207923650741577,1.9161256551742554,1.7630974054336548,1.815726637840271,2.0364339351654053,1.5222222805023193,2.0510852336883545,0.7049939632415771,1.7435243129730225,1.948024868965149,1.7796339988708496,1.8200994729995728,1.984310507774353,1.7267693281173706,1.801875352859497,2.083380937576294,2.079497814178467,1.9285060167312622,1.6500369310379028,2.005976676940918,1.964760422706604,2.086859703063965,2.0551364421844482,2.055255651473999,1.6302024126052856,2.31730318069458,2.26802659034729,1.8374559879302979,1.9743791818618774,1.861701250076294,2.1054341793060303,2.0900089740753174,2.0619587898254395,1.955931305885315,2.09977650642395,2.0617873668670654,2.034461498260498,2.203864812850952,2.2566378116607666,1.1616591109486762e-05,1.9917361736297607,1.6670390367507935,1.8557201623916626,0.3823462426662445,2.1779613494873047,1.6224520206451416,2.072789192199707,1.9818059206008911,1.9923367500305176,1.7441335916519165,2.1348257064819336,0.1639256775379181,1.8555668592453003,2.152794599533081,1.9294195175170898,0.31677335500717163,1.98842453956604,2.1480815410614014
/p/project1/hai_1252/toulouse1/flexcraft/data/adapt/full_run_seed/2026-06-27_10:57:16_adapt_full_run_c4_3/5BS0+MAVMAPRTLV+TLMSAMTNL+CALSAPNSGN+CASSYSKEGG_0_587.pdb,0.9009792804718018,0.6481003761291504,0.258785218000412,0.7097999453544617,0.5932415127754211,0.7361226677894592,0.9395537376403809,0.7251507639884949,1.4621495008468628,0.6858384609222412,0.6168015003204346,0.6034722924232483,0.5832981467247009,1.234028697013855,0.5962371230125427,1.1727029085159302,0.6379295587539673,0.599875807762146,0.5866667628288269,0.6736326217651367,1.0508817434310913,0.7142835855484009,1.2479937076568604,0.6589709520339966,1.0983085632324219,0.6024994254112244,0.6804366111755371,1.7718397378921509,1.0327378511428833,0.5831910371780396,1.0330586433410645,0.6536241769790649,1.690888524055481,1.376424789428711,0.579138994216919,0.9108405113220215,0.6247538328170776,0.7487382292747498,0.5090492367744446,1.1048502922058105,0.5924223065376282,1.5275850296020508,1.1769068241119385,0.6793994307518005,0.6191079020500183,0.8301084637641907,0.5612447261810303,1.108133316040039,0.8754479885101318,1.063849687576294,0.5541300177574158,0.6280971765518188,0.985959529876709,0.7230352163314819,0.636853039264679,0.7346912622451782,0.7516512870788574,0.24971170723438263,1.0693778991699219,0.8470265865325928,1.8395073413848877,1.66828191280365,0.6608971953392029,0.583611011505127,0.5010757446289062,0.7223275303840637,0.4548843801021576,0.5734548568725586,0.5921434760093689,0.6820612549781799,0.7858153581619263,0.5032979249954224,1.07279634475708,1.9917374849319458,7.685499440412968e-06,1.0535309314727783,0.6029214859008789,2.1160755157470703,1.0097111463546753,1.187595248222351,0.5908848643302917,0.5708308815956116,0.5853256583213806,1.924795389175415,0.7171239256858826,1.9768569469451904,0.5969260334968567,0.8362157344818115,1.5874183177947998,1.7858258485794067,0.6231344938278198,0.8357898592948914
/p/project1/hai_1252/toulouse1/flexcraft/data/adapt/full_run_seed/2026-06-27_10:57:16_adapt_full_run_c4_3/5BS0+MAVMAPRTLV+TLMSAMTNL+CALSAPNSGN+CASSYSKEGG_0_581.pdb,0.6054598093032837,1.0667920112609863,1.0674551725387573,0.8707926273345947,0.9849998950958252,1.223705530166626,1.5153237581253052,1.1426615715026855,1.2299752235412598,1.2976547479629517,0.9168356657028198,0.9559088945388794,0.9451676607131958,0.8948896527290344,0.89117830991745,1.8041239976882935,1.1388602256774902,1.0135012865066528,1.02516508102417,0.7111482620239258,0.5354446172714233,1.187284231185913,1.0821430683135986,1.1828643083572388,0.686832070350647,0.67433762550354,1.1882364749908447,2.200390100479126,1.149825930595398,0.948039710521698,1.4627561569213867,0.5532151460647583,1.399722695350647,1.7541111707687378,0.9992728233337402,0.8133596777915955,0.7400873303413391,0.6073674559593201,1.0360846519470215,0.6241721510887146,0.9373453259468079,1.4117350578308105,0.7858392000198364,0.8376091718673706,0.6412319540977478,1.0199236869812012,0.9248376488685608,0.7328464984893799,1.0917869806289673,1.6170181035995483,1.0808888673782349,0.8683466911315918,1.0601441860198975,1.1870169639587402,0.9950354099273682,1.0041567087173462,0.9863014221191406,1.10080885887146,0.1857721209526062,1.5483336448669434,2.180633068084717,1.9179019927978516,1.059474229812622,0.7782502770423889,1.0120806694030762,1.2251713275909424,1.1769490242004395,0.9474514722824097,1.0197046995162964,1.1410176753997803,1.2159403562545776,1.2769657373428345,1.658745288848877,1.6670384407043457,1.0535305738449097,5.373466592573095e-06,0.761438250541687,1.746596097946167,1.6469125747680664,0.47598838806152344,1.0944931507110596,1.054371953010559,0.8904414772987366,2.060256242752075,1.2639540433883667,1.6892424821853638,0.7718692421913147,1.1087901592254639,1.2140624523162842,1.524509072303772,0.8647699356079102,1.5073899030685425
/p/project1/hai_1252/toulouse1/flexcraft/data/adapt/full_run_seed/2026-06-27_10:57:16_adapt_full_run_c4_3/5BS0+MAVMAPRTLV+TLMSAMTNL+CALSAPNSGN+CASSYSKEGG_0_427.pdb,0.6512084007263184,0.4162481725215912,0.6087386012077332,0.39572903513908386,0.3393382132053375,0.5744945406913757,0.9729448556900024,0.5312117338180542,1.2653034925460815,0.6174850463867188,0.2802966237068176,0.34027916193008423,0.40367358922958374,0.9663340449333191,0.26032161712646484,1.249306559562683,0.48105093836784363,0.38697534799575806,0.3604181408882141,0.49335163831710815,0.7981986999511719,0.6349362134933472,1.0098528861999512,0.48534536361694336,0.8585301041603088,0.3803679347038269,0.49668365716934204,1.8193516731262207,0.8376994729042053,0.3340322971343994,0.973952054977417,0.42652952671051025,1.495972752571106,1.3959968090057373,0.6831909418106079,0.6968479156494141,0.3826519548892975,0.5111654996871948,0.4726791977882385,0.7441114187240601,0.3667981028556824,1.4228582382202148,0.9771172404289246,0.5518625974655151,0.3731522858142853,0.8055295348167419,0.5358771681785583,0.8904141187667847,0.691096305847168,1.0725090503692627,0.38963809609413147,0.30329203605651855,0.7611181735992432,0.5226594805717468,0.36010465025901794,0.624965250492096,0.6173977851867676,0.5853506326675415,0.7572547197341919,0.8857221603393555,1.8684688806533813,1.65152108669281,0.4443901479244232,0.3804910182952881,0.6458120346069336,0.5686871409416199,0.6651082634925842,0.2969276010990143,0.3930804133415222,0.4440624713897705,0.6255711913108826,0.7419454455375671,1.1800479888916016,1.8557193279266357,0.6029223799705505,0.7614362239837646,2.4549310182919726e-05,1.9692893028259277,1.1561778783798218,0.9019728899002075,0.43085363507270813,0.5012155175209045,0.2883148491382599,1.8638771772384644,0.5746927857398987,1.8380197286605835,0.41332849860191345,0.7435643672943115,1.3840124607086182,1.649057388305664,0.5428982973098755,0.8757522106170654
/p/project1/hai_1252/toulouse1/flexcraft/data/adapt/full_run_seed/2026-06-27_10:57:16_adapt_full_run_c4_3/5BS0+MAVMAPRTLV+TLMSAMTNL+CALSAPNSGN+CASSYSKEGG_0_474.pdb,1.7612894773483276,2.1891541481018066,2.180238723754883,1.950331211090088,2.1546237468719482,2.1616249084472656,2.2331247329711914,2.0515739917755127,1.6226495504379272,2.264883279800415,2.001512050628662,2.0959324836730957,2.17692232131958,1.6571943759918213,2.085761070251465,2.4006927013397217,2.213674545288086,2.1978707313537598,2.168905019760132,1.7879395484924316,1.7282723188400269,2.0464375019073486,1.420344591140747,2.2014880180358887,1.7767422199249268,1.8356328010559082,2.1561670303344727,2.602729558944702,1.774724006652832,2.1679599285125732,2.234666585922241,1.8915752172470093,1.612443208694458,2.4061782360076904,2.3427131175994873,2.040788412094116,1.8744062185287476,1.8995952606201172,2.1351306438446045,1.6296626329421997,2.1717584133148193,0.9962698817253113,1.7949713468551636,2.051957845687866,1.9009335041046143,1.913920283317566,2.0985050201416016,1.7749695777893066,1.8922134637832642,2.230330467224121,2.198176145553589,2.0211822986602783,1.7388362884521484,2.110576629638672,2.05786395072937,2.2105696201324463,2.18530011177063,2.197347640991211,1.7176399230957031,2.444031000137329,2.5027849674224854,2.091773748397827,2.0627410411834717,1.9814170598983765,2.2451727390289307,2.1821324825286865,2.1948609352111816,2.0736639499664307,2.210927724838257,2.165977716445923,2.120457887649536,2.352553367614746,2.450042486190796,0.38234642148017883,2.1160764694213867,1.7465965747833252,1.9692906141281128,8.295425686810631e-06,2.365891695022583,1.7026654481887817,2.1840484142303467,2.1146693229675293,2.1015658378601074,1.9821065664291382,2.239717483520508,0.4259144067764282,1.965323805809021,2.2888307571411133,1.8957568407058716,0.5842072367668152,2.090709924697876,2.2785980701446533
/p/project1/hai_1252/toulouse1/flexcraft/data/adapt/full_run_seed/2026-06-27_10:57:16_adapt_full_run_c4_3/5BS0+MAVMAPRTLV+TLMSAMTNL+CALSAPNSGN+CASSYSKEGG_0_616.pdb,1.4065110683441162,1.0623432397842407,0.9311873316764832,1.3202309608459473,1.063161015510559,1.2184404134750366,1.0323824882507324,1.2053489685058594,1.5260052680969238,1.147032618522644,1.0779695510864258,1.1764464378356934,0.9768266081809998,1.8592511415481567,1.1086803674697876,1.1885889768600464,1.1497900485992432,1.0109869241714478,1.0335087776184082,1.1609817743301392,1.6305527687072754,0.9760167598724365,1.4591681957244873,1.0359848737716675,1.6140739917755127,1.1851435899734497,1.1212836503982544,1.1252782344818115,1.4343945980072021,1.0422477722167969,1.3680446147918701,1.2595062255859375,1.7650177478790283,0.848945677280426,1.0366384983062744,1.18415367603302,1.1411181688308716,1.3261042833328247,1.1168159246444702,1.5618679523468018,0.9680966734886169,1.5577208995819092,1.7560251951217651,1.1472870111465454,1.1692100763320923,1.4721578359603882,0.9972586631774902,1.6560442447662354,1.3987547159194946,1.16168212890625,1.063420295715332,1.234535574913025,1.4962656497955322,1.1209111213684082,1.1624871492385864,0.9357038140296936,0.9264610409736633,0.881707489490509,1.6176151037216187,1.1187691688537598,1.3140634298324585,1.1814395189285278,1.2094908952713013,1.0742946863174438,0.9543980360031128,1.2204294204711914,0.9328233599662781,0.963542103767395,1.0060943365097046,1.0779117345809937,1.3091397285461426,0.8313364386558533,0.3622151017189026,2.1779539585113525,1.0097049474716187,1.6469109058380127,1.1561813354492188,2.365894079208374,9.740745554154273e-06,1.721551775932312,0.9649035334587097,0.9270420670509338,1.0487641096115112,1.524412751197815,1.0944539308547974,2.1324994564056396,1.1167765855789185,0.9132676124572754,2.1811916828155518,1.9238152503967285,1.0941790342330933,0.927790641784668
/p/project1/hai_1252/toulouse1/flexcraft/data/adapt/full_run_seed/2026-06-27_10:57:16_adapt_full_run_c4_3/5BS0+MAVMAPRTLV+TLMSAMTNL+CALSAPNSGN+CASSYSKEGG_0_376.pdb,0.6221491694450378,1.2018100023269653,1.2199705839157104,0.9824168086051941,1.1137233972549438,1.2975658178329468,1.596407175064087,1.2374927997589111,1.2351658344268799,1.3831524848937988,1.050095796585083,1.0823590755462646,1.1043826341629028,0.9042766094207764,1.037695050239563,1.8797056674957275,1.2540907859802246,1.1571204662322998,1.160677433013916,0.7689568400382996,0.5854026675224304,1.2629358768463135,1.0233756303787231,1.2953596115112305,0.592437744140625,0.8113706111907959,1.2795101404190063,2.151378631591797,1.1239936351776123,1.1055773496627808,1.5202471017837524,0.7165745496749878,1.2895060777664185,1.6955335140228271,1.169442057609558,0.8164681196212769,0.8335542678833008,0.730208694934845,1.1680330038070679,0.49018076062202454,1.0873429775238037,1.3854252099990845,0.759375274181366,0.9235382080078125,0.7669379115104675,0.9082505106925964,1.030005693435669,0.7391830682754517,1.1555299758911133,1.6925565004348755,1.1985830068588257,1.0166763067245483,1.1110388040542603,1.279259443283081,1.1106795072555542,1.1226873397827148,1.1022127866744995,1.2321511507034302,0.38626182079315186,1.6293408870697021,2.0570850372314453,1.895365834236145,1.1654813289642334,0.8818051218986511,1.130602240562439,1.3106633424758911,1.2934322357177734,1.0788383483886719,1.1613075733184814,1.2475560903549194,1.2856370210647583,1.3951516151428223,1.7333470582962036,1.6224524974822998,1.1875964403152466,0.4759877920150757,0.9019707441329956,1.702664852142334,1.7215520143508911,8.68072675075382e-06,1.2205287218093872,1.1738675832748413,1.039394736289978,2.012326240539551,1.360488772392273,1.635026454925537,0.8778039216995239,1.2102892398834229,1.096378207206726,1.472190022468567,0.9598178267478943,1.603455662727356
/p/project1/hai_1252/toulouse1/flexcraft/data/adapt/full_run_seed/2026-06-27_10:57:16_adapt_full_run_c4_3/5BS0+MAVMAPRTLV+TLMSAMTNL+CALSAPNSGN+CASSYSKEGG_0_481.pdb,0.9006346464157104,0.18247033655643463,0.5890506505966187,0.49435892701148987,0.1694325953722,0.4760379195213318,0.8327353000640869,0.4752783179283142,1.4507081508636475,0.44742298126220703,0.28944912552833557,0.3179813325405121,0.3162483274936676,1.2062445878982544,0.2850933372974396,1.0946130752563477,0.37090763449668884,0.1809406727552414,0.12327145040035248,0.7055529952049255,1.069956660270691,0.5666062235832214,1.1499652862548828,0.21079225838184357,1.1156328916549683,0.5942054390907288,0.3604324758052826,1.7365251779556274,0.9965952634811401,0.2586894929409027,0.941514790058136,0.6867832541465759,1.7026596069335938,1.3392858505249023,0.6674588918685913,0.844315230846405,0.5687704086303711,0.730211615562439,0.37280991673469543,1.068465232849121,0.3241744637489319,1.5959950685501099,1.2135173082351685,0.6507900953292847,0.6153125166893005,0.9858677983283997,0.48350828886032104,1.1143953800201416,0.7963309288024902,0.9519007802009583,0.2553701102733612,0.3995303511619568,0.9121772646903992,0.3914027214050293,0.3253662586212158,0.5758838057518005,0.6005637645721436,0.515204668045044,1.0926308631896973,0.6918984651565552,1.8349566459655762,1.6628493070602417,0.41166383028030396,0.5247430205345154,0.6412979364395142,0.46479079127311707,0.595274806022644,0.2597603499889374,0.17991869151592255,0.27860262989997864,0.5866967439651489,0.5770395398139954,1.0067154169082642,2.072787284851074,0.5908833146095276,1.0944935083389282,0.4308507442474365,2.1840500831604004,0.9648981094360352,1.2205289602279663,7.862002348701935e-06,0.42641356587409973,0.27450665831565857,1.9094023704528809,0.3675793409347534,2.0506703853607178,0.5263171792030334,0.6787049174308777,1.580905556678772,1.858855962753296,0.5723198652267456,0.620718777179718
/p/project1/hai_1252/toulouse1/flexcraft/data/adapt/full_run_seed/2026-06-27_10:57:16_adapt_full_run_c4_3/5BS0+MAVMAPRTLV+TLMSAMTNL+CALSAPNSGN+CASSYSKEGG_0_249.pdb,0.8243205547332764,0.5393677949905396,0.5807796716690063,0.6572703123092651,0.48074907064437866,0.6297428607940674,0.7058665752410889,0.6151518821716309,1.2768033742904663,0.6113446950912476,0.5059401392936707,0.5128442049026489,0.46494436264038086,1.1890889406204224,0.513694167137146,0.9841645359992981,0.5431729555130005,0.4856787621974945,0.45886752009391785,0.6085366606712341,1.0064982175827026,0.3205832242965698,1.1068899631500244,0.5144338607788086,1.0426734685897827,0.5483760833740234,0.5517377257347107,1.5830672979354858,0.8806058168411255,0.4790366291999817,0.939236044883728,0.5983613729476929,1.529492974281311,1.1944050788879395,0.6524498462677002,0.8387058973312378,0.559965193271637,0.7311461567878723,0.42136549949645996,1.0618281364440918,0.4303790032863617,1.495601773262024,1.140067219734192,0.722815215587616,0.5438475012779236,0.982485294342041,0.49482423067092896,1.0587033033370972,0.7616739273071289,0.8545457124710083,0.4788157641887665,0.5955352783203125,0.8575515151023865,0.5809192657470703,0.5187500715255737,0.6538999080657959,0.6760947108268738,0.5389513969421387,1.055868148803711,0.7577275633811951,1.6849374771118164,1.5349760055541992,0.5613048076629639,0.4859897792339325,0.6347764134407043,0.6248754262924194,0.6241907477378845,0.40832778811454773,0.4856855869293213,0.539236307144165,0.7036134600639343,0.56654292345047,0.9749325513839722,1.981805682182312,0.5708293914794922,1.0543725490570068,0.5012144446372986,2.1146697998046875,0.9270440936088562,1.173865556716919,0.4264116585254669,6.702880455122795e-06,0.48424747586250305,1.7822946310043335,0.5574359893798828,1.9578006267547607,0.49426665902137756,0.7410643696784973,1.579283595085144,1.7669508457183838,0.6226438283920288,0.6560271382331848
/p/project1/hai_1252/toulouse1/flexcraft/data/adapt/full_run_seed/2026-06-27_10:57:16_adapt_full_run_c4_3/5BS0+MAVMAPRTLV+TLMSAMTNL+CALSAPNSGN+CASSYSKEGG_0_337.pdb,0.7492710947990417,0.24692323803901672,0.5740737318992615,0.42679041624069214,0.18736526370048523,0.5964643359184265,0.9871788620948792,0.5480119585990906,1.4112666845321655,0.6123064160346985,0.18730081617832184,0.30031129717826843,0.17965836822986603,1.110095739364624,0.18064093589782715,1.2806731462478638,0.45850270986557007,0.157961905002594,0.20037567615509033,0.6010791659355164,0.9056390523910522,0.656714677810669,1.098301887512207,0.39629510045051575,0.9729362726211548,0.490393728017807,0.5005351901054382,1.8094756603240967,1.002867579460144,0.11641931533813477,1.0458928346633911,0.5199123024940491,1.6539517641067505,1.3793553113937378,0.5859944224357605,0.6838385462760925,0.4529252052307129,0.5511809587478638,0.43073704838752747,0.9134734272956848,0.21499989926815033,1.535919189453125,1.084445595741272,0.4976571500301361,0.46412715315818787,0.9219727516174316,0.45582062005996704,0.9745562672615051,0.7972528338432312,1.1184802055358887,0.3510726988315582,0.3075413703918457,0.8986939787864685,0.505642294883728,0.33937743306159973,0.46735048294067383,0.4733141362667084,0.5292720198631287,0.8883838653564453,0.8754209876060486,1.8770076036453247,1.6642255783081055,0.4565219283103943,0.4134567379951477,0.5626190304756165,0.5891888737678528,0.6309625506401062,0.1694711297750473,0.16708031296730042,0.40058794617652893,0.6753630638122559,0.6693900227546692,1.0901752710342407,1.9923373460769653,0.585324227809906,0.8904394507408142,0.2883140742778778,2.1015658378601074,1.0487675666809082,1.0393967628479004,0.2745059132575989,0.4842457175254822,2.704788812479819e-06,1.8946422338485718,0.5468878149986267,1.9754655361175537,0.43812239170074463,0.5943788290023804,1.4717645645141602,1.779962420463562,0.4677450656890869,0.831064760684967
/p/project1/hai_1252/toulouse1/flexcraft/data/adapt/full_run_seed/2026-06-27_10:57:16_adapt_full_run_c4_3/5BS0+MAVMAPRTLV+TLMSAMTNL+CALSAPNSGN+CASSYSKEGG_0_550.pdb,1.7771013975143433,1.9730168581008911,1.9145389795303345,1.971154808998108,1.9448603391647339,1.9550745487213135,1.7696908712387085,1.8783026933670044,1.4913750886917114,1.9858556985855103,1.8477953672409058,1.963913083076477,1.9098066091537476,2.048029899597168,1.9230767488479614,1.8879159688949585,2.011352062225342,1.948104977607727,1.9440569877624512,1.6610842943191528,1.9381741285324097,1.6542410850524902,1.5690454244613647,1.9288625717163086,1.862738013267517,1.7809152603149414,1.9119627475738525,1.1998894214630127,1.689770221710205,1.9515125751495361,2.02284836769104,1.8603203296661377,1.5122272968292236,1.332007646560669,2.0403671264648438,1.768642783164978,1.7542277574539185,1.8813695907592773,1.9753990173339844,1.8050223588943481,1.8836407661437988,1.3234635591506958,1.9457457065582275,1.8517850637435913,1.7781246900558472,1.942857265472412,1.8470525741577148,1.897110939025879,1.8065853118896484,1.7851390838623047,1.952915906906128,1.9731955528259277,1.810910940170288,1.8590799570083618,1.9160970449447632,1.889279842376709,1.8482197523117065,1.8697843551635742,1.9748568534851074,2.046782970428467,1.1830265522003174,0.4408532679080963,1.9272780418395996,1.7828642129898071,1.9015982151031494,1.9860785007476807,1.849034309387207,1.8216503858566284,1.9513638019561768,1.913198471069336,1.9736641645431519,1.9179637432098389,1.6003237962722778,1.7441326379776,1.9247939586639404,2.0602588653564453,1.8638755083084106,1.9821147918701172,1.524414300918579,2.012331485748291,1.9094023704528809,1.7822914123535156,1.8946391344070435,1.9634371710708365e-05,1.9468071460723877,1.6760905981063843,1.8067048788070679,1.873258352279663,2.311363935470581,1.5436058044433594,1.8842302560806274,1.8865307569503784
/p/project1/hai_1252/toulouse1/flexcraft/data/adapt/full_run_seed/2026-06-27_10:57:16_adapt_full_run_c4_3/5BS0+MAVMAPRTLV+TLMSAMTNL+CALSAPNSGN+CASSYSKEGG_0_588.pdb,1.0143057107925415,0.4194437861442566,0.7649774551391602,0.5418903231620789,0.41324707865715027,0.2649833559989929,0.7396414279937744,0.35709115862846375,1.5136289596557617,0.2280050665140152,0.48313626646995544,0.40099379420280457,0.6272240877151489,1.182233452796936,0.48233139514923096,0.9677865505218506,0.3384292721748352,0.48616528511047363,0.3943781554698944,0.8373743295669556,1.1746304035186768,0.5492729544639587,1.2020524740219116,0.2554502785205841,1.1983489990234375,0.7237147092819214,0.17575448751449585,1.7861946821212769,0.9305140376091003,0.5419715642929077,0.8396589159965515,0.8685230016708374,1.743015170097351,1.4376466274261475,0.9245139360427856,1.0322914123535156,0.7188822627067566,0.8845226764678955,0.4518563151359558,1.1567832231521606,0.6040307283401489,1.684994101524353,1.2443783283233643,0.8451443910598755,0.7893240451812744,1.0218204259872437,0.7079294323921204,1.1751601696014404,0.6632565855979919,0.8159254789352417,0.33329641819000244,0.5065605044364929,0.8175862431526184,0.27634987235069275,0.36316919326782227,0.8750431537628174,0.8871384263038635,0.6756911873817444,1.2566941976547241,0.5243316888809204,1.8892356157302856,1.7194782495498657,0.34675151109695435,0.7101085186004639,0.8732171058654785,0.2387881875038147,0.7123169898986816,0.5107433199882507,0.48627912998199463,0.1990843117237091,0.3852904736995697,0.710193932056427,1.1295228004455566,2.13482928276062,0.7171235680580139,1.2639541625976562,0.5746926069259644,2.2397167682647705,1.0944558382034302,1.3604893684387207,0.36758068203926086,0.5574379563331604,0.5468885898590088,1.946811318397522,1.3489016964740586e-05,2.104557514190674,0.6990890502929688,0.9568994641304016,1.5681278705596924,1.9267431497573853,0.7917459011077881,0.5588220953941345
/p/project1/hai_1252/toulouse1/flexcraft/data/adapt/full_run_seed/2026-06-27_10:57:16_adapt_full_run_c4_3/5BS0+MAVMAPRTLV+TLMSAMTNL+CALSAPNSGN+CASSYSKEGG_0_423.pdb,1.6631624698638916,2.066608190536499,2.022254705429077,1.87009859085083,2.0325493812561035,2.0391321182250977,2.058720350265503,1.933258295059204,1.3827232122421265,2.129303216934204,1.878197431564331,1.9887875318527222,2.042984962463379,1.6401920318603516,1.961504340171814,2.2096099853515625,2.0927045345306396,2.07015061378479,2.0434608459472656,1.6444851160049438,1.6761012077331543,1.8799586296081543,1.3099528551101685,2.067551612854004,1.6966050863265991,1.7139616012573242,2.023569345474243,2.2932791709899902,1.6011638641357422,2.0427350997924805,2.0780723094940186,1.777392029762268,1.372780203819275,2.128047227859497,2.2013866901397705,1.9003247022628784,1.745576024055481,1.8091061115264893,2.02063250541687,1.5124995708465576,2.031146764755249,0.6704950928688049,1.7481944561004639,1.9312912225723267,1.7682828903198242,1.803995966911316,1.9693180322647095,1.7268345355987549,1.7826319932937622,2.048947334289551,2.0591464042663574,1.918753981590271,1.6404248476028442,1.97830331325531,1.9450578689575195,2.0667426586151123,2.0332159996032715,2.0357956886291504,1.6455652713775635,2.2847421169281006,2.2020325660705566,1.7744989395141602,1.9528759717941284,1.8431798219680786,2.0883700847625732,2.0634474754333496,2.03871488571167,1.9328904151916504,2.0815343856811523,2.034376859664917,2.0095906257629395,2.1787216663360596,2.216984748840332,0.1639263778924942,1.976858139038086,1.6892424821853638,1.8380194902420044,0.42592164874076843,2.1325016021728516,1.635024905204773,2.050670623779297,1.9578014612197876,1.9754655361175537,1.6760962009429932,2.1045570373535156,1.2815274203603622e-05,1.8405600786209106,2.1281120777130127,1.9354767799377441,0.24805574119091034,1.9735462665557861,2.1164700984954834
/p/project1/hai_1252/toulouse1/flexcraft/data/adapt/full_run_seed/2026-06-27_10:57:16_adapt_full_run_c4_3/5BS0+MAVMAPRTLV+TLMSAMTNL+CALSAPNSGN+CASSYSKEGG_0_365.pdb,0.506540834903717,0.5766182541847229,0.6452184915542603,0.503538966178894,0.4629330039024353,0.7128748297691345,1.0234112739562988,0.6863588094711304,1.2573226690292358,0.7358527183532715,0.4741475582122803,0.49892154335975647,0.4956565201282501,0.9704198241233826,0.4565996825695038,1.3067175149917603,0.6515278220176697,0.5065994262695312,0.5067737698554993,0.37320852279663086,0.6747338771820068,0.620614230632782,0.9749159216880798,0.63349848985672,0.7078413963317871,0.28108853101730347,0.6448917388916016,1.7688325643539429,0.9282663464546204,0.5023842453956604,1.1095027923583984,0.3190917372703552,1.4592316150665283,1.326960563659668,0.6318522691726685,0.6010310649871826,0.19970227777957916,0.33796608448028564,0.5542600750923157,0.7678543925285339,0.46730202436447144,1.4283229112625122,0.8397453427314758,0.37729689478874207,0.24368683993816376,0.7927655577659607,0.2820097506046295,0.7397069334983826,0.7624284029006958,1.1388131380081177,0.5526642203330994,0.5075675845146179,0.816827654838562,0.6807284951210022,0.5289552211761475,0.5934815406799316,0.5882208347320557,0.5826088190078735,0.7413562536239624,0.9799872636795044,1.7909961938858032,1.5956417322158813,0.5966648459434509,0.15258853137493134,0.5247724056243896,0.7043298482894897,0.6705278754234314,0.4558040201663971,0.5062928199768066,0.6011008024215698,0.7642852067947388,0.7104223370552063,1.1477956771850586,1.855567455291748,0.5969254374504089,0.771867036819458,0.41332677006721497,1.9653253555297852,1.1167781352996826,0.8778043985366821,0.5263169407844543,0.4942653775215149,0.43812236189842224,1.8067054748535156,0.6990885138511658,1.8405582904815674,6.805647444707574e-06,0.698015034198761,1.2934073209762573,1.647841215133667,0.3023601174354553,0.9484609961509705
/p/project1/hai_1252/toulouse1/flexcraft/data/adapt/full_run_seed/2026-06-27_10:57:16_adapt_full_run_c4_3/5BS0+MAVMAPRTLV+TLMSAMTNL+CALSAPNSGN+CASSYSKEGG_0_169.pdb,0.992802619934082,0.717122495174408,0.7492201328277588,0.9337169528007507,0.6777955889701843,1.0698480606079102,1.2037769556045532,1.0464516878128052,1.5138826370239258,1.041730523109436,0.7163918614387512,0.8288166522979736,0.486063688993454,1.5321696996688843,0.7011383771896362,1.4833801984786987,0.9249643087387085,0.5921439528465271,0.6827964782714844,0.8286136984825134,1.1746658086776733,0.9228905439376831,1.2788969278335571,0.8215316534042358,1.1910098791122437,0.8436828851699829,0.9499178528785706,1.6460322141647339,1.3549948930740356,0.5981932282447815,1.4352483749389648,0.7872937321662903,1.7458062171936035,1.163129448890686,0.5980896353721619,0.6665533185005188,0.7385928630828857,0.8287058472633362,0.8930323123931885,1.1154862642288208,0.47405481338500977,1.6184923648834229,1.3750355243682861,0.6376656293869019,0.7271778583526611,1.1794931888580322,0.5948551893234253,1.2505792379379272,1.253879427909851,1.3585078716278076,0.7889339327812195,0.8579096794128418,1.333154559135437,0.9638762474060059,0.8659601807594299,0.19602550566196442,0.19958694279193878,0.7049251794815063,1.080764651298523,1.2059077024459839,1.7207140922546387,1.5880879163742065,0.9778693914413452,0.6412720680236816,0.5526896715164185,1.0572466850280762,0.7930102944374084,0.5729893445968628,0.5871330499649048,0.8329553604125977,1.1785566806793213,0.7467898726463318,0.9178054928779602,2.1527979373931885,0.8362142443656921,1.1087833642959595,0.7435555458068848,2.288832664489746,0.9132692217826843,1.2102890014648438,0.6787132024765015,0.7410563826560974,0.5943889617919922,1.8732596635818481,0.9568957090377808,2.1281158924102783,0.6980077624320984,1.1003990039171185e-05,1.8009281158447266,1.9106106758117676,0.5975639820098877,1.0913578271865845
/p/project1/hai_1252/toulouse1/flexcraft/data/adapt/full_run_seed/2026-06-27_10:57:16_adapt_full_run_c4_3/5BS0+MAVMAPRTLV+TLMSAMTNL+CALSAPNSGN+CASSYSKEGG_0_409.pdb,0.9655212163925171,1.559175729751587,1.7355231046676636,1.164018988609314,1.4689371585845947,1.4213374853134155,1.908812403678894,1.3889340162277222,1.8599165678024292,1.5624918937683105,1.422721028327942,1.3454829454421997,1.5920963287353516,0.7654257416725159,1.435674786567688,2.185755491256714,1.4853835105895996,1.5657079219818115,1.524587869644165,1.260176420211792,0.8131110072135925,1.5445364713668823,1.2835755348205566,1.5892653465270996,0.8034701943397522,1.2699549198150635,1.4882863759994507,2.649111032485962,1.4607833623886108,1.5400677919387817,1.8293966054916382,1.2664686441421509,1.83064866065979,2.2300662994384766,1.7489713430404663,1.368099331855774,1.2538119554519653,1.0865586996078491,1.4343880414962769,1.1478360891342163,1.5860697031021118,1.887309193611145,0.6618892550468445,1.3043726682662964,1.2964668273925781,1.2608705759048462,1.4406113624572754,0.6997777819633484,1.1870038509368896,1.9774000644683838,1.5480328798294067,1.3287737369537354,1.145209550857544,1.483157992362976,1.3530147075653076,1.69974946975708,1.6860862970352173,1.6927486658096313,1.1527045965194702,1.834709644317627,2.5192713737487793,2.301288604736328,1.3334345817565918,1.345859408378601,1.6528818607330322,1.4429322481155396,1.7151670455932617,1.5215753316879272,1.56953763961792,1.5133240222930908,1.3533581495285034,1.860184907913208,2.2369768619537354,1.9294182062149048,1.587417721748352,1.2140599489212036,1.3840105533599854,1.8957589864730835,2.18119215965271,1.0963811874389648,1.5809054374694824,1.5792855024337769,1.4717639684677124,2.3113672733306885,1.5681287050247192,1.935482382774353,1.2934108972549438,1.8009346723556519,6.8711574385815766e-06,1.835639238357544,1.3519011735916138,1.9006363153457642
/p/project1/hai_1252/toulouse1/flexcraft/data/adapt/full_run_seed/2026-06-27_10:57:16_adapt_full_run_c4_3/5BS0+MAVMAPRTLV+TLMSAMTNL+CALSAPNSGN+CASSYSKEGG_0_321.pdb,1.4858225584030151,1.8772125244140625,1.8258187770843506,1.6979306936264038,1.8402265310287476,1.8704673051834106,1.8926455974578857,1.7668564319610596,1.2325454950332642,1.9547239542007446,1.6914772987365723,1.8083555698394775,1.8421382904052734,1.5258008241653442,1.7723546028137207,2.0587244033813477,1.9104703664779663,1.8742610216140747,1.8521921634674072,1.4519480466842651,1.5171923637390137,1.7017102241516113,1.1607551574707031,1.8827171325683594,1.5339465141296387,1.5317741632461548,1.846307635307312,2.1078693866729736,1.4575139284133911,1.8480169773101807,1.9326804876327515,1.5877528190612793,1.250817894935608,1.9153478145599365,1.9953116178512573,1.6946485042572021,1.5505304336547852,1.6239229440689087,1.841422438621521,1.3388454914093018,1.8291133642196655,0.4594375789165497,1.608542561531067,1.7285377979278564,1.5729576349258423,1.6405606269836426,1.7699213027954102,1.5766271352767944,1.6386446952819824,1.8952456712722778,1.872087001800537,1.7412828207015991,1.5083134174346924,1.8042609691619873,1.766412615776062,1.852846622467041,1.8176321983337402,1.8354634046554565,1.4736590385437012,2.113816738128662,2.0170047283172607,1.604093313217163,1.782155156135559,1.6430000066757202,1.8761717081069946,1.8936927318572998,1.8472528457641602,1.7359791994094849,1.884313702583313,1.850123643875122,1.850459337234497,1.9823024272918701,2.0036797523498535,0.3167770504951477,1.7858247756958008,1.5245088338851929,1.649057149887085,0.5842121243476868,1.9238152503967285,1.472190260887146,1.8588570356369019,1.766952395439148,1.7799626588821411,1.543608546257019,1.9267464876174927,0.24805715680122375,1.647844672203064,1.9106154441833496,1.835636854171753,1.0299589121132158e-05,1.7711527347564697,1.9445455074310303
/p/project1/hai_1252/toulouse1/flexcraft/data/adapt/full_run_seed/2026-06-27_10:57:16_adapt_full_run_c4_3/5BS0+MAVMAPRTLV+TLMSAMTNL+CALSAPNSGN+CASSYSKEGG_0_206.pdb,0.6060618758201599,0.6062765121459961,0.6625411510467529,0.6074968576431274,0.5050645470619202,0.8236165642738342,1.1561903953552246,0.8115301132202148,1.449102520942688,0.8264761567115784,0.5534572601318359,0.5907977819442749,0.48912397027015686,1.1241989135742188,0.5237801671028137,1.4460818767547607,0.7235364317893982,0.5178238749504089,0.5534074306488037,0.5237269997596741,0.768829882144928,0.7782294154167175,1.0861430168151855,0.7032775282859802,0.7945330142974854,0.5103044509887695,0.7455098628997803,1.8056862354278564,1.1439048051834106,0.5212499499320984,1.2664220333099365,0.46531614661216736,1.6415293216705322,1.3297350406646729,0.5619266033172607,0.5532658100128174,0.3670711815357208,0.4121401309967041,0.651407778263092,0.8827444314956665,0.4791424870491028,1.5455371141433716,0.9495323896408081,0.21867966651916504,0.4024237394332886,0.8756779432296753,0.2250964194536209,0.8300333619117737,0.9426597356796265,1.291290521621704,0.627495288848877,0.5981618165969849,1.0027614831924438,0.7890454530715942,0.6346142888069153,0.489515095949173,0.49621912837028503,0.5846993327140808,0.8266549110412598,1.067296028137207,1.8098071813583374,1.6572108268737793,0.7164448499679565,0.3033178746700287,0.4222695529460907,0.8096207976341248,0.6869543194770813,0.5006856322288513,0.5119465589523315,0.6758795976638794,0.8908727765083313,0.7182503938674927,1.128533959388733,1.9884271621704102,0.6231293082237244,0.8647775650024414,0.5428977012634277,2.0907139778137207,1.0941832065582275,0.959819495677948,0.5723192095756531,0.6226454973220825,0.46774205565452576,1.884232759475708,0.7917397618293762,1.973544716835022,0.30235859751701355,0.597560465335846,1.351900339126587,1.7711493968963623,1.9937035176553763e-05,1.0462921857833862
/p/project1/hai_1252/toulouse1/flexcraft/data/adapt/full_run_seed/2026-06-27_10:57:16_adapt_full_run_c4_3/5BS0+MAVMAPRTLV+TLMSAMTNL+CALSAPNSGN+CASSYSKEGG_0_216.pdb,1.278863787651062,0.7172473073005676,0.8459401726722717,0.9310892820358276,0.7523878216743469,0.6549883484840393,0.5371943116188049,0.6831855773925781,1.5103517770767212,0.580909788608551,0.7804251313209534,0.7742202877998352,0.8374031186103821,1.4773979187011719,0.7970418930053711,0.6670435667037964,0.718765139579773,0.7614894509315491,0.701779842376709,1.026507019996643,1.4610059261322021,0.6028213500976562,1.2864187955856323,0.570526123046875,1.4713386297225952,0.9603058695793152,0.6040264368057251,1.5782030820846558,1.0072752237319946,0.8059185147285461,0.8398352265357971,1.1110347509384155,1.7634731531143188,1.3232800960540771,1.063861608505249,1.2688331604003906,0.9865454435348511,1.1951677799224854,0.6914595365524292,1.4220256805419922,0.8259666562080383,1.6555957794189453,1.5329852104187012,1.136949062347412,1.0330641269683838,1.2304494380950928,0.8961659073829651,1.469901204109192,0.9225339293479919,0.611757218837738,0.6335498094558716,0.852863609790802,1.0344494581222534,0.6056411862373352,0.7382131218910217,1.0313398838043213,1.0583146810531616,0.7905097603797913,1.5098503828048706,0.5853649377822876,1.7427775859832764,1.6327992677688599,0.7227346301078796,0.9559633135795593,1.0316239595413208,0.6677999496459961,0.7901379466056824,0.7562379837036133,0.7633029818534851,0.6549937725067139,0.7386341691017151,0.6970590949058533,0.9551547169685364,2.148080825805664,0.8357892036437988,1.5073891878128052,0.8757511377334595,2.2785956859588623,0.9277966618537903,1.6034566164016724,0.6207185387611389,0.656027615070343,0.8310645222663879,1.8865320682525635,0.5588207840919495,2.1164710521698,0.9484620094299316,1.0913692712783813,1.9006290435791016,1.9445455074310303,1.0462911128997803,1.1009036825271323e-05