,/p/project1/hai_1252/toulouse1/flexcraft/data/adapt/full_run_seed/2026-06-27_10:57:16_adapt_full_run_c4_2/7N2R+MAVMAPRTLV+TLMSAMTNL+CAESMKGGSY+CASSQDLRGE_0_377.pdb,/p/project1/hai_1252/toulouse1/flexcraft/data/adapt/full_run_seed/2026-06-27_10:57:16_adapt_full_run_c4_2/7N2R+MAVMAPRTLV+TLMSAMTNL+CAESMKGGSY+CASSQDLRGE_0_660.pdb,/p/project1/hai_1252/toulouse1/flexcraft/data/adapt/full_run_seed/2026-06-27_10:57:16_adapt_full_run_c4_2/7N2R+MAVMAPRTLV+TLMSAMTNL+CAESMKGGSY+CASSQDLRGE_0_324.pdb,/p/project1/hai_1252/toulouse1/flexcraft/data/adapt/full_run_seed/2026-06-27_10:57:16_adapt_full_run_c4_2/7N2R+MAVMAPRTLV+TLMSAMTNL+CAESMKGGSY+CASSQDLRGE_0_544.pdb,/p/project1/hai_1252/toulouse1/flexcraft/data/adapt/full_run_seed/2026-06-27_10:57:16_adapt_full_run_c4_2/7N2R+MAVMAPRTLV+TLMSAMTNL+CAESMKGGSY+CASSQDLRGE_0_631.pdb,/p/project1/hai_1252/toulouse1/flexcraft/data/adapt/full_run_seed/2026-06-27_10:57:16_adapt_full_run_c4_2/7N2R+MAVMAPRTLV+TLMSAMTNL+CAESMKGGSY+CASSQDLRGE_0_670.pdb,/p/project1/hai_1252/toulouse1/flexcraft/data/adapt/full_run_seed/2026-06-27_10:57:16_adapt_full_run_c4_2/7N2R+MAVMAPRTLV+TLMSAMTNL+CAESMKGGSY+CASSQDLRGE_0_378.pdb,/p/project1/hai_1252/toulouse1/flexcraft/data/adapt/full_run_seed/2026-06-27_10:57:16_adapt_full_run_c4_2/7N2R+MAVMAPRTLV+TLMSAMTNL+CAESMKGGSY+CASSQDLRGE_0_423.pdb,/p/project1/hai_1252/toulouse1/flexcraft/data/adapt/full_run_seed/2026-06-27_10:57:16_adapt_full_run_c4_2/7N2R+MAVMAPRTLV+TLMSAMTNL+CAESMKGGSY+CASSQDLRGE_0_664.pdb,/p/project1/hai_1252/toulouse1/flexcraft/data/adapt/full_run_seed/2026-06-27_10:57:16_adapt_full_run_c4_2/7N2R+MAVMAPRTLV+TLMSAMTNL+CAESMKGGSY+CASSQDLRGE_0_566.pdb,/p/project1/hai_1252/toulouse1/flexcraft/data/adapt/full_run_seed/2026-06-27_10:57:16_adapt_full_run_c4_2/7N2R+MAVMAPRTLV+TLMSAMTNL+CAESMKGGSY+CASSQDLRGE_0_563.pdb,/p/project1/hai_1252/toulouse1/flexcraft/data/adapt/full_run_seed/2026-06-27_10:57:16_adapt_full_run_c4_2/7N2R+MAVMAPRTLV+TLMSAMTNL+CAESMKGGSY+CASSQDLRGE_0_323.pdb,/p/project1/hai_1252/toulouse1/flexcraft/data/adapt/full_run_seed/2026-06-27_10:57:16_adapt_full_run_c4_2/7N2R+MAVMAPRTLV+TLMSAMTNL+CAESMKGGSY+CASSQDLRGE_0_459.pdb,/p/project1/hai_1252/toulouse1/flexcraft/data/adapt/full_run_seed/2026-06-27_10:57:16_adapt_full_run_c4_2/7N2R+MAVMAPRTLV+TLMSAMTNL+CAESMKGGSY+CASSQDLRGE_0_307.pdb,/p/project1/hai_1252/toulouse1/flexcraft/data/adapt/full_run_seed/2026-06-27_10:57:16_adapt_full_run_c4_2/7N2R+MAVMAPRTLV+TLMSAMTNL+CAESMKGGSY+CASSQDLRGE_0_600.pdb,/p/project1/hai_1252/toulouse1/flexcraft/data/adapt/full_run_seed/2026-06-27_10:57:16_adapt_full_run_c4_2/7N2R+MAVMAPRTLV+TLMSAMTNL+CAESMKGGSY+CASSQDLRGE_0_632.pdb,/p/project1/hai_1252/toulouse1/flexcraft/data/adapt/full_run_seed/2026-06-27_10:57:16_adapt_full_run_c4_2/7N2R+MAVMAPRTLV+TLMSAMTNL+CAESMKGGSY+CASSQDLRGE_0_512.pdb,/p/project1/hai_1252/toulouse1/flexcraft/data/adapt/full_run_seed/2026-06-27_10:57:16_adapt_full_run_c4_2/7N2R+MAVMAPRTLV+TLMSAMTNL+CAESMKGGSY+CASSQDLRGE_0_594.pdb,/p/project1/hai_1252/toulouse1/flexcraft/data/adapt/full_run_seed/2026-06-27_10:57:16_adapt_full_run_c4_2/7N2R+MAVMAPRTLV+TLMSAMTNL+CAESMKGGSY+CASSQDLRGE_0_448.pdb,/p/project1/hai_1252/toulouse1/flexcraft/data/adapt/full_run_seed/2026-06-27_10:57:16_adapt_full_run_c4_2/7N2R+MAVMAPRTLV+TLMSAMTNL+CAESMKGGSY+CASSQDLRGE_0_476.pdb,/p/project1/hai_1252/toulouse1/flexcraft/data/adapt/full_run_seed/2026-06-27_10:57:16_adapt_full_run_c4_2/7N2R+MAVMAPRTLV+TLMSAMTNL+CAESMKGGSY+CASSQDLRGE_0_389.pdb,/p/project1/hai_1252/toulouse1/flexcraft/data/adapt/full_run_seed/2026-06-27_10:57:16_adapt_full_run_c4_2/7N2R+MAVMAPRTLV+TLMSAMTNL+CAESMKGGSY+CASSQDLRGE_0_504.pdb,/p/project1/hai_1252/toulouse1/flexcraft/data/adapt/full_run_seed/2026-06-27_10:57:16_adapt_full_run_c4_2/7N2R+MAVMAPRTLV+TLMSAMTNL+CAESMKGGSY+CASSQDLRGE_0_409.pdb,/p/project1/hai_1252/toulouse1/flexcraft/data/adapt/full_run_seed/2026-06-27_10:57:16_adapt_full_run_c4_2/7N2R+MAVMAPRTLV+TLMSAMTNL+CAESMKGGSY+CASSQDLRGE_0_630.pdb,/p/project1/hai_1252/toulouse1/flexcraft/data/adapt/full_run_seed/2026-06-27_10:57:16_adapt_full_run_c4_2/7N2R+MAVMAPRTLV+TLMSAMTNL+CAESMKGGSY+CASSQDLRGE_0_562.pdb,/p/project1/hai_1252/toulouse1/flexcraft/data/adapt/full_run_seed/2026-06-27_10:57:16_adapt_full_run_c4_2/7N2R+MAVMAPRTLV+TLMSAMTNL+CAESMKGGSY+CASSQDLRGE_0_520.pdb,/p/project1/hai_1252/toulouse1/flexcraft/data/adapt/full_run_seed/2026-06-27_10:57:16_adapt_full_run_c4_2/7N2R+MAVMAPRTLV+TLMSAMTNL+CAESMKGGSY+CASSQDLRGE_0_671.pdb,/p/project1/hai_1252/toulouse1/flexcraft/data/adapt/full_run_seed/2026-06-27_10:57:16_adapt_full_run_c4_2/7N2R+MAVMAPRTLV+TLMSAMTNL+CAESMKGGSY+CASSQDLRGE_0_614.pdb,/p/project1/hai_1252/toulouse1/flexcraft/data/adapt/full_run_seed/2026-06-27_10:57:16_adapt_full_run_c4_2/7N2R+MAVMAPRTLV+TLMSAMTNL+CAESMKGGSY+CASSQDLRGE_0_620.pdb,/p/project1/hai_1252/toulouse1/flexcraft/data/adapt/full_run_seed/2026-06-27_10:57:16_adapt_full_run_c4_2/7N2R+MAVMAPRTLV+TLMSAMTNL+CAESMKGGSY+CASSQDLRGE_0_391.pdb,/p/project1/hai_1252/toulouse1/flexcraft/data/adapt/full_run_seed/2026-06-27_10:57:16_adapt_full_run_c4_2/7N2R+MAVMAPRTLV+TLMSAMTNL+CAESMKGGSY+CASSQDLRGE_0_505.pdb,/p/project1/hai_1252/toulouse1/flexcraft/data/adapt/full_run_seed/2026-06-27_10:57:16_adapt_full_run_c4_2/7N2R+MAVMAPRTLV+TLMSAMTNL+CAESMKGGSY+CASSQDLRGE_0_591.pdb,/p/project1/hai_1252/toulouse1/flexcraft/data/adapt/full_run_seed/2026-06-27_10:57:16_adapt_full_run_c4_2/7N2R+MAVMAPRTLV+TLMSAMTNL+CAESMKGGSY+CASSQDLRGE_0_580.pdb,/p/project1/hai_1252/toulouse1/flexcraft/data/adapt/full_run_seed/2026-06-27_10:57:16_adapt_full_run_c4_2/7N2R+MAVMAPRTLV+TLMSAMTNL+CAESMKGGSY+CASSQDLRGE_0_455.pdb,/p/project1/hai_1252/toulouse1/flexcraft/data/adapt/full_run_seed/2026-06-27_10:57:16_adapt_full_run_c4_2/7N2R+MAVMAPRTLV+TLMSAMTNL+CAESMKGGSY+CASSQDLRGE_0_601.pdb,/p/project1/hai_1252/toulouse1/flexcraft/data/adapt/full_run_seed/2026-06-27_10:57:16_adapt_full_run_c4_2/7N2R+MAVMAPRTLV+TLMSAMTNL+CAESMKGGSY+CASSQDLRGE_0_424.pdb,/p/project1/hai_1252/toulouse1/flexcraft/data/adapt/full_run_seed/2026-06-27_10:57:16_adapt_full_run_c4_2/7N2R+MAVMAPRTLV+TLMSAMTNL+CAESMKGGSY+CASSQDLRGE_0_481.pdb,/p/project1/hai_1252/toulouse1/flexcraft/data/adapt/full_run_seed/2026-06-27_10:57:16_adapt_full_run_c4_2/7N2R+MAVMAPRTLV+TLMSAMTNL+CAESMKGGSY+CASSQDLRGE_0_522.pdb,/p/project1/hai_1252/toulouse1/flexcraft/data/adapt/full_run_seed/2026-06-27_10:57:16_adapt_full_run_c4_2/7N2R+MAVMAPRTLV+TLMSAMTNL+CAESMKGGSY+CASSQDLRGE_0_500.pdb,/p/project1/hai_1252/toulouse1/flexcraft/data/adapt/full_run_seed/2026-06-27_10:57:16_adapt_full_run_c4_2/7N2R+MAVMAPRTLV+TLMSAMTNL+CAESMKGGSY+CASSQDLRGE_0_537.pdb,/p/project1/hai_1252/toulouse1/flexcraft/data/adapt/full_run_seed/2026-06-27_10:57:16_adapt_full_run_c4_2/7N2R+MAVMAPRTLV+TLMSAMTNL+CAESMKGGSY+CASSQDLRGE_0_676.pdb,/p/project1/hai_1252/toulouse1/flexcraft/data/adapt/full_run_seed/2026-06-27_10:57:16_adapt_full_run_c4_2/7N2R+MAVMAPRTLV+TLMSAMTNL+CAESMKGGSY+CASSQDLRGE_0_410.pdb,/p/project1/hai_1252/toulouse1/flexcraft/data/adapt/full_run_seed/2026-06-27_10:57:16_adapt_full_run_c4_2/7N2R+MAVMAPRTLV+TLMSAMTNL+CAESMKGGSY+CASSQDLRGE_0_603.pdb,/p/project1/hai_1252/toulouse1/flexcraft/data/adapt/full_run_seed/2026-06-27_10:57:16_adapt_full_run_c4_2/7N2R+MAVMAPRTLV+TLMSAMTNL+CAESMKGGSY+CASSQDLRGE_0_669.pdb,/p/project1/hai_1252/toulouse1/flexcraft/data/adapt/full_run_seed/2026-06-27_10:57:16_adapt_full_run_c4_2/7N2R+MAVMAPRTLV+TLMSAMTNL+CAESMKGGSY+CASSQDLRGE_0_343.pdb,/p/project1/hai_1252/toulouse1/flexcraft/data/adapt/full_run_seed/2026-06-27_10:57:16_adapt_full_run_c4_2/7N2R+MAVMAPRTLV+TLMSAMTNL+CAESMKGGSY+CASSQDLRGE_0_406.pdb,/p/project1/hai_1252/toulouse1/flexcraft/data/adapt/full_run_seed/2026-06-27_10:57:16_adapt_full_run_c4_2/7N2R+MAVMAPRTLV+TLMSAMTNL+CAESMKGGSY+CASSQDLRGE_0_638.pdb,/p/project1/hai_1252/toulouse1/flexcraft/data/adapt/full_run_seed/2026-06-27_10:57:16_adapt_full_run_c4_2/7N2R+MAVMAPRTLV+TLMSAMTNL+CAESMKGGSY+CASSQDLRGE_0_655.pdb,/p/project1/hai_1252/toulouse1/flexcraft/data/adapt/full_run_seed/2026-06-27_10:57:16_adapt_full_run_c4_2/7N2R+MAVMAPRTLV+TLMSAMTNL+CAESMKGGSY+CASSQDLRGE_0_588.pdb,/p/project1/hai_1252/toulouse1/flexcraft/data/adapt/full_run_seed/2026-06-27_10:57:16_adapt_full_run_c4_2/7N2R+MAVMAPRTLV+TLMSAMTNL+CAESMKGGSY+CASSQDLRGE_0_640.pdb,/p/project1/hai_1252/toulouse1/flexcraft/data/adapt/full_run_seed/2026-06-27_10:57:16_adapt_full_run_c4_2/7N2R+MAVMAPRTLV+TLMSAMTNL+CAESMKGGSY+CASSQDLRGE_0_672.pdb,/p/project1/hai_1252/toulouse1/flexcraft/data/adapt/full_run_seed/2026-06-27_10:57:16_adapt_full_run_c4_2/7N2R+MAVMAPRTLV+TLMSAMTNL+CAESMKGGSY+CASSQDLRGE_0_619.pdb,/p/project1/hai_1252/toulouse1/flexcraft/data/adapt/full_run_seed/2026-06-27_10:57:16_adapt_full_run_c4_2/7N2R+MAVMAPRTLV+TLMSAMTNL+CAESMKGGSY+CASSQDLRGE_0_663.pdb,/p/project1/hai_1252/toulouse1/flexcraft/data/adapt/full_run_seed/2026-06-27_10:57:16_adapt_full_run_c4_2/7N2R+MAVMAPRTLV+TLMSAMTNL+CAESMKGGSY+CASSQDLRGE_0_561.pdb,/p/project1/hai_1252/toulouse1/flexcraft/data/adapt/full_run_seed/2026-06-27_10:57:16_adapt_full_run_c4_2/7N2R+MAVMAPRTLV+TLMSAMTNL+CAESMKGGSY+CASSQDLRGE_0_637.pdb,/p/project1/hai_1252/toulouse1/flexcraft/data/adapt/full_run_seed/2026-06-27_10:57:16_adapt_full_run_c4_2/7N2R+MAVMAPRTLV+TLMSAMTNL+CAESMKGGSY+CASSQDLRGE_0_636.pdb,/p/project1/hai_1252/toulouse1/flexcraft/data/adapt/full_run_seed/2026-06-27_10:57:16_adapt_full_run_c4_2/7N2R+MAVMAPRTLV+TLMSAMTNL+CAESMKGGSY+CASSQDLRGE_0_487.pdb,/p/project1/hai_1252/toulouse1/flexcraft/data/adapt/full_run_seed/2026-06-27_10:57:16_adapt_full_run_c4_2/7N2R+MAVMAPRTLV+TLMSAMTNL+CAESMKGGSY+CASSQDLRGE_0_360.pdb,/p/project1/hai_1252/toulouse1/flexcraft/data/adapt/full_run_seed/2026-06-27_10:57:16_adapt_full_run_c4_2/7N2R+MAVMAPRTLV+TLMSAMTNL+CAESMKGGSY+CASSQDLRGE_0_587.pdb,/p/project1/hai_1252/toulouse1/flexcraft/data/adapt/full_run_seed/2026-06-27_10:57:16_adapt_full_run_c4_2/7N2R+MAVMAPRTLV+TLMSAMTNL+CAESMKGGSY+CASSQDLRGE_0_680.pdb,/p/project1/hai_1252/toulouse1/flexcraft/data/adapt/full_run_seed/2026-06-27_10:57:16_adapt_full_run_c4_2/7N2R+MAVMAPRTLV+TLMSAMTNL+CAESMKGGSY+CASSQDLRGE_0_565.pdb,/p/project1/hai_1252/toulouse1/flexcraft/data/adapt/full_run_seed/2026-06-27_10:57:16_adapt_full_run_c4_2/7N2R+MAVMAPRTLV+TLMSAMTNL+CAESMKGGSY+CASSQDLRGE_0_570.pdb,/p/project1/hai_1252/toulouse1/flexcraft/data/adapt/full_run_seed/2026-06-27_10:57:16_adapt_full_run_c4_2/7N2R+MAVMAPRTLV+TLMSAMTNL+CAESMKGGSY+CASSQDLRGE_0_428.pdb,/p/project1/hai_1252/toulouse1/flexcraft/data/adapt/full_run_seed/2026-06-27_10:57:16_adapt_full_run_c4_2/7N2R+MAVMAPRTLV+TLMSAMTNL+CAESMKGGSY+CASSQDLRGE_0_484.pdb,/p/project1/hai_1252/toulouse1/flexcraft/data/adapt/full_run_seed/2026-06-27_10:57:16_adapt_full_run_c4_2/7N2R+MAVMAPRTLV+TLMSAMTNL+CAESMKGGSY+CASSQDLRGE_0_624.pdb,/p/project1/hai_1252/toulouse1/flexcraft/data/adapt/full_run_seed/2026-06-27_10:57:16_adapt_full_run_c4_2/7N2R+MAVMAPRTLV+TLMSAMTNL+CAESMKGGSY+CASSQDLRGE_0_458.pdb,/p/project1/hai_1252/toulouse1/flexcraft/data/adapt/full_run_seed/2026-06-27_10:57:16_adapt_full_run_c4_2/7N2R+MAVMAPRTLV+TLMSAMTNL+CAESMKGGSY+CASSQDLRGE_0_686.pdb,/p/project1/hai_1252/toulouse1/flexcraft/data/adapt/full_run_seed/2026-06-27_10:57:16_adapt_full_run_c4_2/7N2R+MAVMAPRTLV+TLMSAMTNL+CAESMKGGSY+CASSQDLRGE_0_661.pdb,/p/project1/hai_1252/toulouse1/flexcraft/data/adapt/full_run_seed/2026-06-27_10:57:16_adapt_full_run_c4_2/7N2R+MAVMAPRTLV+TLMSAMTNL+CAESMKGGSY+CASSQDLRGE_0_681.pdb,/p/project1/hai_1252/toulouse1/flexcraft/data/adapt/full_run_seed/2026-06-27_10:57:16_adapt_full_run_c4_2/7N2R+MAVMAPRTLV+TLMSAMTNL+CAESMKGGSY+CASSQDLRGE_0_579.pdb
/p/project1/hai_1252/toulouse1/flexcraft/data/adapt/full_run_seed/2026-06-27_10:57:16_adapt_full_run_c4_2/7N2R+MAVMAPRTLV+TLMSAMTNL+CAESMKGGSY+CASSQDLRGE_0_377.pdb,8.649076335132122e-06,1.5111709833145142,1.550755500793457,1.3803458213806152,1.567537784576416,1.4684919118881226,0.9967445731163025,0.9823687076568604,1.0961103439331055,1.1080559492111206,1.118891954421997,0.9663786292076111,1.2818204164505005,0.9755244851112366,1.5451586246490479,0.9770360589027405,1.5727415084838867,1.5534452199935913,1.1922372579574585,1.5161371231079102,1.6110035181045532,0.9777383208274841,1.5387598276138306,1.376969814300537,1.6191604137420654,1.12428879737854,1.2864367961883545,0.8049639463424683,1.0590758323669434,1.122391939163208,0.9255864024162292,1.5484455823898315,1.012352466583252,1.1249475479125977,1.2109522819519043,1.0003957748413086,1.0459314584732056,0.9824177026748657,1.1770528554916382,1.4687223434448242,1.2164647579193115,0.9353981614112854,1.3502634763717651,1.0658936500549316,1.5494228601455688,1.1082700490951538,1.1464018821716309,1.1786636114120483,1.3748574256896973,1.5886962413787842,1.4976834058761597,1.0247347354888916,0.812969446182251,0.8877863883972168,1.560869812965393,1.1081912517547607,0.9945813417434692,1.6090631484985352,1.491457223892212,1.059725046157837,1.4918088912963867,1.0403034687042236,1.0730369091033936,1.044603943824768,1.07830810546875,1.0271764993667603,1.1652166843414307,1.035630464553833,0.9549363255500793,1.1142802238464355
/p/project1/hai_1252/toulouse1/flexcraft/data/adapt/full_run_seed/2026-06-27_10:57:16_adapt_full_run_c4_2/7N2R+MAVMAPRTLV+TLMSAMTNL+CAESMKGGSY+CASSQDLRGE_0_660.pdb,1.5111709833145142,8.507257007295266e-06,2.0324971675872803,0.8726921081542969,0.2757357060909271,1.0753412246704102,0.838395357131958,0.9813978672027588,0.942216694355011,0.7855522036552429,0.7986177802085876,0.9488396644592285,0.8668348789215088,0.9851182103157043,0.3056263327598572,1.0193305015563965,1.2829327583312988,2.008761167526245,0.6380482912063599,1.6232625246047974,2.0607197284698486,0.9582014679908752,0.3139137327671051,1.2497543096542358,2.0944762229919434,0.7968029379844666,0.8312824368476868,1.1599146127700806,0.9512272477149963,0.6364046931266785,1.1042027473449707,2.0205159187316895,1.7131448984146118,0.7984675765037537,0.8956254720687866,0.9454980492591858,0.7721254825592041,0.970016360282898,0.8015101552009583,0.23096871376037598,0.8370085954666138,1.3544249534606934,0.8995604515075684,0.7966283559799194,1.978679895401001,0.9749303460121155,0.6034768223762512,0.616204023361206,1.0824787616729736,2.15617036819458,1.5656318664550781,0.9041910767555237,1.202515721321106,0.8620263338088989,2.1239230632781982,0.9195626974105835,0.9003292918205261,1.6237019300460815,0.2322518229484558,1.0640864372253418,0.2324090152978897,1.5080385208129883,0.8298395276069641,0.8254840970039368,0.7885466814041138,1.07119882106781,0.9145917296409607,0.9931471347808838,1.4897873401641846,0.9295273423194885
/p/project1/hai_1252/toulouse1/flexcraft/data/adapt/full_run_seed/2026-06-27_10:57:16_adapt_full_run_c4_2/7N2R+MAVMAPRTLV+TLMSAMTNL+CAESMKGGSY+CASSQDLRGE_0_324.pdb,1.5507519245147705,2.0324959754943848,1.8562202967586927e-05,2.0014569759368896,2.0419821739196777,2.0589663982391357,1.4942150115966797,1.5082521438598633,1.5754554271697998,1.5994722843170166,1.6100075244903564,1.480665683746338,1.5792286396026611,1.4274486303329468,2.0262882709503174,1.4845685958862305,2.1232998371124268,0.12295632064342499,1.6942293643951416,0.8477914333343506,0.14513184130191803,1.4256694316864014,1.9986015558242798,2.0629501342773438,0.18211360275745392,1.6026209592819214,1.6057651042938232,1.2256534099578857,1.5832468271255493,1.6923799514770508,1.4404464960098267,0.23203045129776,1.7807906866073608,1.5922532081604004,1.579312801361084,1.5003165006637573,1.599285364151001,1.524280071258545,1.5279747247695923,1.9630615711212158,1.548712968826294,1.3695149421691895,1.6220457553863525,1.5996813774108887,0.3282979726791382,1.4335843324661255,1.684723138809204,1.7616420984268188,2.0689241886138916,0.5858360528945923,0.8634312152862549,1.542043685913086,1.4444550275802612,1.5834438800811768,0.551565408706665,1.6345783472061157,1.5061248540878296,1.0172796249389648,1.9833719730377197,1.722047209739685,1.9844882488250732,1.532320261001587,1.5615415573120117,1.5538116693496704,1.6101300716400146,1.5173333883285522,1.6857917308807373,1.4321906566619873,0.9974402189254761,1.594228982925415
/p/project1/hai_1252/toulouse1/flexcraft/data/adapt/full_run_seed/2026-06-27_10:57:16_adapt_full_run_c4_2/7N2R+MAVMAPRTLV+TLMSAMTNL+CAESMKGGSY+CASSQDLRGE_0_544.pdb,1.3803437948226929,0.8726924061775208,2.001460075378418,1.1907791304111015e-05,0.9419693350791931,0.6853988170623779,1.042964220046997,1.0731755495071411,1.1514017581939697,0.9964584708213806,1.0481834411621094,1.0535892248153687,1.1137484312057495,1.1003161668777466,0.9334939122200012,1.0775198936462402,0.7807591557502747,1.9839760065078735,0.9848201274871826,1.627337098121643,2.032710313796997,1.0691593885421753,0.9391689300537109,1.0104612112045288,2.061312437057495,1.0220091342926025,1.093764305114746,1.2124100923538208,1.1028677225112915,0.9288707971572876,1.1621547937393188,1.9933505058288574,1.672415018081665,1.0653239488601685,1.0942702293395996,1.057837963104248,1.0009130239486694,1.0699856281280518,1.0494216680526733,0.8996292948722839,1.0912294387817383,1.3772776126861572,1.1558992862701416,1.065969467163086,1.9498252868652344,1.1179873943328857,0.9529802799224854,0.8664814233779907,0.7290314435958862,2.1108100414276123,1.59389328956604,1.0365912914276123,1.209607481956482,1.0367069244384766,2.065882444381714,1.0888276100158691,1.1189178228378296,1.7017825841903687,0.9094720482826233,0.8683802485466003,0.9091808795928955,1.3287928104400635,1.0609610080718994,0.9986581802368164,1.04000985622406,1.1476125717163086,1.0867395401000977,1.1081994771957397,1.4524424076080322,1.1445798873901367
/p/project1/hai_1252/toulouse1/flexcraft/data/adapt/full_run_seed/2026-06-27_10:57:16_adapt_full_run_c4_2/7N2R+MAVMAPRTLV+TLMSAMTNL+CAESMKGGSY+CASSQDLRGE_0_631.pdb,1.5675387382507324,0.27573639154434204,2.0419843196868896,0.941970705986023,5.180914286029292e-06,1.1659070253372192,0.8513005971908569,0.959987223148346,0.972969651222229,0.7425929307937622,0.7781162858009338,0.9280277490615845,0.7835714221000671,0.9584741592407227,0.10461117327213287,1.0408672094345093,1.3331331014633179,2.019261598587036,0.7029716372489929,1.6097279787063599,2.0664212703704834,0.9388344287872314,0.14258873462677002,1.329016089439392,2.096565008163452,0.7416799068450928,0.7554011344909668,1.1832908391952515,0.9075937867164612,0.6980400085449219,1.0953513383865356,2.0305001735687256,1.7640753984451294,0.7928954362869263,0.8298105597496033,0.9208329319953918,0.8218305706977844,0.9483563899993896,0.8153274655342102,0.16198545694351196,0.8440901637077332,1.441162109375,0.8036400079727173,0.8380568027496338,1.9991662502288818,0.9304055571556091,0.6444212198257446,0.6997506618499756,1.1282621622085571,2.1462910175323486,1.5826376676559448,0.88457852602005,1.2729641199111938,0.8926218748092651,2.1753792762756348,0.8685709238052368,0.9383861422538757,1.57503342628479,0.12494371831417084,1.0702944993972778,0.11298944801092148,1.6086574792861938,0.8080993294715881,0.7896249294281006,0.8007981181144714,1.030707597732544,0.8582821488380432,0.9679835438728333,1.5303608179092407,0.9425013661384583
/p/project1/hai_1252/toulouse1/flexcraft/data/adapt/full_run_seed/2026-06-27_10:57:16_adapt_full_run_c4_2/7N2R+MAVMAPRTLV+TLMSAMTNL+CAESMKGGSY+CASSQDLRGE_0_670.pdb,1.468492031097412,1.0753406286239624,2.058967351913452,0.6853995323181152,1.1659066677093506,2.167007369280327e-05,1.203004002571106,1.2381945848464966,1.2382463216781616,1.2037125825881958,1.184193730354309,1.222414255142212,1.2911200523376465,1.2661991119384766,1.1694990396499634,1.1954104900360107,0.568061113357544,2.0411298274993896,1.0939453840255737,1.722640037536621,2.089496612548828,1.2390130758285522,1.1684024333953857,0.8913870453834534,2.1180837154388428,1.2088398933410645,1.2648024559020996,1.329990029335022,1.2836686372756958,1.0691791772842407,1.3101637363433838,2.0568923950195312,1.7607327699661255,1.2157052755355835,1.281773567199707,1.2264398336410522,1.106566309928894,1.2442160844802856,1.147350788116455,1.1279621124267578,1.180328130722046,1.410819172859192,1.315189003944397,1.1929302215576172,2.019313335418701,1.2964638471603394,1.109857201576233,1.0077983140945435,0.7073287963867188,2.1504011154174805,1.6597466468811035,1.2152187824249268,1.1761356592178345,1.2130415439605713,2.0483505725860596,1.276875615119934,1.2456721067428589,1.7738618850708008,1.132225751876831,0.9471713900566101,1.130096197128296,1.312240481376648,1.2170491218566895,1.1879833936691284,1.1805742979049683,1.3054192066192627,1.2701623439788818,1.2931556701660156,1.5544750690460205,1.2433667182922363
/p/project1/hai_1252/toulouse1/flexcraft/data/adapt/full_run_seed/2026-06-27_10:57:16_adapt_full_run_c4_2/7N2R+MAVMAPRTLV+TLMSAMTNL+CAESMKGGSY+CASSQDLRGE_0_378.pdb,0.9967426657676697,0.8383938670158386,1.4942153692245483,1.042962908744812,0.8513004779815674,1.203005313873291,7.26928055883036e-06,0.402384877204895,0.4581284821033478,0.35769468545913696,0.32455089688301086,0.37433046102523804,0.5201605558395386,0.39331308007240295,0.8406304717063904,0.49193698167800903,1.3861515522003174,1.4851312637329102,0.620638906955719,1.1970890760421753,1.5406739711761475,0.4559561312198639,0.8297098278999329,1.2515898942947388,1.5625003576278687,0.35052213072776794,0.5030450820922852,0.5154215693473816,0.4251728653907776,0.4745490252971649,0.48882198333740234,1.4906781911849976,1.2329236268997192,0.28821590542793274,0.5088224411010742,0.38339361548423767,0.42702946066856384,0.43995779752731323,0.5634702444076538,0.7726322412490845,0.610634446144104,0.8717346787452698,0.6056439876556396,0.3425754904747009,1.4731390476226807,0.46677887439727783,0.38472944498062134,0.5633276104927063,1.1751887798309326,1.559640884399414,1.1481176614761353,0.4203703701496124,0.6605270504951477,0.3701295852661133,1.606979489326477,0.45312944054603577,0.29887303709983826,1.1915030479431152,0.7873892784118652,0.7850487232208252,0.782042920589447,1.0845307111740112,0.23355881869792938,0.35992568731307983,0.32471027970314026,0.538574755191803,0.495388925075531,0.43805044889450073,0.9399620890617371,0.4515998959541321
/p/project1/hai_1252/toulouse1/flexcraft/data/adapt/full_run_seed/2026-06-27_10:57:16_adapt_full_run_c4_2/7N2R+MAVMAPRTLV+TLMSAMTNL+CAESMKGGSY+CASSQDLRGE_0_423.pdb,0.9823686480522156,0.9813966751098633,1.5082519054412842,1.0731755495071411,0.9599865078926086,1.2381935119628906,0.4023846387863159,8.90512910700636e-06,0.5340703129768372,0.3717048764228821,0.4130013585090637,0.11881794780492783,0.531956136226654,0.279019296169281,0.9356019496917725,0.3642352521419525,1.394921898841858,1.499754786491394,0.7390033602714539,1.1570963859558105,1.5518484115600586,0.2973785698413849,0.9319740533828735,1.3333094120025635,1.5674247741699219,0.38568922877311707,0.5302898287773132,0.559125542640686,0.2984330952167511,0.566867470741272,0.2369934469461441,1.4926377534866333,1.2115108966827393,0.44975683093070984,0.5284146666526794,0.10672266036272049,0.48769399523735046,0.1764056384563446,0.5957662463188171,0.8893511891365051,0.6348790526390076,1.0118002891540527,0.6036794781684875,0.509123682975769,1.4871770143508911,0.47287553548812866,0.5365956425666809,0.6743037700653076,1.2164002656936646,1.5334171056747437,1.1661819219589233,0.21394237875938416,0.6636657118797302,0.4093082845211029,1.6548329591751099,0.36612698435783386,0.48869794607162476,1.1953688859939575,0.9052415490150452,0.7256532907485962,0.8982147574424744,1.2306498289108276,0.37909606099128723,0.27821436524391174,0.4345356225967407,0.23735913634300232,0.41225898265838623,0.4528045058250427,0.9132463932037354,0.5075379610061646
/p/project1/hai_1252/toulouse1/flexcraft/data/adapt/full_run_seed/2026-06-27_10:57:16_adapt_full_run_c4_2/7N2R+MAVMAPRTLV+TLMSAMTNL+CAESMKGGSY+CASSQDLRGE_0_664.pdb,1.0961116552352905,0.9422168731689453,1.5754574537277222,1.1514017581939697,0.9729712009429932,1.2382458448410034,0.4581298828125,0.5340681672096252,1.0363838555349503e-05,0.6293046474456787,0.35449230670928955,0.5440638065338135,0.6694005727767944,0.5750248432159424,0.9811383485794067,0.5181101560592651,1.435520052909851,1.5566871166229248,0.6429619193077087,1.2533259391784668,1.6166985034942627,0.5727837681770325,0.9895303845405579,1.2633386850357056,1.6355936527252197,0.6143959760665894,0.6084232926368713,0.6711301803588867,0.6089469194412231,0.6005473732948303,0.5579556822776794,1.567775011062622,1.3437386751174927,0.3062404990196228,0.7468640804290771,0.5273743867874146,0.4649258255958557,0.5708625316619873,0.5253498554229736,0.9102450013160706,0.5287607312202454,0.895514965057373,0.694892168045044,0.24657104909420013,1.5683902502059937,0.7297811508178711,0.49562621116638184,0.6080451011657715,1.2753076553344727,1.5769046545028687,1.182864785194397,0.49620556831359863,0.6288833618164062,0.5555058717727661,1.6377432346343994,0.6442508101463318,0.31236544251441956,1.2526881694793701,0.9093479514122009,0.8527266383171082,0.9080445766448975,1.1228044033050537,0.3706000745296478,0.5857476592063904,0.2953487038612366,0.6113496422767639,0.6532560586929321,0.7034923434257507,1.0599521398544312,0.12671490013599396
/p/project1/hai_1252/toulouse1/flexcraft/data/adapt/full_run_seed/2026-06-27_10:57:16_adapt_full_run_c4_2/7N2R+MAVMAPRTLV+TLMSAMTNL+CAESMKGGSY+CASSQDLRGE_0_566.pdb,1.1080560684204102,0.7855547666549683,1.5994740724563599,0.9964587688446045,0.74259352684021,1.2037115097045898,0.35769274830818176,0.3717045783996582,0.6293031573295593,7.108073077688459e-06,0.3867264688014984,0.3463588356971741,0.41058582067489624,0.39479976892471313,0.7183213829994202,0.5198348164558411,1.3457781076431274,1.5881283283233643,0.6807414293289185,1.2526851892471313,1.6362658739089966,0.4420393407344818,0.7041985988616943,1.327733039855957,1.6543951034545898,0.16273869574069977,0.421968013048172,0.6871716380119324,0.286624938249588,0.4994380474090576,0.5063583850860596,1.5948554277420044,1.283643126487732,0.4395226836204529,0.34375569224357605,0.3502139151096344,0.5258429646492004,0.37542617321014404,0.627732515335083,0.6848700642585754,0.6726181507110596,1.0960177183151245,0.5133944749832153,0.5383710861206055,1.58167564868927,0.35761722922325134,0.3929304778575897,0.6051153540611267,1.1484190225601196,1.6723202466964722,1.2323447465896606,0.37148651480674744,0.8510456681251526,0.40310928225517273,1.747861385345459,0.29849809408187866,0.5456500053405762,1.2314552068710327,0.7024898529052734,0.7839938402175903,0.6886164546012878,1.3050919771194458,0.3478066027164459,0.25431784987449646,0.44087156653404236,0.46625933051109314,0.3243557810783386,0.35778698325157166,0.9932669997215271,0.5964528918266296
/p/project1/hai_1252/toulouse1/flexcraft/data/adapt/full_run_seed/2026-06-27_10:57:16_adapt_full_run_c4_2/7N2R+MAVMAPRTLV+TLMSAMTNL+CAESMKGGSY+CASSQDLRGE_0_563.pdb,1.1188937425613403,0.7986148595809937,1.6100077629089355,1.0481818914413452,0.7781181335449219,1.1841943264007568,0.3245508372783661,0.41300123929977417,0.35449719429016113,0.38672587275505066,1.5870071365498006e-05,0.41008129715919495,0.47211289405822754,0.4587305784225464,0.7734242677688599,0.4614484906196594,1.3609411716461182,1.5951334238052368,0.590104877948761,1.256991982460022,1.6490154266357422,0.4697159230709076,0.7737021446228027,1.305004358291626,1.6658827066421509,0.3598405122756958,0.4295247793197632,0.6736675500869751,0.39769265055656433,0.4873000383377075,0.48757338523864746,1.6115591526031494,1.3342639207839966,0.233866348862648,0.5238615870475769,0.4024330973625183,0.42004483938217163,0.43624746799468994,0.5110730528831482,0.7239423394203186,0.5422343015670776,1.0150405168533325,0.5008378028869629,0.3079420328140259,1.606256127357483,0.5369665622711182,0.3584388792514801,0.553495466709137,1.2005630731582642,1.6355701684951782,1.2012768983840942,0.37694627046585083,0.7474320530891418,0.42444783449172974,1.725730061531067,0.41101744771003723,0.38106971979141235,1.2214685678482056,0.7289540767669678,0.7831262946128845,0.7199794054031372,1.2287302017211914,0.17222371697425842,0.38734006881713867,0.17399470508098602,0.4809826612472534,0.41522881388664246,0.5441897511482239,1.0689489841461182,0.3094465732574463
/p/project1/hai_1252/toulouse1/flexcraft/data/adapt/full_run_seed/2026-06-27_10:57:16_adapt_full_run_c4_2/7N2R+MAVMAPRTLV+TLMSAMTNL+CAESMKGGSY+CASSQDLRGE_0_323.pdb,0.9663797616958618,0.948840320110321,1.4806642532348633,1.053590178489685,0.9280260801315308,1.222412109375,0.37433111667633057,0.11881629377603531,0.5440713763237,0.34635740518569946,0.4100807309150696,4.409995653986698e-06,0.5115247368812561,0.20327922701835632,0.9070810675621033,0.38268283009529114,1.3782784938812256,1.4746989011764526,0.7008592486381531,1.1441996097564697,1.5255671739578247,0.30357712507247925,0.8948028087615967,1.3202108144760132,1.5443084239959717,0.3471931219100952,0.517923891544342,0.5084580183029175,0.325221985578537,0.5247185230255127,0.28189408779144287,1.4637246131896973,1.213047981262207,0.4430599510669708,0.5160019397735596,0.09823454916477203,0.4460213780403137,0.20277482271194458,0.5631294250488281,0.8550098538398743,0.6058090329170227,0.9763256907463074,0.5920752882957458,0.5021596550941467,1.457535743713379,0.44853347539901733,0.5049790740013123,0.6399347186088562,1.1963549852371216,1.5114682912826538,1.1572197675704956,0.24160653352737427,0.6548996567726135,0.40209150314331055,1.6414216756820679,0.39534515142440796,0.47031259536743164,1.1727309226989746,0.8723114728927612,0.7125252485275269,0.8658859133720398,1.2075903415679932,0.3643590211868286,0.2172771543264389,0.4355781376361847,0.2794613540172577,0.4558546543121338,0.43796148896217346,0.907740592956543,0.5224303007125854
/p/project1/hai_1252/toulouse1/flexcraft/data/adapt/full_run_seed/2026-06-27_10:57:16_adapt_full_run_c4_2/7N2R+MAVMAPRTLV+TLMSAMTNL+CAESMKGGSY+CASSQDLRGE_0_459.pdb,1.2818187475204468,0.8668399453163147,1.5792285203933716,1.113749384880066,0.7835714817047119,1.2911219596862793,0.5201616287231445,0.5319545865058899,0.669400155544281,0.4105822443962097,0.4721141755580902,0.5115274786949158,1.224521292897407e-05,0.47944745421409607,0.7726879715919495,0.6528081893920898,1.4037941694259644,1.570705771446228,0.7354609966278076,1.1793383359909058,1.6098849773406982,0.5617580413818359,0.7504198551177979,1.4089105129241943,1.631723165512085,0.3861278295516968,0.13285863399505615,0.8093188405036926,0.5114899277687073,0.6565374135971069,0.651944100856781,1.5674883127212524,1.4187803268432617,0.5090718865394592,0.29552578926086426,0.4974946975708008,0.6138235926628113,0.5676248073577881,0.5894976854324341,0.7535130381584167,0.6139397025108337,1.1756681203842163,0.1702258437871933,0.647379994392395,1.5646240711212158,0.35872843861579895,0.5475208759307861,0.7335191369056702,1.266669750213623,1.610944390296936,1.1890437602996826,0.5511230230331421,0.9551202654838562,0.6246982216835022,1.7638812065124512,0.522397518157959,0.6769256591796875,1.0872381925582886,0.7621428370475769,0.8698376417160034,0.751139760017395,1.4013843536376953,0.4723901152610779,0.43317344784736633,0.561735987663269,0.5908998847007751,0.5335341095924377,0.43107107281684875,1.1041474342346191,0.6099515557289124
/p/project1/hai_1252/toulouse1/flexcraft/data/adapt/full_run_seed/2026-06-27_10:57:16_adapt_full_run_c4_2/7N2R+MAVMAPRTLV+TLMSAMTNL+CAESMKGGSY+CASSQDLRGE_0_307.pdb,0.9755262732505798,0.9851197600364685,1.4274483919143677,1.100318193435669,0.9584740996360779,1.266200304031372,0.39331114292144775,0.2790144383907318,0.5750198364257812,0.3948019742965698,0.4587312936782837,0.2032814621925354,0.4794466495513916,1.3072108231426682e-05,0.9442296624183655,0.46316760778427124,1.4173860549926758,1.4252830743789673,0.7161188125610352,1.127478837966919,1.4736660718917847,0.39518383145332336,0.9203516840934753,1.3485125303268433,1.4944688081741333,0.37625983357429504,0.5021719336509705,0.45296087861061096,0.4359978139400482,0.5504481196403503,0.39006924629211426,1.4095704555511475,1.2259206771850586,0.46732160449028015,0.5141105651855469,0.23890766501426697,0.4550933837890625,0.34604257345199585,0.5524015426635742,0.8895296454429626,0.5903687477111816,0.9093448519706726,0.5640978217124939,0.5454040765762329,1.413536548614502,0.43273836374282837,0.5287045240402222,0.6684079170227051,1.240309715270996,1.4406400918960571,1.159855842590332,0.3669123351573944,0.676659345626831,0.47237661480903625,1.6105661392211914,0.5053407549858093,0.5019741058349609,1.1106984615325928,0.9069932103157043,0.7416389584541321,0.9005278944969177,1.1673327684402466,0.3950524926185608,0.24862584471702576,0.5008092522621155,0.39370396733283997,0.5523558259010315,0.43887966871261597,0.9224594235420227,0.5521296262741089
/p/project1/hai_1252/toulouse1/flexcraft/data/adapt/full_run_seed/2026-06-27_10:57:16_adapt_full_run_c4_2/7N2R+MAVMAPRTLV+TLMSAMTNL+CAESMKGGSY+CASSQDLRGE_0_600.pdb,1.5451605319976807,0.30562660098075867,2.026287794113159,0.9334935545921326,0.10461191833019257,1.1694989204406738,0.8406316637992859,0.9355997443199158,0.9811376929283142,0.7183219194412231,0.7734228372573853,0.9070810675621033,0.7726902365684509,0.9442316889762878,1.745185727486387e-05,1.028890609741211,1.3298945426940918,2.0029542446136475,0.7215343713760376,1.5873087644577026,2.050811529159546,0.9140152335166931,0.1288176327943802,1.3250298500061035,2.08028507232666,0.7292428016662598,0.7492225170135498,1.1733545064926147,0.8813989162445068,0.696449875831604,1.0708876848220825,2.015247344970703,1.743149757385254,0.7928364872932434,0.812362015247345,0.9012452363967896,0.8265703916549683,0.9241135120391846,0.8248702883720398,0.13952738046646118,0.8580381274223328,1.451411485671997,0.7954620718955994,0.8412330150604248,1.9803779125213623,0.9086942076683044,0.6443891525268555,0.7152676582336426,1.1178160905838013,2.1362385749816895,1.5654098987579346,0.8625263571739197,1.2672065496444702,0.8667981624603271,2.159723997116089,0.8401678204536438,0.9405901432037354,1.5652363300323486,0.13117146492004395,1.058053731918335,0.12512126564979553,1.6175228357315063,0.8031642436981201,0.7737600803375244,0.7941085696220398,1.0040785074234009,0.8285041451454163,0.9451663494110107,1.5069600343704224,0.9471614360809326
/p/project1/hai_1252/toulouse1/flexcraft/data/adapt/full_run_seed/2026-06-27_10:57:16_adapt_full_run_c4_2/7N2R+MAVMAPRTLV+TLMSAMTNL+CAESMKGGSY+CASSQDLRGE_0_632.pdb,0.9770361185073853,1.019329309463501,1.4845654964447021,1.0775201320648193,1.0408662557601929,1.1954103708267212,0.49193739891052246,0.3642326891422272,0.5181083679199219,0.5198345184326172,0.4614502191543579,0.3826843798160553,0.6528075933456421,0.4631693661212921,1.0288909673690796,7.554656349384459e-06,1.3611278533935547,1.4757211208343506,0.7468835115432739,1.171114444732666,1.5248689651489258,0.4327860176563263,1.019753098487854,1.3552483320236206,1.5369902849197388,0.5292217135429382,0.64404296875,0.616472601890564,0.42316314578056335,0.6267844438552856,0.3163873553276062,1.48143470287323,1.1915558576583862,0.5452325940132141,0.6339236497879028,0.37998390197753906,0.5301790237426758,0.34526875615119934,0.632148027420044,0.9732368588447571,0.6634159088134766,0.9441612362861633,0.700704038143158,0.5500472784042358,1.478868842124939,0.5826043486595154,0.5963024497032166,0.6632847189903259,1.2396574020385742,1.523898720741272,1.128738284111023,0.3840261697769165,0.6673314571380615,0.48444390296936035,1.601503610610962,0.4670988619327545,0.5346784591674805,1.2110687494277954,0.9880121350288391,0.813340425491333,0.9769688844680786,1.1673461198806763,0.48135554790496826,0.4655631482601166,0.49245116114616394,0.3733580410480499,0.513266384601593,0.559953510761261,0.8744653463363647,0.5169360041618347
/p/project1/hai_1252/toulouse1/flexcraft/data/adapt/full_run_seed/2026-06-27_10:57:16_adapt_full_run_c4_2/7N2R+MAVMAPRTLV+TLMSAMTNL+CAESMKGGSY+CASSQDLRGE_0_512.pdb,1.5727410316467285,1.2829322814941406,2.1233038902282715,0.7807591557502747,1.3331331014633179,0.5680608749389648,1.3861520290374756,1.3949209451675415,1.4355196952819824,1.3457789421081543,1.3609427213668823,1.3782793283462524,1.403793215751648,1.4173868894577026,1.3298945426940918,1.3611259460449219,1.3451144695864059e-05,2.107304811477661,1.3072813749313354,1.7970412969589233,2.150306224822998,1.3815183639526367,1.3303391933441162,0.8803550601005554,2.1770617961883545,1.3559396266937256,1.3829162120819092,1.4985836744308472,1.4261376857757568,1.2772152423858643,1.4585556983947754,2.1180105209350586,1.8724334239959717,1.403969407081604,1.38978910446167,1.3826243877410889,1.3071753978729248,1.3948955535888672,1.3183104991912842,1.305367350578308,1.3454433679580688,1.620785117149353,1.4216638803482056,1.3984053134918213,2.0831921100616455,1.4057332277297974,1.302890419960022,1.2215840816497803,0.5765038728713989,2.222581386566162,1.756149172782898,1.369364857673645,1.3784581422805786,1.3789474964141846,2.131617784500122,1.4173376560211182,1.44451105594635,1.8608697652816772,1.3098526000976562,1.0789837837219238,1.309620976448059,1.5038402080535889,1.3884623050689697,1.3475335836410522,1.3616796731948853,1.4454433917999268,1.4077973365783691,1.405188798904419,1.6376944780349731,1.4300270080566406
/p/project1/hai_1252/toulouse1/flexcraft/data/adapt/full_run_seed/2026-06-27_10:57:16_adapt_full_run_c4_2/7N2R+MAVMAPRTLV+TLMSAMTNL+CAESMKGGSY+CASSQDLRGE_0_594.pdb,1.553445816040039,2.008760452270508,0.12296805530786514,1.983974575996399,2.019259452819824,2.041130542755127,1.485132098197937,1.4997543096542358,1.556685209274292,1.5881261825561523,1.5951337814331055,1.4746981859207153,1.570705533027649,1.4252835512161255,2.0029520988464355,1.475722074508667,2.1073055267333984,1.0207880222878885e-05,1.6685911417007446,0.8354595303535461,0.15140235424041748,1.4088191986083984,1.9783483743667603,2.0408005714416504,0.1851889044046402,1.5944416522979736,1.5927670001983643,1.2226051092147827,1.5739396810531616,1.6751056909561157,1.4321656227111816,0.27794280648231506,1.7775486707687378,1.5743097066879272,1.5711687803268433,1.4914507865905762,1.5855365991592407,1.5136821269989014,1.5093706846237183,1.9406756162643433,1.5291650295257568,1.3584624528884888,1.612189769744873,1.5804269313812256,0.35813936591148376,1.4325488805770874,1.6662299633026123,1.7418460845947266,2.0510973930358887,0.6077865958213806,0.8514094352722168,1.5246185064315796,1.4391056299209595,1.5717875957489014,0.5220414996147156,1.6237590312957764,1.4916330575942993,1.0168784856796265,1.9602031707763672,1.7076812982559204,1.961772084236145,1.5205217599868774,1.5471606254577637,1.5451172590255737,1.5926556587219238,1.5080333948135376,1.6708987951278687,1.4301462173461914,0.9912407994270325,1.575347900390625
/p/project1/hai_1252/toulouse1/flexcraft/data/adapt/full_run_seed/2026-06-27_10:57:16_adapt_full_run_c4_2/7N2R+MAVMAPRTLV+TLMSAMTNL+CAESMKGGSY+CASSQDLRGE_0_448.pdb,1.1922370195388794,0.6380488276481628,1.6942287683486938,0.9848203063011169,0.7029725909233093,1.0939444303512573,0.6206389665603638,0.739004909992218,0.642963707447052,0.6807382106781006,0.5901062488555908,0.7008604407310486,0.735458254814148,0.7161156535148621,0.7215349674224854,0.7468848824501038,1.307281732559204,1.6685893535614014,1.5694529793108813e-05,1.3366457223892212,1.7313586473464966,0.6322704553604126,0.7126938700675964,1.2063151597976685,1.763171672821045,0.6711253523826599,0.6879876255989075,0.8263474702835083,0.7970437407493591,0.4015119671821594,0.8323744535446167,1.6866387128829956,1.4390599727630615,0.5682225227355957,0.8016173243522644,0.7060148119926453,0.4225992262363434,0.7454933524131775,0.45763328671455383,0.6429542303085327,0.5047750473022461,1.0067265033721924,0.774107813835144,0.5553920865058899,1.6537113189697266,0.830270528793335,0.45011645555496216,0.42828235030174255,1.1424269676208496,1.7632988691329956,1.295548677444458,0.6798915266990662,0.8429740071296692,0.6121622920036316,1.7828137874603271,0.8018952012062073,0.6235048174858093,1.3555161952972412,0.6484354138374329,0.7930665016174316,0.6444249749183655,1.2164807319641113,0.60214763879776,0.6135144233703613,0.5667930245399475,0.8433074355125427,0.8213170766830444,0.8329705595970154,1.1827789545059204,0.6365962028503418
/p/project1/hai_1252/toulouse1/flexcraft/data/adapt/full_run_seed/2026-06-27_10:57:16_adapt_full_run_c4_2/7N2R+MAVMAPRTLV+TLMSAMTNL+CAESMKGGSY+CASSQDLRGE_0_476.pdb,1.5161365270614624,1.623264193534851,0.8477917313575745,1.6273335218429565,1.6097286939620972,1.7226359844207764,1.1970881223678589,1.1570974588394165,1.2533241510391235,1.2526881694793701,1.2569936513900757,1.1441972255706787,1.179339051246643,1.1274787187576294,1.587307095527649,1.1711132526397705,1.7970443964004517,0.8354589939117432,1.3366446495056152,1.9673867427627556e-05,0.8399041295051575,1.0450433492660522,1.5691744089126587,1.7651805877685547,0.8788423538208008,1.2674068212509155,1.196592092514038,1.108565092086792,1.2403786182403564,1.3630187511444092,1.1412487030029297,0.7900598645210266,1.7044724225997925,1.2441737651824951,1.216272234916687,1.151785969734192,1.2734986543655396,1.188503623008728,1.1395677328109741,1.5401157140731812,1.1572521924972534,1.3567888736724854,1.2205768823623657,1.288755178451538,0.7420130968093872,1.1045809984207153,1.3559958934783936,1.4445269107818604,1.7372701168060303,1.0405317544937134,0.38508662581443787,1.197756052017212,1.2356213331222534,1.257925271987915,1.0501139163970947,1.2839515209197998,1.2332972288131714,0.5902597904205322,1.5602951049804688,1.3921287059783936,1.5588836669921875,1.562173843383789,1.227125883102417,1.2169188261032104,1.2720314264297485,1.1659456491470337,1.3093225955963135,1.1313691139221191,0.9520136117935181,1.241845965385437
/p/project1/hai_1252/toulouse1/flexcraft/data/adapt/full_run_seed/2026-06-27_10:57:16_adapt_full_run_c4_2/7N2R+MAVMAPRTLV+TLMSAMTNL+CAESMKGGSY+CASSQDLRGE_0_389.pdb,1.6110010147094727,2.060718536376953,0.14513246715068817,2.032712459564209,2.0664238929748535,2.0894968509674072,1.5406742095947266,1.5518486499786377,1.6166971921920776,1.636265754699707,1.6490156650543213,1.5255663394927979,1.60988450050354,1.4736660718917847,2.0508108139038086,1.5248678922653198,2.150308132171631,0.1513996720314026,1.7313593626022339,0.839904248714447,8.723864993953612e-06,1.4630696773529053,2.0231404304504395,2.098064661026001,0.09906349331140518,1.6412174701690674,1.6356563568115234,1.2813304662704468,1.6205387115478516,1.7374086380004883,1.484795093536377,0.25625061988830566,1.8205758333206177,1.632883071899414,1.609575867652893,1.5439481735229492,1.6465283632278442,1.5658495426177979,1.5638513565063477,1.9900705814361572,1.5813267230987549,1.426047444343567,1.651411533355713,1.644076943397522,0.34874269366264343,1.469536542892456,1.7266509532928467,1.8042696714401245,2.1001720428466797,0.649878740310669,0.8631452322006226,1.5821882486343384,1.5005667209625244,1.6295572519302368,0.5534049868583679,1.6695539951324463,1.5534849166870117,1.0206235647201538,2.009488821029663,1.7631149291992188,2.01019024848938,1.5868192911148071,1.6023545265197754,1.5952640771865845,1.6520717144012451,1.5552504062652588,1.7163728475570679,1.4707162380218506,1.0318875312805176,1.6336146593093872
/p/project1/hai_1252/toulouse1/flexcraft/data/adapt/full_run_seed/2026-06-27_10:57:16_adapt_full_run_c4_2/7N2R+MAVMAPRTLV+TLMSAMTNL+CAESMKGGSY+CASSQDLRGE_0_504.pdb,0.977737307548523,0.9581968188285828,1.4256665706634521,1.0691605806350708,0.9388336539268494,1.2390127182006836,0.4559575915336609,0.2973781228065491,0.5727843046188354,0.4420388340950012,0.4697156250476837,0.30357789993286133,0.5617586374282837,0.39518120884895325,0.9140154719352722,0.43278583884239197,1.3815182447433472,1.4088189601898193,0.632270872592926,1.0450400114059448,1.463066577911377,8.68524602992693e-06,0.9144670367240906,1.3197866678237915,1.481829285621643,0.4672964811325073,0.5506019592285156,0.5885045528411865,0.40244388580322266,0.6008376479148865,0.35201776027679443,1.4112135171890259,1.2494808435440063,0.4897535741329193,0.5695899724960327,0.2902188003063202,0.5269922614097595,0.3073711097240448,0.5620962977409363,0.8671691417694092,0.597294270992279,1.0124207735061646,0.6282114386558533,0.5423727631568909,1.4005341529846191,0.5144012570381165,0.5755341649055481,0.6935555338859558,1.2085376977920532,1.474097490310669,1.0653324127197266,0.31396809220314026,0.7202590107917786,0.3946959972381592,1.5707752704620361,0.44985631108283997,0.5286398530006409,1.1100234985351562,0.8815528154373169,0.6982338428497314,0.8769292235374451,1.2481255531311035,0.43677452206611633,0.36835721135139465,0.4784497320652008,0.3631035387516022,0.5015391707420349,0.5040884613990784,0.8390148878097534,0.5431747436523438
/p/project1/hai_1252/toulouse1/flexcraft/data/adapt/full_run_seed/2026-06-27_10:57:16_adapt_full_run_c4_2/7N2R+MAVMAPRTLV+TLMSAMTNL+CAESMKGGSY+CASSQDLRGE_0_409.pdb,1.5387587547302246,0.31391555070877075,1.9985988140106201,0.9391729235649109,0.14258815348148346,1.1684041023254395,0.8297115564346313,0.9319750666618347,0.9895293116569519,0.7041988372802734,0.773701548576355,0.8948040008544922,0.7504231333732605,0.9203490018844604,0.12881746888160706,1.0197526216506958,1.3303418159484863,1.9783484935760498,0.7126906514167786,1.5691750049591064,2.0231385231018066,0.914467453956604,1.2487823369156104e-05,1.3461143970489502,2.0540926456451416,0.7046099305152893,0.7358681559562683,1.151328444480896,0.8779014945030212,0.6852967739105225,1.071561336517334,1.9845582246780396,1.73481285572052,0.798949122428894,0.7882770299911499,0.8931658864021301,0.8105126619338989,0.9235525727272034,0.8050562143325806,0.15913008153438568,0.8402479887008667,1.4263814687728882,0.7786629796028137,0.8506965041160583,1.951832890510559,0.8800367712974548,0.638718843460083,0.7083658576011658,1.1273714303970337,2.1088781356811523,1.5492748022079468,0.8725020885467529,1.259084701538086,0.8644000887870789,2.1426913738250732,0.8426986932754517,0.938804566860199,1.5300883054733276,0.17250078916549683,1.0616202354431152,0.155456081032753,1.6041725873947144,0.8000830411911011,0.7544024586677551,0.8051495552062988,1.0043801069259644,0.8387620449066162,0.9244227409362793,1.4956003427505493,0.9559264779090881
/p/project1/hai_1252/toulouse1/flexcraft/data/adapt/full_run_seed/2026-06-27_10:57:16_adapt_full_run_c4_2/7N2R+MAVMAPRTLV+TLMSAMTNL+CAESMKGGSY+CASSQDLRGE_0_630.pdb,1.3769725561141968,1.2497551441192627,2.062950849533081,1.0104620456695557,1.3290174007415771,0.891392707824707,1.2515875101089478,1.3333110809326172,1.2633379697799683,1.3277347087860107,1.3050063848495483,1.3202115297317505,1.4089123010635376,1.3485147953033447,1.3250278234481812,1.3552449941635132,0.8803530335426331,2.040802001953125,1.2063162326812744,1.7651877403259277,2.098067283630371,1.319786787033081,1.346113920211792,8.858060027705505e-06,2.1315276622772217,1.3404507637023926,1.3693902492523193,1.3548877239227295,1.4180172681808472,1.1782054901123047,1.4117335081100464,2.034783363342285,1.769869089126587,1.24529230594635,1.4290536642074585,1.3212482929229736,1.188578486442566,1.3576991558074951,1.2249888181686401,1.266603946685791,1.2457090616226196,1.3885955810546875,1.4448411464691162,1.2017430067062378,1.9885234832763672,1.4254800081253052,1.2054122686386108,1.1330612897872925,0.5869339108467102,2.155946969985962,1.730258822441101,1.3067073822021484,1.1343791484832764,1.279186725616455,1.9982988834381104,1.416037678718567,1.240299940109253,1.8598328828811646,1.2702914476394653,1.110906720161438,1.2827094793319702,1.3106575012207031,1.2890124320983887,1.3069864511489868,1.242383599281311,1.4351983070373535,1.414924144744873,1.3958299160003662,1.57455575466156,1.2741997241973877
/p/project1/hai_1252/toulouse1/flexcraft/data/adapt/full_run_seed/2026-06-27_10:57:16_adapt_full_run_c4_2/7N2R+MAVMAPRTLV+TLMSAMTNL+CAESMKGGSY+CASSQDLRGE_0_562.pdb,1.6191606521606445,2.0944736003875732,0.18211346864700317,2.061312675476074,2.096564769744873,2.11808180809021,1.5624991655349731,1.5674232244491577,1.6355936527252197,1.654394268989563,1.66588294506073,1.5443062782287598,1.6317229270935059,1.4944697618484497,2.080281972885132,1.5369867086410522,2.177063465118408,0.1851988583803177,1.7631752490997314,0.8788421750068665,0.0990644320845604,1.4818297624588013,2.054093837738037,2.1315243244171143,6.511341325676767e-06,1.6598435640335083,1.6584734916687012,1.3023732900619507,1.6307792663574219,1.7652885913848877,1.4942272901535034,0.3134409189224243,1.8246495723724365,1.654083251953125,1.6267386674880981,1.5623066425323486,1.6746699810028076,1.5793852806091309,1.5949952602386475,2.0215702056884766,1.6128543615341187,1.453645944595337,1.6714757680892944,1.6664912700653076,0.41157716512680054,1.4861358404159546,1.7527484893798828,1.833516240119934,2.129164695739746,0.6466207504272461,0.8940240740776062,1.5970799922943115,1.5251507759094238,1.648038625717163,0.5624313354492188,1.67819082736969,1.5768241882324219,1.0519925355911255,2.0407729148864746,1.783319115638733,2.0405163764953613,1.6084014177322388,1.6209303140640259,1.6154512166976929,1.671399712562561,1.5643280744552612,1.724129557609558,1.4853873252868652,1.0369648933410645,1.651969313621521
/p/project1/hai_1252/toulouse1/flexcraft/data/adapt/full_run_seed/2026-06-27_10:57:16_adapt_full_run_c4_2/7N2R+MAVMAPRTLV+TLMSAMTNL+CAESMKGGSY+CASSQDLRGE_0_520.pdb,1.1242924928665161,0.7968034744262695,1.602620244026184,1.0220081806182861,0.7416811585426331,1.208838939666748,0.35052236914634705,0.38568925857543945,0.6143915057182312,0.1627448946237564,0.35983988642692566,0.3471928834915161,0.38612812757492065,0.3762591481208801,0.7292405366897583,0.5292218327522278,1.3559397459030151,1.5944409370422363,0.6711229681968689,1.2674076557159424,1.6412171125411987,0.46729716658592224,0.7046090960502625,1.3404505252838135,1.65984308719635,5.859335487912176e-06,0.40275511145591736,0.6777750253677368,0.3085117042064667,0.5068845152854919,0.5252913236618042,1.5966565608978271,1.306366205215454,0.41965562105178833,0.3522794544696808,0.35048729181289673,0.5033706426620483,0.3998173773288727,0.60310959815979,0.695781409740448,0.6451928615570068,1.0762076377868652,0.47786542773246765,0.5266890525817871,1.5896776914596558,0.36854782700538635,0.4075959622859955,0.5995969176292419,1.1639549732208252,1.6519747972488403,1.2491481304168701,0.4024534821510315,0.8411281108856201,0.44508177042007446,1.766544222831726,0.32629016041755676,0.528572678565979,1.2107295989990234,0.7096245884895325,0.7800788879394531,0.6956178545951843,1.295061469078064,0.31564339995384216,0.24027590453624725,0.4389972984790802,0.48417654633522034,0.37253695726394653,0.39713072776794434,1.0398895740509033,0.5816460251808167
/p/project1/hai_1252/toulouse1/flexcraft/data/adapt/full_run_seed/2026-06-27_10:57:16_adapt_full_run_c4_2/7N2R+MAVMAPRTLV+TLMSAMTNL+CAESMKGGSY+CASSQDLRGE_0_671.pdb,1.2864375114440918,0.831281304359436,1.6057640314102173,1.093764066696167,0.7554004192352295,1.2648017406463623,0.5030451416969299,0.5302907824516296,0.6084245443344116,0.4219687879085541,0.42952388525009155,0.5179243087768555,0.1328592747449875,0.502174973487854,0.7492233514785767,0.644044041633606,1.3829184770584106,1.592767357826233,0.6879873275756836,1.1965935230255127,1.6356563568115234,0.5506017208099365,0.7358684539794922,1.369385838508606,1.6584749221801758,0.4027552902698517,9.937447430274915e-06,0.8087140917778015,0.5194379091262817,0.627303957939148,0.6494806408882141,1.5943278074264526,1.439079761505127,0.4539066553115845,0.3423822224140167,0.4964052438735962,0.5793461203575134,0.5668331980705261,0.5485434532165527,0.7267619967460632,0.5679067373275757,1.1602853536605835,0.19442987442016602,0.587443470954895,1.5916459560394287,0.42048779129981995,0.5074490308761597,0.693162202835083,1.2452616691589355,1.63931405544281,1.1960976123809814,0.5299572944641113,0.9302188158035278,0.6173099875450134,1.7694470882415771,0.5293897986412048,0.6321126222610474,1.1180554628372192,0.7301802635192871,0.8524367809295654,0.7210218906402588,1.3821812868118286,0.43483462929725647,0.44587698578834534,0.5085077285766602,0.5978212952613831,0.5283979773521423,0.47431299090385437,1.1247496604919434,0.5484030842781067
/p/project1/hai_1252/toulouse1/flexcraft/data/adapt/full_run_seed/2026-06-27_10:57:16_adapt_full_run_c4_2/7N2R+MAVMAPRTLV+TLMSAMTNL+CAESMKGGSY+CASSQDLRGE_0_614.pdb,0.8049653768539429,1.1599106788635254,1.2256543636322021,1.2124086618423462,1.1832919120788574,1.3299877643585205,0.5154223442077637,0.5591265559196472,0.6711240410804749,0.687170147895813,0.6736672520637512,0.508457601070404,0.8093207478523254,0.4529605209827423,1.1733546257019043,0.6164719462394714,1.4985814094543457,1.2226064205169678,0.8263493776321411,1.1085654497146606,1.281329870223999,0.5885055661201477,1.1513268947601318,1.3548845052719116,1.3023759126663208,0.677774965763092,0.8087167739868164,1.1579394595173653e-05,0.6967357993125916,0.7164894938468933,0.5491445660591125,1.2162542343139648,1.199745774269104,0.6384860277175903,0.7958866357803345,0.5426470041275024,0.6118714809417725,0.5961742997169495,0.6906944513320923,1.094725251197815,0.7304393649101257,0.6251251697540283,0.885815441608429,0.6258024573326111,1.2295490503311157,0.6756337285041809,0.7253026366233826,0.8029803037643433,1.321889877319336,1.2793190479278564,1.1062549352645874,0.6068882346153259,0.5831395983695984,0.6275641918182373,1.3600752353668213,0.7681393623352051,0.50974041223526,1.1509292125701904,1.1130075454711914,0.8820342421531677,1.1128109693527222,0.9000784754753113,0.5867453217506409,0.5808876752853394,0.6584250926971436,0.6503371000289917,0.8247833847999573,0.635076642036438,0.8019022941589355,0.6962530612945557
/p/project1/hai_1252/toulouse1/flexcraft/data/adapt/full_run_seed/2026-06-27_10:57:16_adapt_full_run_c4_2/7N2R+MAVMAPRTLV+TLMSAMTNL+CAESMKGGSY+CASSQDLRGE_0_620.pdb,1.0590764284133911,0.951224684715271,1.5832479000091553,1.102866768836975,0.9075937271118164,1.2836662530899048,0.4251726269721985,0.298434317111969,0.6089447140693665,0.2866252660751343,0.39769247174263,0.32522016763687134,0.511491060256958,0.43599775433540344,0.8813979625701904,0.4231618344783783,1.4261348247528076,1.5739396810531616,0.7970436215400696,1.2403790950775146,1.6205388307571411,0.4024437665939331,0.8779023885726929,1.4180184602737427,1.6307786703109741,0.30851104855537415,0.5194352269172668,0.6967343688011169,7.646701305930037e-06,0.6493992209434509,0.34505945444107056,1.5809024572372437,1.221081018447876,0.48625457286834717,0.435293048620224,0.3102741837501526,0.6225172877311707,0.254438191652298,0.7218117117881775,0.852161705493927,0.758594274520874,1.1217697858810425,0.5804222822189331,0.5684255957603455,1.5786018371582031,0.4244345426559448,0.545744001865387,0.7361541986465454,1.249496340751648,1.624468207359314,1.2190192937850952,0.321183979511261,0.8400658369064331,0.41796597838401794,1.726333737373352,0.12962563335895538,0.5566213130950928,1.2279542684555054,0.8655604720115662,0.8162072896957397,0.8521103262901306,1.3349484205245972,0.3826774060726166,0.3595750331878662,0.46100735664367676,0.301525741815567,0.2314273715019226,0.41385069489479065,0.9582316279411316,0.5731958150863647
/p/project1/hai_1252/toulouse1/flexcraft/data/adapt/full_run_seed/2026-06-27_10:57:16_adapt_full_run_c4_2/7N2R+MAVMAPRTLV+TLMSAMTNL+CAESMKGGSY+CASSQDLRGE_0_391.pdb,1.1223913431167603,0.6364017724990845,1.692379355430603,0.9288698434829712,0.6980422735214233,1.0691789388656616,0.47454833984375,0.5668679475784302,0.6005471348762512,0.49943673610687256,0.4873020052909851,0.5247179269790649,0.6565373539924622,0.5504509210586548,0.6964483857154846,0.6267839074134827,1.2772146463394165,1.675105333328247,0.4015107750892639,1.3630199432373047,1.7374086380004883,0.6008368730545044,0.6852962970733643,1.1782089471817017,1.7652888298034668,0.5068828463554382,0.6273035407066345,0.7164907455444336,0.6493996977806091,1.1074743270000909e-05,0.6939927339553833,1.6849796772003174,1.3557705879211426,0.4903477728366852,0.6933212280273438,0.5471935272216797,0.2623462378978729,0.5926395654678345,0.47874340415000916,0.614220142364502,0.5458325147628784,0.9955887198448181,0.7203730344772339,0.4756583571434021,1.646872878074646,0.7049187421798706,0.26684579253196716,0.31298986077308655,1.0824857950210571,1.780550479888916,1.317446231842041,0.5280824303627014,0.7336874008178711,0.48859336972236633,1.7931830883026123,0.6580382585525513,0.5334316492080688,1.4062976837158203,0.636875331401825,0.7619013786315918,0.6297963857650757,1.182370901107788,0.48854511976242065,0.44105881452560425,0.4604240953922272,0.7073272466659546,0.663338840007782,0.6997126936912537,1.1346315145492554,0.6027217507362366
/p/project1/hai_1252/toulouse1/flexcraft/data/adapt/full_run_seed/2026-06-27_10:57:16_adapt_full_run_c4_2/7N2R+MAVMAPRTLV+TLMSAMTNL+CAESMKGGSY+CASSQDLRGE_0_505.pdb,0.9255858063697815,1.104203701019287,1.4404441118240356,1.1621544361114502,1.0953510999679565,1.3101638555526733,0.4888221323490143,0.23699334263801575,0.5579569935798645,0.5063574314117432,0.4875720143318176,0.28189215064048767,0.6519407033920288,0.39006924629211426,1.0708880424499512,0.3163873255252838,1.4585548639297485,1.4321644306182861,0.8323741555213928,1.14124596118927,1.4847975969314575,0.35201868414878845,1.0715605020523071,1.4117319583892822,1.4942268133163452,0.525291383266449,0.6494805216789246,0.5491492748260498,0.34506043791770935,0.6939920783042908,1.5300865925382823e-05,1.4376215934753418,1.152249813079834,0.5442105531692505,0.6338335275650024,0.27334824204444885,0.5997771620750427,0.19579918682575226,0.7014234066009521,1.021459698677063,0.7326101064682007,0.9967244863510132,0.7033182382583618,0.5709983706474304,1.4402743577957153,0.5641496777534485,0.6513243317604065,0.7846645712852478,1.3053780794143677,1.460830807685852,1.1405073404312134,0.27735498547554016,0.6861392855644226,0.46729958057403564,1.5796537399291992,0.4174253046512604,0.5288600325584412,1.2053661346435547,1.036049246788025,0.7952009439468384,1.0303601026535034,1.2217873334884644,0.46986517310142517,0.4354228377342224,0.50021892786026,0.1972701996564865,0.4808577299118042,0.5298444032669067,0.845180094242096,0.5442137718200684
/p/project1/hai_1252/toulouse1/flexcraft/data/adapt/full_run_seed/2026-06-27_10:57:16_adapt_full_run_c4_2/7N2R+MAVMAPRTLV+TLMSAMTNL+CAESMKGGSY+CASSQDLRGE_0_591.pdb,1.5484446287155151,2.0205180644989014,0.23203089833259583,1.9933544397354126,2.0305001735687256,2.056892156600952,1.4906811714172363,1.492638349533081,1.567774772644043,1.5948532819747925,1.6115593910217285,1.4637248516082764,1.5674890279769897,1.4095702171325684,2.0152480602264404,1.4814324378967285,2.118011236190796,0.2779407501220703,1.6866382360458374,0.7900598645210266,0.2562510371208191,1.4112128019332886,1.984555721282959,2.0347843170166016,0.3134400546550751,1.5966559648513794,1.5943278074264526,1.2162554264068604,1.5809032917022705,1.6849809885025024,1.437620997428894,4.818477464141324e-06,1.7994589805603027,1.582370400428772,1.5717334747314453,1.483396053314209,1.5853891372680664,1.5165666341781616,1.5021740198135376,1.949181318283081,1.5196174383163452,1.3572115898132324,1.6160249710083008,1.5932257175445557,0.23346589505672455,1.4234510660171509,1.6794673204421997,1.752101182937622,2.051830768585205,0.628519594669342,0.8412123322486877,1.5371782779693604,1.4166569709777832,1.5770690441131592,0.6064668297767639,1.637258529663086,1.4935318231582642,0.9821566939353943,1.9700236320495605,1.711259365081787,1.9716962575912476,1.532508134841919,1.5555731058120728,1.5430384874343872,1.6077245473861694,1.5106397867202759,1.6884642839431763,1.422680377960205,1.0047591924667358,1.5853686332702637
/p/project1/hai_1252/toulouse1/flexcraft/data/adapt/full_run_seed/2026-06-27_10:57:16_adapt_full_run_c4_2/7N2R+MAVMAPRTLV+TLMSAMTNL+CAESMKGGSY+CASSQDLRGE_0_580.pdb,1.0123536586761475,1.7131439447402954,1.7807899713516235,1.672415018081665,1.7640761137008667,1.760732889175415,1.2329216003417969,1.2115070819854736,1.3437386751174927,1.283643126487732,1.3342623710632324,1.2130452394485474,1.4187822341918945,1.2259235382080078,1.7431514263153076,1.1915558576583862,1.8724322319030762,1.7775485515594482,1.439059853553772,1.7044706344604492,1.820576786994934,1.249477744102478,1.73481285572052,1.7698681354522705,1.824654221534729,1.3063673973083496,1.4390782117843628,1.1997454166412354,1.2210804224014282,1.355769157409668,1.1522517204284668,1.7994614839553833,1.0535214642004576e-05,1.3569399118423462,1.324959397315979,1.2330228090286255,1.3212201595306396,1.194588541984558,1.4868563413619995,1.6878494024276733,1.5234185457229614,1.3207255601882935,1.485369324684143,1.3489969968795776,1.7708852291107178,1.2888293266296387,1.3514161109924316,1.4201587438583374,1.7118350267410278,1.8164188861846924,1.6908198595046997,1.2561606168746948,1.2406439781188965,1.1614488363265991,1.8096402883529663,1.2554510831832886,1.2761027812957764,1.7711067199707031,1.710437536239624,1.3678144216537476,1.7024991512298584,1.436483383178711,1.3021962642669678,1.2701263427734375,1.3231338262557983,1.2303073406219482,1.2971715927124023,1.2177356481552124,1.186749815940857,1.3506968021392822
/p/project1/hai_1252/toulouse1/flexcraft/data/adapt/full_run_seed/2026-06-27_10:57:16_adapt_full_run_c4_2/7N2R+MAVMAPRTLV+TLMSAMTNL+CAESMKGGSY+CASSQDLRGE_0_455.pdb,1.1249470710754395,0.7984674572944641,1.5922541618347168,1.0653276443481445,0.792894721031189,1.2157070636749268,0.288216233253479,0.44975727796554565,0.3062363564968109,0.43952232599258423,0.23386439681053162,0.44305849075317383,0.5090725421905518,0.4673234224319458,0.7928374409675598,0.545232892036438,1.4039702415466309,1.5743101835250854,0.5682221055030823,1.244175910949707,1.632883906364441,0.4897540509700775,0.798947274684906,1.245291829109192,1.6540840864181519,0.4196547269821167,0.4539041519165039,0.6384807825088501,0.4862547814846039,0.49034634232521057,0.5442122220993042,1.5823695659637451,1.3569374084472656,7.152535999921383e-06,0.5776829719543457,0.42230692505836487,0.415932297706604,0.4876125752925873,0.49113625288009644,0.7316122651100159,0.5170906782150269,0.9383193254470825,0.5562744140625,0.20863044261932373,1.5754472017288208,0.5801946520805359,0.3524208962917328,0.5323553085327148,1.2054545879364014,1.6157230138778687,1.2004822492599487,0.4130793809890747,0.7123512625694275,0.4681049585342407,1.6935317516326904,0.5048466920852661,0.2714368402957916,1.2194675207138062,0.7338913679122925,0.7906196713447571,0.7310708165168762,1.1540836095809937,0.1756291687488556,0.4182802736759186,0.20714272558689117,0.5553008913993835,0.5189209580421448,0.5720182657241821,1.0697073936462402,0.27005061507225037
/p/project1/hai_1252/toulouse1/flexcraft/data/adapt/full_run_seed/2026-06-27_10:57:16_adapt_full_run_c4_2/7N2R+MAVMAPRTLV+TLMSAMTNL+CAESMKGGSY+CASSQDLRGE_0_601.pdb,1.2109535932540894,0.8956225514411926,1.579314947128296,1.0942717790603638,0.8298113346099854,1.2817732095718384,0.5088229775428772,0.5284144282341003,0.7468637228012085,0.34375494718551636,0.5238614678382874,0.5160029530525208,0.29552972316741943,0.5141123533248901,0.8123612403869629,0.6339230537414551,1.3897899389266968,1.5711677074432373,0.8016166687011719,1.2162715196609497,1.609574794769287,0.5695902705192566,0.7882769703865051,1.4290504455566406,1.6267356872558594,0.35227927565574646,0.3423835039138794,0.7958863973617554,0.4352928698062897,0.6933204531669617,0.6338326930999756,1.5717358589172363,1.3249573707580566,0.5776854157447815,9.94708898360841e-06,0.5038493275642395,0.6791303753852844,0.5361338257789612,0.6999335885047913,0.799087643623352,0.734137773513794,1.1645336151123047,0.4081587493419647,0.703444242477417,1.5728840827941895,0.2229418158531189,0.5870198011398315,0.7682729959487915,1.2423142194747925,1.6377499103546143,1.2143869400024414,0.553550660610199,0.9778783917427063,0.5949588418006897,1.7500842809677124,0.4385237395763397,0.7009478211402893,1.129876971244812,0.8103382587432861,0.879109263420105,0.793228030204773,1.3616739511489868,0.49719688296318054,0.4349876046180725,0.6137677431106567,0.5809921622276306,0.4441350996494293,0.2815236747264862,0.9971975088119507,0.7030386924743652
/p/project1/hai_1252/toulouse1/flexcraft/data/adapt/full_run_seed/2026-06-27_10:57:16_adapt_full_run_c4_2/7N2R+MAVMAPRTLV+TLMSAMTNL+CAESMKGGSY+CASSQDLRGE_0_424.pdb,1.0003968477249146,0.9454947113990784,1.5003165006637573,1.0578362941741943,0.9208314418792725,1.2264388799667358,0.38339418172836304,0.10672216862440109,0.5273739099502563,0.3502146303653717,0.40243417024612427,0.0982331782579422,0.49749141931533813,0.23890255391597748,0.9012453556060791,0.37998485565185547,1.3826245069503784,1.4914500713348389,0.7060160636901855,1.1517843008041382,1.543948769569397,0.2902165949344635,0.893165647983551,1.3212519884109497,1.56230628490448,0.3504883646965027,0.4964056611061096,0.5426470637321472,0.31027504801750183,0.5471938848495483,0.27334868907928467,1.483392596244812,1.2330207824707031,0.42230695486068726,0.5038478970527649,1.8265225662617013e-05,0.46337875723838806,0.17862696945667267,0.564241886138916,0.8542505502700806,0.5997212529182434,0.988357424736023,0.5726628303527832,0.49367403984069824,1.4820611476898193,0.4542105495929718,0.5096002221107483,0.644145131111145,1.2012132406234741,1.5201376676559448,1.169901728630066,0.21201469004154205,0.6784384250640869,0.4288109242916107,1.6577693223953247,0.3793637156486511,0.4670995771884918,1.170670986175537,0.867684543132782,0.7178204655647278,0.8618318438529968,1.220047116279602,0.35517725348472595,0.23358696699142456,0.4313652217388153,0.25563791394233704,0.4358762204647064,0.44738924503326416,0.9212157130241394,0.4986732602119446
/p/project1/hai_1252/toulouse1/flexcraft/data/adapt/full_run_seed/2026-06-27_10:57:16_adapt_full_run_c4_2/7N2R+MAVMAPRTLV+TLMSAMTNL+CAESMKGGSY+CASSQDLRGE_0_481.pdb,1.0459303855895996,0.7721242308616638,1.5992865562438965,1.0009081363677979,0.8218299150466919,1.1065635681152344,0.427029013633728,0.4876943528652191,0.46492457389831543,0.5258439183235168,0.4200438857078552,0.44602227210998535,0.6138255000114441,0.4550934135913849,0.8265708684921265,0.5301778316497803,1.3071743249893188,1.5855365991592407,0.4225980341434479,1.2735008001327515,1.646527647972107,0.5269944071769714,0.8105127215385437,1.18858003616333,1.6746684312820435,0.5033711791038513,0.5793454647064209,0.6118707060813904,0.6225169897079468,0.2623455226421356,0.599776566028595,1.5853898525238037,1.3212226629257202,0.41593268513679504,0.679129958152771,0.4633791446685791,6.982918876019539e-06,0.5372241139411926,0.3423774540424347,0.746445894241333,0.39990079402923584,0.8906158804893494,0.668928325176239,0.39400818943977356,1.5648181438446045,0.6629772782325745,0.3416278064250946,0.37164512276649475,1.1397655010223389,1.64234459400177,1.2388546466827393,0.4785601794719696,0.5954989790916443,0.47537708282470703,1.708091378211975,0.6514133214950562,0.4336910545825958,1.2918224334716797,0.7621615529060364,0.7250430583953857,0.7583389282226562,1.1162617206573486,0.41646891832351685,0.41025787591934204,0.3973298668861389,0.6294263005256653,0.6697168350219727,0.6619889736175537,1.0643386840820312,0.4668227732181549
/p/project1/hai_1252/toulouse1/flexcraft/data/adapt/full_run_seed/2026-06-27_10:57:16_adapt_full_run_c4_2/7N2R+MAVMAPRTLV+TLMSAMTNL+CAESMKGGSY+CASSQDLRGE_0_522.pdb,0.9824182987213135,0.9700143933296204,1.5242798328399658,1.0699869394302368,0.9483560919761658,1.2442173957824707,0.43995779752731323,0.17640776932239532,0.5708640813827515,0.37542635202407837,0.4362502694129944,0.2027757316827774,0.567624568939209,0.3460409641265869,0.9241129159927368,0.3452696204185486,1.3948954343795776,1.5136806964874268,0.7454936504364014,1.188502311706543,1.565850019454956,0.3073710501194,0.9235538840293884,1.357698917388916,1.5793832540512085,0.3998177945613861,0.5668360590934753,0.5961753726005554,0.2544395327568054,0.5926400423049927,0.19579963386058807,1.5165661573410034,1.1945871114730835,0.48761245608329773,0.5361350774765015,0.17862215638160706,0.5372268557548523,9.404875527252443e-06,0.6464924812316895,0.8816713690757751,0.6825879812240601,1.040913701057434,0.6320544481277466,0.539167046546936,1.5127395391464233,0.5008864402770996,0.551642894744873,0.6849952340126038,1.2169071435928345,1.560679316520691,1.1976109743118286,0.16837501525878906,0.7309554815292358,0.42564821243286133,1.672305941581726,0.31402069330215454,0.516273558139801,1.236876130104065,0.8952151536941528,0.7430465817451477,0.8880774974822998,1.259151816368103,0.4099062979221344,0.3034277558326721,0.458598256111145,0.18258661031723022,0.38660892844200134,0.47861266136169434,0.9024692177772522,0.5485766530036926
/p/project1/hai_1252/toulouse1/flexcraft/data/adapt/full_run_seed/2026-06-27_10:57:16_adapt_full_run_c4_2/7N2R+MAVMAPRTLV+TLMSAMTNL+CAESMKGGSY+CASSQDLRGE_0_500.pdb,1.1770524978637695,0.8015106320381165,1.5279743671417236,1.049422025680542,0.8153266906738281,1.1473450660705566,0.5634697079658508,0.595766007900238,0.5253493785858154,0.6277316212654114,0.5110726952552795,0.5631296634674072,0.5894994735717773,0.5523983240127563,0.8248717784881592,0.6321476697921753,1.318306803703308,1.5093711614608765,0.45763668417930603,1.139569640159607,1.563850998878479,0.5620969533920288,0.8050557374954224,1.2249903678894043,1.594994068145752,0.603107750415802,0.5485435724258423,0.6906936764717102,0.7218123078346252,0.47874242067337036,0.7014235258102417,1.502173662185669,1.4868580102920532,0.49113595485687256,0.6999345421791077,0.5642420649528503,0.34237784147262573,0.6464920043945312,1.5074641851242632e-05,0.7568699717521667,0.1209697350859642,0.9378418326377869,0.6247340440750122,0.501759946346283,1.4936683177947998,0.6795316338539124,0.5041240453720093,0.5314901471138,1.1867711544036865,1.5708147287368774,1.1284065246582031,0.5785747766494751,0.7061012983322144,0.6396474242210388,1.6508151292800903,0.7471551895141602,0.5508832931518555,1.143426537513733,0.7654637098312378,0.7953224182128906,0.7632730603218079,1.1885576248168945,0.5142258405685425,0.5248422026634216,0.5095847249031067,0.7037856578826904,0.7545725107192993,0.7025145888328552,1.0779755115509033,0.5098172426223755
/p/project1/hai_1252/toulouse1/flexcraft/data/adapt/full_run_seed/2026-06-27_10:57:16_adapt_full_run_c4_2/7N2R+MAVMAPRTLV+TLMSAMTNL+CAESMKGGSY+CASSQDLRGE_0_537.pdb,1.4687228202819824,0.23097139596939087,1.9630630016326904,0.8996310234069824,0.1619851142168045,1.1279621124267578,0.7726317644119263,0.8893529772758484,0.9102445244789124,0.6848706007003784,0.7239413857460022,0.8550102710723877,0.7535133957862854,0.8895283937454224,0.13952800631523132,0.9732367992401123,1.3053672313690186,1.940674901008606,0.6429537534713745,1.540117859840393,1.990070104598999,0.8671691417694092,0.1591312140226364,1.2666064500808716,2.021574020385742,0.6957843899726868,0.7267626523971558,1.0947258472442627,0.8521617650985718,0.6142205595970154,1.0214595794677734,1.9491814374923706,1.687851905822754,0.7316128015518188,0.799087643623352,0.8542497754096985,0.7464442253112793,0.881671130657196,0.7568700909614563,6.5327085394528694e-06,0.7950384616851807,1.3579597473144531,0.7845180630683899,0.7614418864250183,1.9112269878387451,0.8767392039299011,0.5672171115875244,0.6356096863746643,1.0861361026763916,2.079584836959839,1.5072965621948242,0.8184970021247864,1.1786619424819946,0.7978208661079407,2.0830132961273193,0.8195509910583496,0.8592754006385803,1.5342626571655273,0.07618384808301926,1.0189812183380127,0.08346076309680939,1.528647780418396,0.7502785325050354,0.7294425964355469,0.7292091846466064,0.9702919125556946,0.8170222043991089,0.9060368537902832,1.4454339742660522,0.8832945823669434
/p/project1/hai_1252/toulouse1/flexcraft/data/adapt/full_run_seed/2026-06-27_10:57:16_adapt_full_run_c4_2/7N2R+MAVMAPRTLV+TLMSAMTNL+CAESMKGGSY+CASSQDLRGE_0_676.pdb,1.2164651155471802,0.8370084166526794,1.5487148761749268,1.091232180595398,0.8440900444984436,1.180328607559204,0.6106346249580383,0.6348783373832703,0.5287570953369141,0.6726184487342834,0.5422340631484985,0.6058083176612854,0.6139395833015442,0.590366780757904,0.858037531375885,0.6634164452552795,1.3454424142837524,1.529167890548706,0.504776656627655,1.1572539806365967,1.5813260078430176,0.5972926616668701,0.8402475118637085,1.2457114458084106,1.6128566265106201,0.6451932191848755,0.5679057240486145,0.7304401397705078,0.7585949897766113,0.5458322763442993,0.732610285282135,1.5196199417114258,1.5234178304672241,0.517090916633606,0.7341369986534119,0.5997214913368225,0.39990028738975525,0.6825885772705078,0.12097242474555969,0.7950364947319031,6.4223377194139175e-06,0.9512173533439636,0.6423205733299255,0.5262413024902344,1.5189405679702759,0.7181898355484009,0.5534710884094238,0.572845458984375,1.2169901132583618,1.5792218446731567,1.1567678451538086,0.6114088892936707,0.7335708737373352,0.6941888332366943,1.671772837638855,0.7854137420654297,0.5745440125465393,1.1502825021743774,0.7974214553833008,0.8216445446014404,0.796817421913147,1.2143378257751465,0.5442244410514832,0.5714378952980042,0.5398257374763489,0.7323428392410278,0.7897356152534485,0.7424267530441284,1.1065865755081177,0.5141479969024658
/p/project1/hai_1252/toulouse1/flexcraft/data/adapt/full_run_seed/2026-06-27_10:57:16_adapt_full_run_c4_2/7N2R+MAVMAPRTLV+TLMSAMTNL+CAESMKGGSY+CASSQDLRGE_0_410.pdb,0.9353978633880615,1.354423999786377,1.3695180416107178,1.377274990081787,1.441163420677185,1.4108171463012695,0.8717337846755981,1.011798620223999,0.8955140709877014,1.0960172414779663,1.0150443315505981,0.976329505443573,1.1756645441055298,0.9093491435050964,1.4514095783233643,0.9441613554954529,1.6207839250564575,1.3584643602371216,1.006726622581482,1.35679030418396,1.4260493516921997,1.0124212503433228,1.4263834953308105,1.3885979652404785,1.4536449909210205,1.076205849647522,1.1602859497070312,0.6251213550567627,1.1217724084854126,0.9955902695655823,0.9967238306999207,1.3572133779525757,1.3207257986068726,0.9383209347724915,1.1645342111587524,0.9883564114570618,0.8906148076057434,1.0409129858016968,0.9378398656845093,1.3579589128494263,0.9512163400650024,5.129983037477359e-06,1.2421926259994507,0.8812869191169739,1.384755253791809,1.075189471244812,1.0053884983062744,0.9926949143409729,1.4619237184524536,1.377812385559082,1.324756383895874,1.0354971885681152,0.7511677742004395,0.9787906408309937,1.3811962604522705,1.184225082397461,0.7863103151321411,1.3494325876235962,1.3698921203613281,1.1303876638412476,1.3706049919128418,0.5773423910140991,0.9396540522575378,1.009714126586914,0.9830839037895203,1.1015751361846924,1.226879596710205,1.0358511209487915,1.0466228723526,0.9408847689628601
/p/project1/hai_1252/toulouse1/flexcraft/data/adapt/full_run_seed/2026-06-27_10:57:16_adapt_full_run_c4_2/7N2R+MAVMAPRTLV+TLMSAMTNL+CAESMKGGSY+CASSQDLRGE_0_603.pdb,1.3502638339996338,0.8995594382286072,1.6220446825027466,1.1558952331542969,0.8036378622055054,1.3151910305023193,0.605645477771759,0.6036801934242249,0.6948925852775574,0.513390302658081,0.5008394718170166,0.5920759439468384,0.1702260971069336,0.5640988945960999,0.7954611778259277,0.700704038143158,1.4216634035110474,1.612192988395691,0.7741090655326843,1.2205781936645508,1.6514112949371338,0.6282101273536682,0.7786626815795898,1.444838285446167,1.6714760065078735,0.4778647720813751,0.1944335252046585,0.885815441608429,0.5804211497306824,0.7203711867332458,0.7033180594444275,1.6160252094268799,1.48537015914917,0.5562755465507507,0.4081599712371826,0.5726579427719116,0.668926477432251,0.6320503354072571,0.6247343420982361,0.7845132946968079,0.642318844795227,1.2421939373016357,3.4161170333391055e-05,0.6895121335983276,1.6188406944274902,0.4774410128593445,0.6056980490684509,0.7859863042831421,1.3082295656204224,1.636634349822998,1.2274796962738037,0.6039941310882568,1.013856053352356,0.7023851871490479,1.8068947792053223,0.5816869735717773,0.7421450614929199,1.1144096851348877,0.7884698510169983,0.9125368595123291,0.7786052227020264,1.4638162851333618,0.5358543992042542,0.521623432636261,0.598475992679596,0.6295820474624634,0.5851438641548157,0.5521102547645569,1.1880825757980347,0.6251915097236633
/p/project1/hai_1252/toulouse1/flexcraft/data/adapt/full_run_seed/2026-06-27_10:57:16_adapt_full_run_c4_2/7N2R+MAVMAPRTLV+TLMSAMTNL+CAESMKGGSY+CASSQDLRGE_0_669.pdb,1.0658953189849854,0.7966290712356567,1.5996818542480469,1.0659695863723755,0.8380551934242249,1.1929295063018799,0.34257251024246216,0.5091251134872437,0.2465716451406479,0.5383687019348145,0.3079456388950348,0.5021622776985168,0.6473783850669861,0.5454017519950867,0.8412334322929382,0.5500466823577881,1.3984030485153198,1.580425500869751,0.5553920865058899,1.2887533903121948,1.6440749168395996,0.5423710346221924,0.850695788860321,1.2017425298690796,1.6664917469024658,0.5266892910003662,0.5874419212341309,0.6258067488670349,0.5684276223182678,0.4756583571434021,0.5710008144378662,1.5932260751724243,1.3489972352981567,0.2086363285779953,0.7034430503845215,0.493670791387558,0.3940121531486511,0.5391679406166077,0.501756489276886,0.7614403367042542,0.5262434482574463,0.8812869191169739,0.6895162463188171,4.3815362005261704e-06,1.5813312530517578,0.6875007748603821,0.36821842193603516,0.5021315813064575,1.194361686706543,1.6404001712799072,1.2190107107162476,0.45748603343963623,0.6343135833740234,0.46544116735458374,1.667834997177124,0.5920692086219788,0.20090360939502716,1.3018088340759277,0.7653908133506775,0.825416624546051,0.7667350172996521,1.1007702350616455,0.29116109013557434,0.5040323734283447,0.20035235583782196,0.6202036142349243,0.6145653128623962,0.6615437269210815,1.0647376775741577,0.27296584844589233
/p/project1/hai_1252/toulouse1/flexcraft/data/adapt/full_run_seed/2026-06-27_10:57:16_adapt_full_run_c4_2/7N2R+MAVMAPRTLV+TLMSAMTNL+CAESMKGGSY+CASSQDLRGE_0_343.pdb,1.5494199991226196,1.9786802530288696,0.32829758524894714,1.9498229026794434,1.9991662502288818,2.019308090209961,1.4731398820877075,1.4871771335601807,1.5683902502059937,1.5816768407821655,1.6062573194503784,1.4575351476669312,1.5646241903305054,1.4135359525680542,1.9803757667541504,1.4788700342178345,2.083193063735962,0.3581370711326599,1.6537141799926758,0.7420126795768738,0.34874236583709717,1.4005331993103027,1.9518322944641113,1.9885271787643433,0.4115751087665558,1.589676022529602,1.5916463136672974,1.2295482158660889,1.5786017179489136,1.6468714475631714,1.440276861190796,0.23346613347530365,1.770884394645691,1.5754472017288208,1.5728837251663208,1.4820618629455566,1.5648170709609985,1.5127408504486084,1.493669867515564,1.911228895187378,1.5189367532730103,1.384756088256836,1.6188409328460693,1.581330418586731,2.1212630599620752e-05,1.4259346723556519,1.655022144317627,1.7230368852615356,2.0098750591278076,0.7742907404899597,0.7738524675369263,1.5313721895217896,1.401401400566101,1.5511820316314697,0.6190294027328491,1.6297897100448608,1.4852782487869263,1.0183638334274292,1.9358806610107422,1.6980924606323242,1.938124179840088,1.5426455736160278,1.5522418022155762,1.5344239473342896,1.5936774015426636,1.5186545848846436,1.6812692880630493,1.4218443632125854,0.9999867081642151,1.588039755821228
/p/project1/hai_1252/toulouse1/flexcraft/data/adapt/full_run_seed/2026-06-27_10:57:16_adapt_full_run_c4_2/7N2R+MAVMAPRTLV+TLMSAMTNL+CAESMKGGSY+CASSQDLRGE_0_406.pdb,1.1082695722579956,0.9749264717102051,1.4335815906524658,1.117987036705017,0.9304081797599792,1.2964637279510498,0.46677735447883606,0.4728717803955078,0.7297783493995667,0.35762062668800354,0.5369663834571838,0.4485335350036621,0.35872769355773926,0.43273940682411194,0.9086924195289612,0.582606315612793,1.4057327508926392,1.432550311088562,0.8302689790725708,1.1045799255371094,1.46953547000885,0.5144017338752747,0.8800367116928101,1.4254788160324097,1.4861377477645874,0.36854875087738037,0.42048871517181396,0.6756330728530884,0.4244360327720642,0.7049159407615662,0.5641473531723022,1.4234509468078613,1.288828730583191,0.5801968574523926,0.22294236719608307,0.45421260595321655,0.6629769802093506,0.5008831024169922,0.6795316338539124,0.8767391443252563,0.7181910872459412,1.075188159942627,0.4774394631385803,0.6875015497207642,1.425937533378601,1.034345132211456e-05,0.6199482679367065,0.7952932119369507,1.2630841732025146,1.4992281198501587,1.0989024639129639,0.5366615653038025,0.8863826394081116,0.5508368015289307,1.6112300157546997,0.4511503577232361,0.6593689918518066,1.0401818752288818,0.8961344361305237,0.8649486303329468,0.8820727467536926,1.2843087911605835,0.4941672384738922,0.415680468082428,0.6096331477165222,0.5359929203987122,0.4875929653644562,0.15263190865516663,0.8573136329650879,0.6936942338943481
/p/project1/hai_1252/toulouse1/flexcraft/data/adapt/full_run_seed/2026-06-27_10:57:16_adapt_full_run_c4_2/7N2R+MAVMAPRTLV+TLMSAMTNL+CAESMKGGSY+CASSQDLRGE_0_638.pdb,1.1464011669158936,0.6034773588180542,1.6847262382507324,0.9529794454574585,0.6444200277328491,1.1098575592041016,0.3847324848175049,0.5365959405899048,0.4956311583518982,0.3929310739040375,0.35843825340270996,0.5049794316291809,0.5475214719772339,0.5287030935287476,0.644389271736145,0.5963028073310852,1.3028905391693115,1.66623055934906,0.45011651515960693,1.3559905290603638,1.7266515493392944,0.5755338072776794,0.6387200355529785,1.2054119110107422,1.7527509927749634,0.4075981378555298,0.5074458122253418,0.7252994775772095,0.5457450747489929,0.2668495774269104,0.6513243913650513,1.6794663667678833,1.351416826248169,0.3524213433265686,0.5870200991630554,0.5095995664596558,0.3416309952735901,0.5516427159309387,0.5041261911392212,0.5672182440757751,0.553470253944397,1.0053901672363281,0.6056967377662659,0.3682183623313904,1.6550233364105225,0.6199474334716797,1.2080275155312847e-05,0.3548419177532196,1.10918128490448,1.7573968172073364,1.2923914194107056,0.4816308915615082,0.7756553292274475,0.43710604310035706,1.7803013324737549,0.5558056831359863,0.4432983696460724,1.3533401489257812,0.5801880955696106,0.7964494824409485,0.573704183101654,1.2018332481384277,0.36509811878204346,0.42197349667549133,0.3341320753097534,0.6556843519210815,0.5593344569206238,0.6119143962860107,1.1260734796524048,0.48477593064308167
/p/project1/hai_1252/toulouse1/flexcraft/data/adapt/full_run_seed/2026-06-27_10:57:16_adapt_full_run_c4_2/7N2R+MAVMAPRTLV+TLMSAMTNL+CAESMKGGSY+CASSQDLRGE_0_655.pdb,1.1786634922027588,0.6162047386169434,1.7616444826126099,0.8664823174476624,0.699752926826477,1.007797360420227,0.5633276700973511,0.6743017435073853,0.6080442667007446,0.6051143407821655,0.5534916520118713,0.6399329304695129,0.7335228323936462,0.6684145927429199,0.7152693271636963,0.6632840633392334,1.2215838432312012,1.7418473958969116,0.4282829761505127,1.4445288181304932,1.8042690753936768,0.6935544610023499,0.7083629965782166,1.133061170578003,1.83351731300354,0.599592924118042,0.6931602954864502,0.8029798865318298,0.736156165599823,0.3129836916923523,0.7846649885177612,1.7521002292633057,1.4201600551605225,0.532354474067688,0.7682734727859497,0.6441460251808167,0.3716491162776947,0.6849966645240784,0.5314939618110657,0.6356070637702942,0.5728448629379272,0.9926944375038147,0.7859886288642883,0.5021308064460754,1.7230368852615356,0.7952932715415955,0.3548429608345032,6.787819529563421e-06,1.0537753105163574,1.8377515077590942,1.3879486322402954,0.6171489357948303,0.7937219142913818,0.6050093173980713,1.8441015481948853,0.7393224835395813,0.5617828965187073,1.4701372385025024,0.643244206905365,0.7686958909034729,0.6410819292068481,1.1407023668289185,0.5551221370697021,0.5619489550590515,0.5161118507385254,0.7989288568496704,0.750099778175354,0.7866994142532349,1.2009758949279785,0.6215744018554688
/p/project1/hai_1252/toulouse1/flexcraft/data/adapt/full_run_seed/2026-06-27_10:57:16_adapt_full_run_c4_2/7N2R+MAVMAPRTLV+TLMSAMTNL+CAESMKGGSY+CASSQDLRGE_0_588.pdb,1.374859094619751,1.0824788808822632,2.0689258575439453,0.7290307283401489,1.1282626390457153,0.7073315978050232,1.175186276435852,1.2164020538330078,1.2753082513809204,1.1484194993972778,1.2005621194839478,1.1963540315628052,1.2666699886322021,1.2403122186660767,1.1178206205368042,1.2396562099456787,0.576501727104187,2.0510942935943604,1.1424286365509033,1.737267255783081,2.100174903869629,1.2085394859313965,1.1273704767227173,0.5869333744049072,2.1291654109954834,1.163954734802246,1.2452600002288818,1.321891188621521,1.2494943141937256,1.0824898481369019,1.3053779602050781,2.0518314838409424,1.7118356227874756,1.2054526805877686,1.2423152923583984,1.2012147903442383,1.139765739440918,1.2169079780578613,1.1867727041244507,1.0861355066299438,1.2169917821884155,1.4619237184524536,1.3082331418991089,1.194362998008728,2.009873390197754,1.2630807161331177,1.1091811656951904,1.0537723302841187,9.700725058792159e-06,2.174259662628174,1.7155351638793945,1.1853904724121094,1.198615312576294,1.177187204360962,2.077944755554199,1.2369663715362549,1.2371219396591187,1.8053297996520996,1.0908607244491577,1.0045552253723145,1.0950841903686523,1.41075599193573,1.1985783576965332,1.1531347036361694,1.178346037864685,1.2964162826538086,1.2345881462097168,1.2456344366073608,1.5214736461639404,1.27200448513031
/p/project1/hai_1252/toulouse1/flexcraft/data/adapt/full_run_seed/2026-06-27_10:57:16_adapt_full_run_c4_2/7N2R+MAVMAPRTLV+TLMSAMTNL+CAESMKGGSY+CASSQDLRGE_0_640.pdb,1.5886931419372559,2.1561708450317383,0.5858355164527893,2.110812187194824,2.146291971206665,2.1504006385803223,1.559640884399414,1.5334194898605347,1.5769047737121582,1.6723215579986572,1.6355690956115723,1.5114679336547852,1.610942006111145,1.440636396408081,2.1362366676330566,1.523898959159851,2.222581624984741,0.6077865958213806,1.7633014917373657,1.0405325889587402,0.6498798131942749,1.474099040031433,2.1088790893554688,2.155949354171753,0.6466213464736938,1.651974081993103,1.6393142938613892,1.27931809425354,1.624470591545105,1.780550479888916,1.4608317613601685,0.6285185813903809,1.8164217472076416,1.6157242059707642,1.6377482414245605,1.5201382637023926,1.642345905303955,1.5606788396835327,1.570813775062561,2.0795812606811523,1.5792241096496582,1.3778122663497925,1.636633276939392,1.6404001712799072,0.7742894887924194,1.4992265701293945,1.757398009300232,1.8377487659454346,2.174259901046753,1.1616129086178262e-05,1.1047718524932861,1.5810130834579468,1.4768850803375244,1.654990553855896,0.884987473487854,1.6855970621109009,1.5523691177368164,0.9926092624664307,2.0933802127838135,1.724766731262207,2.093473434448242,1.5781222581863403,1.5907032489776611,1.5965887308120728,1.652638554573059,1.5264641046524048,1.7409851551055908,1.5074152946472168,1.1775376796722412,1.5838887691497803
/p/project1/hai_1252/toulouse1/flexcraft/data/adapt/full_run_seed/2026-06-27_10:57:16_adapt_full_run_c4_2/7N2R+MAVMAPRTLV+TLMSAMTNL+CAESMKGGSY+CASSQDLRGE_0_672.pdb,1.497685194015503,1.5656306743621826,0.8634306788444519,1.5938929319381714,1.5826377868652344,1.6597448587417603,1.1481165885925293,1.1661834716796875,1.1828657388687134,1.2323453426361084,1.2012790441513062,1.1572209596633911,1.1890407800674438,1.1598552465438843,1.5654075145721436,1.1287364959716797,1.7561473846435547,0.8514084219932556,1.295546293258667,0.3850870132446289,0.8631455302238464,1.0653308629989624,1.5492744445800781,1.730258822441101,0.8940257430076599,1.2491482496261597,1.1960970163345337,1.1062558889389038,1.2190183401107788,1.317447543144226,1.140507459640503,0.8412121534347534,1.6908197402954102,1.2004812955856323,1.2143868207931519,1.1699024438858032,1.2388545274734497,1.1976112127304077,1.1284050941467285,1.5072963237762451,1.1567655801773071,1.3247549533843994,1.2274802923202515,1.2190098762512207,0.7738531827926636,1.098902702331543,1.2923914194107056,1.3879503011703491,1.7155356407165527,1.104772925376892,2.0457879145396873e-05,1.196962594985962,1.1866722106933594,1.2075703144073486,0.9627206921577454,1.2554075717926025,1.1734569072723389,0.7148202061653137,1.5286533832550049,1.4143363237380981,1.5248054265975952,1.4939044713974,1.1899690628051758,1.2318849563598633,1.2069520950317383,1.1862905025482178,1.277258038520813,1.1142441034317017,0.9089860320091248,1.1834794282913208
/p/project1/hai_1252/toulouse1/flexcraft/data/adapt/full_run_seed/2026-06-27_10:57:16_adapt_full_run_c4_2/7N2R+MAVMAPRTLV+TLMSAMTNL+CAESMKGGSY+CASSQDLRGE_0_619.pdb,1.0247341394424438,0.904190719127655,1.5420432090759277,1.0365921258926392,0.8845797777175903,1.2152175903320312,0.4203735888004303,0.21393758058547974,0.4962049424648285,0.3714847266674042,0.37694570422172546,0.24161012470722198,0.5511225461959839,0.36691147089004517,0.8625268936157227,0.38402822613716125,1.3693654537200928,1.5246168375015259,0.6798909306526184,1.197752594947815,1.582188367843628,0.3139688968658447,0.8725001811981201,1.3067086935043335,1.597083568572998,0.40244945883750916,0.529959499835968,0.6068932414054871,0.3211793899536133,0.5280827283859253,0.277358740568161,1.5371774435043335,1.256159782409668,0.4130796492099762,0.5535513758659363,0.21201905608177185,0.4785594046115875,0.16837313771247864,0.5785731077194214,0.8184980154037476,0.6114070415496826,1.035496473312378,0.6039879322052002,0.4574856758117676,1.531373143196106,0.5366612672805786,0.48163023591041565,0.6171488165855408,1.1853933334350586,1.5810130834579468,1.1969600915908813,9.733017577673309e-06,0.7132249474525452,0.42715898156166077,1.675501823425293,0.35590481758117676,0.47080621123313904,1.2553092241287231,0.8280513882637024,0.726714015007019,0.8238553404808044,1.2481187582015991,0.35936984419822693,0.3013489842414856,0.3769308030605316,0.26545947790145874,0.3876040577888489,0.5148257613182068,0.9395866394042969,0.4757864773273468
/p/project1/hai_1252/toulouse1/flexcraft/data/adapt/full_run_seed/2026-06-27_10:57:16_adapt_full_run_c4_2/7N2R+MAVMAPRTLV+TLMSAMTNL+CAESMKGGSY+CASSQDLRGE_0_663.pdb,0.8129684329032898,1.2025171518325806,1.4444557428359985,1.209608554840088,1.2729644775390625,1.1761364936828613,0.6605270504951477,0.6636636257171631,0.6288813352584839,0.8510463237762451,0.7474319338798523,0.6549014449119568,0.9551171064376831,0.6766627430915833,1.2672065496444702,0.6673333048820496,1.3784582614898682,1.439103603363037,0.8429734110832214,1.2356195449829102,1.5005682706832886,0.7202587723731995,1.259084701538086,1.1343806982040405,1.5251530408859253,0.841129720211029,0.9302182793617249,0.58314049243927,0.8400651216506958,0.7336866855621338,0.6861397624015808,1.4166584014892578,1.2406445741653442,0.7123503088951111,0.9778785705566406,0.6784389019012451,0.5954999923706055,0.7309555411338806,0.7061023116111755,1.1786611080169678,0.7335690259933472,0.751167893409729,1.0138542652130127,0.6343156695365906,1.4014018774032593,0.8863810300827026,0.7756541967391968,0.7937227487564087,1.1986137628555298,1.4768836498260498,1.1866724491119385,0.7132284045219421,2.9303251722012646e-05,0.6981001496315002,1.4495066404342651,0.8967459797859192,0.585148274898529,1.329601764678955,1.194516658782959,0.8524582386016846,1.195711612701416,0.9173508286476135,0.7121917009353638,0.7497760057449341,0.684328019618988,0.7871218323707581,0.9267822504043579,0.8403378129005432,0.9392415285110474,0.667445957660675
/p/project1/hai_1252/toulouse1/flexcraft/data/adapt/full_run_seed/2026-06-27_10:57:16_adapt_full_run_c4_2/7N2R+MAVMAPRTLV+TLMSAMTNL+CAESMKGGSY+CASSQDLRGE_0_561.pdb,0.8877868056297302,0.8620246052742004,1.5834472179412842,1.0367076396942139,0.8926225304603577,1.2130424976348877,0.3701287806034088,0.4093095362186432,0.5555049777030945,0.4031088948249817,0.4244511127471924,0.4020906984806061,0.6246978044509888,0.4723772704601288,0.8667986989021301,0.4844438135623932,1.37894606590271,1.571786642074585,0.6121647357940674,1.2579240798950195,1.6295561790466309,0.39469584822654724,0.8644000291824341,1.2791868448257446,1.6480388641357422,0.44507890939712524,0.6173099875450134,0.6275613307952881,0.4179657995700836,0.48859259486198425,0.4672999382019043,1.5770697593688965,1.1614466905593872,0.46810483932495117,0.5949585437774658,0.4288107454776764,0.47537556290626526,0.4256482422351837,0.6396465301513672,0.7978209853172302,0.6941884756088257,0.9787902235984802,0.7023792266845703,0.4654387831687927,1.5511841773986816,0.5508374571800232,0.43710458278656006,0.6050075888633728,1.177191138267517,1.6549910306930542,1.207568883895874,0.4271566867828369,0.6981004476547241,1.2939097359776497e-05,1.6763877868652344,0.45521438121795654,0.4698537290096283,1.3035705089569092,0.8231337070465088,0.7440814971923828,0.8154476881027222,1.1940326690673828,0.40778011083602905,0.42220252752304077,0.40273720026016235,0.5137763023376465,0.49317440390586853,0.5097171664237976,0.9373199343681335,0.5401983261108398
/p/project1/hai_1252/toulouse1/flexcraft/data/adapt/full_run_seed/2026-06-27_10:57:16_adapt_full_run_c4_2/7N2R+MAVMAPRTLV+TLMSAMTNL+CAESMKGGSY+CASSQDLRGE_0_637.pdb,1.5608699321746826,2.1239237785339355,0.5515623092651367,2.065882682800293,2.1753811836242676,2.048351764678955,1.606979489326477,1.6548333168029785,1.637743353843689,1.7478607892990112,1.7257286310195923,1.641422152519226,1.7638828754425049,1.6105657815933228,2.1597230434417725,1.6015031337738037,2.1316170692443848,0.5220504999160767,1.7828149795532227,1.0501124858856201,0.553406834602356,1.5707757472991943,2.142691135406494,1.9982982873916626,0.5624303817749023,1.7665443420410156,1.7694449424743652,1.3600751161575317,1.7263346910476685,1.793183445930481,1.5796533823013306,0.6064568758010864,1.8096407651901245,1.6935325860977173,1.7500841617584229,1.6577692031860352,1.7080906629562378,1.6723066568374634,1.6508142948150635,2.083014488220215,1.6717727184295654,1.3811957836151123,1.806895136833191,1.667834758758545,0.6190309524536133,1.6112306118011475,1.780301809310913,1.844099998474121,2.0779459476470947,0.8849849104881287,0.962724506855011,1.6755021810531616,1.4495071172714233,1.676387906074524,9.09853679331718e-06,1.774582028388977,1.5856493711471558,1.2674884796142578,2.1028473377227783,1.8085452318191528,2.1050095558166504,1.4672009944915771,1.6846914291381836,1.7242294549942017,1.698601245880127,1.6757829189300537,1.8114629983901978,1.5857611894607544,1.057396411895752,1.6653982400894165
/p/project1/hai_1252/toulouse1/flexcraft/data/adapt/full_run_seed/2026-06-27_10:57:16_adapt_full_run_c4_2/7N2R+MAVMAPRTLV+TLMSAMTNL+CAESMKGGSY+CASSQDLRGE_0_636.pdb,1.108190894126892,0.9195643663406372,1.6345791816711426,1.0888323783874512,0.8685704469680786,1.2768778800964355,0.453128844499588,0.3661283552646637,0.6442496180534363,0.2984982132911682,0.41101789474487305,0.3953443467617035,0.5223965644836426,0.5053417682647705,0.8401683568954468,0.4670983850955963,1.4173389673233032,1.6237586736679077,0.8018949031829834,1.2839523553848267,1.6695538759231567,0.44985419511795044,0.8427001237869263,1.416035532951355,1.6781915426254272,0.3262905776500702,0.5293897390365601,0.7681388258934021,0.1296272575855255,0.6580387353897095,0.41742441058158875,1.637258529663086,1.255449891090393,0.5048460960388184,0.43852370977401733,0.3793643116950989,0.65141361951828,0.31402117013931274,0.7471552491188049,0.8195514678955078,0.785413384437561,1.1842249631881714,0.5816823840141296,0.5920698642730713,1.6297917366027832,0.451152503490448,0.5558056235313416,0.7393223643302917,1.2369657754898071,1.6855984926223755,1.2554075717926025,0.3559018671512604,0.8967448472976685,0.45521411299705505,1.7745815515518188,7.731744517514016e-06,0.6023740768432617,1.273139476776123,0.8322516083717346,0.8337602019309998,0.8172504305839539,1.3780514001846313,0.41420745849609375,0.38880372047424316,0.47516492009162903,0.3632914423942566,0.1736944615840912,0.444856196641922,0.9964007139205933,0.6053847074508667
/p/project1/hai_1252/toulouse1/flexcraft/data/adapt/full_run_seed/2026-06-27_10:57:16_adapt_full_run_c4_2/7N2R+MAVMAPRTLV+TLMSAMTNL+CAESMKGGSY+CASSQDLRGE_0_487.pdb,0.9945814609527588,0.9003303050994873,1.5061233043670654,1.1189180612564087,0.9383859634399414,1.245670199394226,0.29887303709983826,0.48869559168815613,0.31236425042152405,0.5456495881080627,0.38106873631477356,0.4703150689601898,0.6769257187843323,0.501972496509552,0.9405907988548279,0.5346807241439819,1.4445109367370605,1.4916319847106934,0.6235045194625854,1.233298897743225,1.5534847974777222,0.5286388993263245,0.9388047456741333,1.2403018474578857,1.5768235921859741,0.5285687446594238,0.6321128010749817,0.5097401142120361,0.5566210150718689,0.5334306359291077,0.5288576483726501,1.4935312271118164,1.2761024236679077,0.2714395821094513,0.7009467482566833,0.46709996461868286,0.43368828296661377,0.5162732601165771,0.5508860945701599,0.859275758266449,0.5745435357093811,0.7863093614578247,0.7421442270278931,0.20090124011039734,1.4852803945541382,0.6593645811080933,0.44329938292503357,0.5617814064025879,1.2371209859848022,1.5523682832717896,1.1734566688537598,0.4708055853843689,0.5851485729217529,0.4698526859283447,1.5856499671936035,0.6023723483085632,8.586704097979236e-06,1.2556796073913574,0.8655184507369995,0.8405315279960632,0.867142915725708,1.0218513011932373,0.2955974042415619,0.5034083127975464,0.2996695637702942,0.6066018342971802,0.6441338658332825,0.6214954853057861,0.979245126247406,0.3524704575538635
/p/project1/hai_1252/toulouse1/flexcraft/data/adapt/full_run_seed/2026-06-27_10:57:16_adapt_full_run_c4_2/7N2R+MAVMAPRTLV+TLMSAMTNL+CAESMKGGSY+CASSQDLRGE_0_360.pdb,1.609061598777771,1.6237010955810547,1.0172781944274902,1.7017805576324463,1.575034737586975,1.7738600969314575,1.191504955291748,1.19537353515625,1.2526912689208984,1.231455683708191,1.221469759941101,1.172727346420288,1.0872400999069214,1.1106977462768555,1.5652353763580322,1.2110694646835327,1.8608688116073608,1.0168803930282593,1.35551917552948,0.5902589559555054,1.0206239223480225,1.1100207567214966,1.5300889015197754,1.8598331212997437,1.0519925355911255,1.2107325792312622,1.1180537939071655,1.150929570198059,1.2279516458511353,1.4062983989715576,1.205370545387268,0.9821570515632629,1.771101474761963,1.2194733619689941,1.129873275756836,1.1706688404083252,1.2918248176574707,1.2368768453598022,1.1434282064437866,1.5342594385147095,1.1502821445465088,1.3494309186935425,1.1144092082977295,1.301814079284668,1.0183639526367188,1.0401802062988281,1.35334050655365,1.4701380729675293,1.8053289651870728,0.9926076531410217,0.7148196697235107,1.2553107738494873,1.3296016454696655,1.3035683631896973,1.2674896717071533,1.2731417417526245,1.2556843757629395,1.3993489119457081e-05,1.5469858646392822,1.4321590662002563,1.5393495559692383,1.5998510122299194,1.1958844661712646,1.2090678215026855,1.2862826585769653,1.1984807252883911,1.300201416015625,1.102518081665039,1.1236919164657593,1.2229492664337158
/p/project1/hai_1252/toulouse1/flexcraft/data/adapt/full_run_seed/2026-06-27_10:57:16_adapt_full_run_c4_2/7N2R+MAVMAPRTLV+TLMSAMTNL+CAESMKGGSY+CASSQDLRGE_0_587.pdb,1.4914579391479492,0.23224873840808868,1.9833706617355347,0.9094700217247009,0.1249428391456604,1.132226586341858,0.7873883247375488,0.9052424430847168,0.9093470573425293,0.702488899230957,0.7289546132087708,0.8723129630088806,0.762144148349762,0.9069957733154297,0.13116802275180817,0.9880108833312988,1.309851884841919,1.960205078125,0.6484357118606567,1.5602959394454956,2.0094892978668213,0.8815523386001587,0.17250178754329681,1.2702929973602295,2.0407729148864746,0.709624707698822,0.7301785349845886,1.1130073070526123,0.8655614256858826,0.6368751525878906,1.036047101020813,1.970024585723877,1.7104382514953613,0.7338898181915283,0.8103394508361816,0.8676863312721252,0.7621639370918274,0.8952142596244812,0.7654644846916199,0.07618943601846695,0.7974225282669067,1.3698923587799072,0.7884729504585266,0.7653927206993103,1.9358794689178467,0.8961364030838013,0.58018958568573,0.6432431936264038,1.090863823890686,2.0933821201324463,1.5286535024642944,0.8280503749847412,1.1945163011550903,0.8231324553489685,2.1028494834899902,0.8322510719299316,0.865519642829895,1.5469815731048584,6.689813289995072e-06,1.0242129564285278,0.05182239040732384,1.53859543800354,0.755766749382019,0.7459107041358948,0.7353417873382568,0.9827566742897034,0.8277119398117065,0.9249275922775269,1.4677106142044067,0.8826377391815186
/p/project1/hai_1252/toulouse1/flexcraft/data/adapt/full_run_seed/2026-06-27_10:57:16_adapt_full_run_c4_2/7N2R+MAVMAPRTLV+TLMSAMTNL+CAESMKGGSY+CASSQDLRGE_0_680.pdb,1.0597251653671265,1.064087152481079,1.7220474481582642,0.8683817982673645,1.0702952146530151,0.9471721053123474,0.7850480079650879,0.7256547808647156,0.8527255654335022,0.783993124961853,0.7831266522407532,0.7125244736671448,0.8698363304138184,0.7416419982910156,1.0580518245697021,0.81333988904953,1.0789843797683716,1.7076826095581055,0.7930669784545898,1.3921282291412354,1.7631144523620605,0.6982341408729553,1.0616189241409302,1.1109049320220947,1.7833173274993896,0.780078113079071,0.8524360656738281,0.8820340633392334,0.8162077069282532,0.7619009017944336,0.7952001094818115,1.7112568616867065,1.3678144216537476,0.7906203866004944,0.8791095018386841,0.7178202867507935,0.72504061460495,0.7430464625358582,0.7953248620033264,1.0189805030822754,0.8216444849967957,1.1303881406784058,0.9125379920005798,0.8254169225692749,1.6980903148651123,0.8649473190307617,0.7964499592781067,0.7686952948570251,1.004551887512207,1.7247647047042847,1.4143362045288086,0.7267137765884399,0.8524578809738159,0.7440809607505798,1.8085453510284424,0.8337596654891968,0.8405325412750244,1.43215811252594,1.0242111682891846,1.0002315320889466e-05,1.0215545892715454,1.1992967128753662,0.7652732729911804,0.7085312604904175,0.7766996622085571,0.7924854755401611,0.8414219617843628,0.8545650839805603,1.1719456911087036,0.8293184638023376
/p/project1/hai_1252/toulouse1/flexcraft/data/adapt/full_run_seed/2026-06-27_10:57:16_adapt_full_run_c4_2/7N2R+MAVMAPRTLV+TLMSAMTNL+CAESMKGGSY+CASSQDLRGE_0_565.pdb,1.491808295249939,0.23241175711154938,1.9844878911972046,0.9091813564300537,0.11299025267362595,1.1300973892211914,0.782043993473053,0.8982126712799072,0.9080442786216736,0.6886162757873535,0.7199796438217163,0.865887463092804,0.7511389255523682,0.9005305767059326,0.12512239813804626,0.9769691228866577,1.309622049331665,1.9617727994918823,0.6444264054298401,1.5588818788528442,2.010188579559326,0.8769299983978271,0.15544551610946655,1.282705545425415,2.0405197143554688,0.6956171989440918,0.7210187911987305,1.1128121614456177,0.852109432220459,0.6297977566719055,1.0303586721420288,1.97169828414917,1.7024977207183838,0.7310706377029419,0.7932281494140625,0.8618316054344177,0.7583386898040771,0.8880770802497864,0.7632713913917542,0.08346020430326462,0.7968161702156067,1.3706046342849731,0.7786047458648682,0.7667346596717834,1.9381235837936401,0.8820747137069702,0.5737060308456421,0.6410818696022034,1.0950826406478882,2.093475580215454,1.5248044729232788,0.8238533139228821,1.1957097053527832,0.8154487013816833,2.105011463165283,0.8172493577003479,0.8671413660049438,1.539344310760498,0.05182194709777832,1.0215548276901245,3.7283182336977916e-06,1.539208173751831,0.7493377327919006,0.7359992861747742,0.7332476377487183,0.9742098450660706,0.810464084148407,0.9123985171318054,1.4614214897155762,0.8799915909767151
/p/project1/hai_1252/toulouse1/flexcraft/data/adapt/full_run_seed/2026-06-27_10:57:16_adapt_full_run_c4_2/7N2R+MAVMAPRTLV+TLMSAMTNL+CAESMKGGSY+CASSQDLRGE_0_570.pdb,1.0403014421463013,1.508039951324463,1.5323175191879272,1.3287913799285889,1.6086567640304565,1.312239170074463,1.0845295190811157,1.2306469678878784,1.1228042840957642,1.3050947189331055,1.2287309169769287,1.2075915336608887,1.401386022567749,1.1673319339752197,1.6175237894058228,1.1673449277877808,1.5038412809371948,1.5205256938934326,1.21648108959198,1.562174677848816,1.586819052696228,1.248124122619629,1.604171633720398,1.3106552362442017,1.6083979606628418,1.2950611114501953,1.3821808099746704,0.9000813961029053,1.33495032787323,1.1823714971542358,1.2217884063720703,1.5325071811676025,1.436483383178711,1.1540828943252563,1.361673355102539,1.2200486660003662,1.116257905960083,1.2591516971588135,1.1885572671890259,1.5286476612091064,1.214337706565857,0.5773418545722961,1.463815450668335,1.1007723808288574,1.5426466464996338,1.2843106985092163,1.2018333673477173,1.1407028436660767,1.4107567071914673,1.5781216621398926,1.4939044713974,1.2481194734573364,0.9173520803451538,1.194031000137329,1.4672017097473145,1.3780511617660522,1.0218524932861328,1.5998560190200806,1.5385960340499878,1.1992958784103394,1.5392086505889893,6.136388492450351e-06,1.1655800342559814,1.237341284751892,1.1882327795028687,1.3231046199798584,1.4041175842285156,1.2326879501342773,1.1893572807312012,1.1674333810806274
/p/project1/hai_1252/toulouse1/flexcraft/data/adapt/full_run_seed/2026-06-27_10:57:16_adapt_full_run_c4_2/7N2R+MAVMAPRTLV+TLMSAMTNL+CAESMKGGSY+CASSQDLRGE_0_428.pdb,1.0730369091033936,0.8298385739326477,1.5615425109863281,1.060961365699768,0.808098316192627,1.2170485258102417,0.23355834186077118,0.3790961503982544,0.3705987334251404,0.3478047251701355,0.17222462594509125,0.36436039209365845,0.47238680720329285,0.3950574994087219,0.803163468837738,0.48135536909103394,1.388464331626892,1.5471612215042114,0.6021483540534973,1.2271274328231812,1.6023555994033813,0.43677619099617004,0.8000818490982056,1.2890149354934692,1.6209280490875244,0.3156432807445526,0.43483805656433105,0.5867457985877991,0.38267630338668823,0.48854556679725647,0.46986475586891174,1.555574655532837,1.302198052406311,0.17562787234783173,0.49719616770744324,0.3551780879497528,0.4164675176143646,0.40990591049194336,0.514225423336029,0.7502778768539429,0.5442240238189697,0.9396547675132751,0.5358567833900452,0.291159063577652,1.5522457361221313,0.49416565895080566,0.36509883403778076,0.5551256537437439,1.1985793113708496,1.5907047986984253,1.1899696588516235,0.3593677580356598,0.7121931314468384,0.40778008103370667,1.6846907138824463,0.4142072796821594,0.2956037223339081,1.1958855390548706,0.7557654976844788,0.7652732133865356,0.7493366599082947,1.1655805110931396,3.873909463436576e-06,0.3420567810535431,0.21543321013450623,0.48240989446640015,0.43296122550964355,0.48893502354621887,1.0202690362930298,0.3419140577316284
/p/project1/hai_1252/toulouse1/flexcraft/data/adapt/full_run_seed/2026-06-27_10:57:16_adapt_full_run_c4_2/7N2R+MAVMAPRTLV+TLMSAMTNL+CAESMKGGSY+CASSQDLRGE_0_484.pdb,1.0446043014526367,0.8254840970039368,1.5538126230239868,0.9986599087715149,0.78962242603302,1.1879829168319702,0.35992589592933655,0.2782127559185028,0.5857447385787964,0.2543133497238159,0.3873398005962372,0.21727731823921204,0.4331742823123932,0.24862322211265564,0.7737597227096558,0.4655608832836151,1.3475327491760254,1.5451189279556274,0.613516092300415,1.2169196605682373,1.5952636003494263,0.36835503578186035,0.7544006109237671,1.3069835901260376,1.6154518127441406,0.24027569591999054,0.4458775222301483,0.5808873772621155,0.35957440733909607,0.44105908274650574,0.43542492389678955,1.54304039478302,1.2701250314712524,0.41828256845474243,0.4349903166294098,0.23359237611293793,0.41026002168655396,0.30342352390289307,0.5248422622680664,0.7294434309005737,0.5714386701583862,1.009712815284729,0.5216244459152222,0.5040344595909119,1.5344245433807373,0.4156810939311981,0.4219723641872406,0.5619500279426575,1.1531367301940918,1.5965875387191772,1.2318851947784424,0.30135029554367065,0.7497758865356445,0.4222051203250885,1.7242286205291748,0.38880443572998047,0.5034114718437195,1.2090681791305542,0.7459093332290649,0.70853191614151,0.7359991669654846,1.237341046333313,0.3420582711696625,2.6771993361762725e-05,0.4348427951335907,0.3979063630104065,0.44098371267318726,0.42518380284309387,0.9822291731834412,0.5583476424217224
/p/project1/hai_1252/toulouse1/flexcraft/data/adapt/full_run_seed/2026-06-27_10:57:16_adapt_full_run_c4_2/7N2R+MAVMAPRTLV+TLMSAMTNL+CAESMKGGSY+CASSQDLRGE_0_624.pdb,1.0783082246780396,0.7885458469390869,1.6101313829421997,1.0400071144104004,0.8007972240447998,1.180572509765625,0.3247092068195343,0.43453484773635864,0.2953467071056366,0.44087061285972595,0.17399340867996216,0.43558213114738464,0.5617358684539795,0.5008038282394409,0.7941088676452637,0.492451936006546,1.3616794347763062,1.5926575660705566,0.5667924284934998,1.2720273733139038,1.652072548866272,0.4784494638442993,0.8051499724388123,1.2423855066299438,1.6713988780975342,0.43899548053741455,0.508507251739502,0.6584256291389465,0.46100756525993347,0.46042531728744507,0.5002189874649048,1.6077253818511963,1.323135256767273,0.20714253187179565,0.6137676239013672,0.4313623905181885,0.3973298668861389,0.45859837532043457,0.5095866322517395,0.7292099595069885,0.5398266911506653,0.9830841422080994,0.5984771847724915,0.20035266876220703,1.5936782360076904,0.6096323728561401,0.3341310918331146,0.5161116123199463,1.178348183631897,1.6526354551315308,1.206953763961792,0.37693116068840027,0.6843273639678955,0.4027377963066101,1.6986006498336792,0.47516578435897827,0.2996697425842285,1.2862834930419922,0.7353420257568359,0.7767000198364258,0.7332494258880615,1.1882331371307373,0.21542906761169434,0.43484240770339966,9.229424904333428e-06,0.5291810035705566,0.48420050740242004,0.5902770161628723,1.0528326034545898,0.27631399035453796
/p/project1/hai_1252/toulouse1/flexcraft/data/adapt/full_run_seed/2026-06-27_10:57:16_adapt_full_run_c4_2/7N2R+MAVMAPRTLV+TLMSAMTNL+CAESMKGGSY+CASSQDLRGE_0_458.pdb,1.0271764993667603,1.071197271347046,1.5173343420028687,1.1476125717163086,1.0307062864303589,1.3054184913635254,0.5385752320289612,0.23735739290714264,0.611346960067749,0.4662588834762573,0.48098334670066833,0.2794629633426666,0.5908984541893005,0.3937035799026489,1.0040792226791382,0.3733591139316559,1.4454444646835327,1.5080336332321167,0.8433067798614502,1.1659444570541382,1.5552499294281006,0.36309826374053955,1.0043811798095703,1.4351990222930908,1.5643267631530762,0.4841769337654114,0.5978215932846069,0.6503376960754395,0.3015250265598297,0.7073282599449158,0.19726614654064178,1.510640025138855,1.2303073406219482,0.5553016066551208,0.5809921026229858,0.25563690066337585,0.6294249296188354,0.18258583545684814,0.7037856578826904,0.9702919721603394,0.7323429584503174,1.1015777587890625,0.6295789480209351,0.6202024817466736,1.5186548233032227,0.5359930396080017,0.6556837558746338,0.798928439617157,1.2964134216308594,1.5264655351638794,1.1862901449203491,0.2654542624950409,0.7871212363243103,0.5137763619422913,1.675783395767212,0.36329448223114014,0.6065998673439026,1.1984809637069702,0.9827562570571899,0.7924872040748596,0.9742096662521362,1.3231052160263062,0.4824092984199524,0.397906631231308,0.529182493686676,5.6556996241852175e-06,0.41794663667678833,0.5323848724365234,0.9325941801071167,0.5720521211624146
/p/project1/hai_1252/toulouse1/flexcraft/data/adapt/full_run_seed/2026-06-27_10:57:16_adapt_full_run_c4_2/7N2R+MAVMAPRTLV+TLMSAMTNL+CAESMKGGSY+CASSQDLRGE_0_686.pdb,1.1652178764343262,0.9145883321762085,1.6857918500900269,1.0867403745651245,0.858281135559082,1.2701624631881714,0.4953877627849579,0.41225865483283997,0.6532548666000366,0.3243580162525177,0.41522857546806335,0.45585447549819946,0.5335384011268616,0.5523622035980225,0.8285045623779297,0.5132661461830139,1.4077961444854736,1.670897126197815,0.821316123008728,1.3093247413635254,1.7163716554641724,0.5015393495559692,0.8387619853019714,1.414924144744873,1.7241274118423462,0.3725379705429077,0.5283987522125244,0.8247812986373901,0.23142731189727783,0.6633352041244507,0.4808582067489624,1.688462257385254,1.2971726655960083,0.5189211964607239,0.44413256645202637,0.43587711453437805,0.6697173714637756,0.38661056756973267,0.7545727491378784,0.8170219659805298,0.7897361516952515,1.2268810272216797,0.5851408839225769,0.6145639419555664,1.6812691688537598,0.4875977337360382,0.5593357682228088,0.7501002550125122,1.23458993434906,1.7409824132919312,1.2772576808929443,0.3876034915447235,0.9267840385437012,0.49317511916160583,1.8114632368087769,0.17369313538074493,0.6441330313682556,1.300203800201416,0.8277119398117065,0.8414218425750732,0.8104637861251831,1.404119849205017,0.4329608082771301,0.4409812092781067,0.48420006036758423,0.4179447889328003,1.464553497498855e-05,0.4833337962627411,1.044243574142456,0.6081353425979614
/p/project1/hai_1252/toulouse1/flexcraft/data/adapt/full_run_seed/2026-06-27_10:57:16_adapt_full_run_c4_2/7N2R+MAVMAPRTLV+TLMSAMTNL+CAESMKGGSY+CASSQDLRGE_0_661.pdb,1.0356285572052002,0.9931456446647644,1.4321930408477783,1.1081998348236084,0.9679831862449646,1.2931548357009888,0.43805140256881714,0.4528059661388397,0.7034919261932373,0.35778629779815674,0.5441908836364746,0.4379611611366272,0.43107056617736816,0.43887683749198914,0.945165753364563,0.5599538683891296,1.4051880836486816,1.4301458597183228,0.8329691290855408,1.1313692331314087,1.4707168340682983,0.5040876269340515,0.924424409866333,1.3958276510238647,1.4853897094726562,0.3971288502216339,0.47431233525276184,0.635076642036438,0.4138495922088623,0.6997131109237671,0.5298434495925903,1.4226783514022827,1.2177361249923706,0.5720192790031433,0.2815239727497101,0.44738948345184326,0.6619896292686462,0.47861456871032715,0.7025142312049866,0.9060372114181519,0.742427408695221,1.0358548164367676,0.5521116256713867,0.661541223526001,1.421844482421875,0.15263350307941437,0.611915111541748,0.7866989970207214,1.2456368207931519,1.5074185132980347,1.1142457723617554,0.5148253440856934,0.8403361439704895,0.5097188949584961,1.5857617855072021,0.44485607743263245,0.6214975714683533,1.102515459060669,0.9249287843704224,0.8545647859573364,0.9123982787132263,1.2326894998550415,0.48893478512763977,0.4251856207847595,0.5902765989303589,0.5323829650878906,0.48333311080932617,9.724320989334956e-06,0.8018749356269836,0.6794567704200745
/p/project1/hai_1252/toulouse1/flexcraft/data/adapt/full_run_seed/2026-06-27_10:57:16_adapt_full_run_c4_2/7N2R+MAVMAPRTLV+TLMSAMTNL+CAESMKGGSY+CASSQDLRGE_0_681.pdb,0.9549373388290405,1.4897867441177368,0.9974432587623596,1.4524428844451904,1.530362606048584,1.5544742345809937,0.939961314201355,0.9132479429244995,1.0599533319473267,0.9932649731636047,1.0689524412155151,0.9077401757240295,1.1041477918624878,0.9224532842636108,1.5069608688354492,0.874466061592102,1.6376948356628418,0.9912357926368713,1.1827787160873413,0.9520174264907837,1.0318890810012817,0.8390165567398071,1.4956035614013672,1.5745548009872437,1.036966323852539,1.0398918390274048,1.124752163887024,0.8019016981124878,0.958228349685669,1.1346341371536255,0.8451831340789795,1.0047571659088135,1.1867502927780151,1.0697076320648193,0.9971963167190552,0.921215295791626,1.0643364191055298,0.9024723768234253,1.0779786109924316,1.4454344511032104,1.1065857410430908,1.0466229915618896,1.188080906867981,1.064738154411316,0.9999862909317017,0.8573200106620789,1.126073956489563,1.2009763717651367,1.5214735269546509,1.177539587020874,0.9089967608451843,0.9395862221717834,0.9392445087432861,0.9373218417167664,1.0573959350585938,0.9964005351066589,0.9792436957359314,1.1236964464187622,1.4677112102508545,1.17194402217865,1.4614205360412598,1.1893575191497803,1.0202680826187134,0.9822278022766113,1.0528333187103271,0.9325935244560242,1.0442436933517456,0.801872730255127,1.1014509254891891e-05,1.0765141248703003
/p/project1/hai_1252/toulouse1/flexcraft/data/adapt/full_run_seed/2026-06-27_10:57:16_adapt_full_run_c4_2/7N2R+MAVMAPRTLV+TLMSAMTNL+CAESMKGGSY+CASSQDLRGE_0_579.pdb,1.1142802238464355,0.9295272827148438,1.59422767162323,1.14458167552948,0.9425016045570374,1.24336576461792,0.45159968733787537,0.5075401663780212,0.12671710550785065,0.5964534282684326,0.3094378113746643,0.522433340549469,0.6099470853805542,0.5521265268325806,0.9471601843833923,0.516933262348175,1.4300264120101929,1.5753467082977295,0.6365959048271179,1.2418489456176758,1.633613109588623,0.5431748628616333,0.9559281468391418,1.2741997241973877,1.6519689559936523,0.5816498398780823,0.5484068989753723,0.6962524056434631,0.573197066783905,0.6027239561080933,0.5442146062850952,1.5853692293167114,1.3506971597671509,0.270050585269928,0.7030395865440369,0.49867281317710876,0.46682435274124146,0.5485764741897583,0.5098153948783875,0.883294403553009,0.5141476392745972,0.9408866167068481,0.6251868009567261,0.27296707034111023,1.5880366563796997,0.6936933398246765,0.48477673530578613,0.6215734481811523,1.272004246711731,1.5838840007781982,1.1834793090820312,0.4757857322692871,0.6674469113349915,0.5401987433433533,1.6653985977172852,0.6053828597068787,0.3524705767631531,1.2229477167129517,0.8826383948326111,0.8293190002441406,0.8799914717674255,1.1674338579177856,0.34191688895225525,0.5583484768867493,0.2763117551803589,0.5720518827438354,0.6081370115280151,0.6794548630714417,1.0765142440795898,4.949932645104127e-06