,/p/project1/hai_1252/toulouse1/flexcraft/data/adapt/full_run/2026-06-28_12:18:30_adapt_full_run_c4/5EU6+MAVMAPRTLV+TLMSAMTNL+CAVWGAQKLV+CAGVDRNYGY_0_472.pdb,/p/project1/hai_1252/toulouse1/flexcraft/data/adapt/full_run/2026-06-28_12:18:30_adapt_full_run_c4/5EU6+MAVMAPRTLV+TLMSAMTNL+CAVWGAQKLV+CAGVDRNYGY_0_523.pdb,/p/project1/hai_1252/toulouse1/flexcraft/data/adapt/full_run/2026-06-28_12:18:30_adapt_full_run_c4/5EU6+MAVMAPRTLV+TLMSAMTNL+CAVWGAQKLV+CAGVDRNYGY_0_421.pdb,/p/project1/hai_1252/toulouse1/flexcraft/data/adapt/full_run/2026-06-28_12:18:30_adapt_full_run_c4/5EU6+MAVMAPRTLV+TLMSAMTNL+CAVWGAQKLV+CAGVDRNYGY_0_595.pdb,/p/project1/hai_1252/toulouse1/flexcraft/data/adapt/full_run/2026-06-28_12:18:30_adapt_full_run_c4/5EU6+MAVMAPRTLV+TLMSAMTNL+CAVWGAQKLV+CAGVDRNYGY_0_234.pdb,/p/project1/hai_1252/toulouse1/flexcraft/data/adapt/full_run/2026-06-28_12:18:30_adapt_full_run_c4/5EU6+MAVMAPRTLV+TLMSAMTNL+CAVWGAQKLV+CAGVDRNYGY_0_452.pdb,/p/project1/hai_1252/toulouse1/flexcraft/data/adapt/full_run/2026-06-28_12:18:30_adapt_full_run_c4/5EU6+MAVMAPRTLV+TLMSAMTNL+CAVWGAQKLV+CAGVDRNYGY_0_543.pdb,/p/project1/hai_1252/toulouse1/flexcraft/data/adapt/full_run/2026-06-28_12:18:30_adapt_full_run_c4/5EU6+MAVMAPRTLV+TLMSAMTNL+CAVWGAQKLV+CAGVDRNYGY_0_606.pdb,/p/project1/hai_1252/toulouse1/flexcraft/data/adapt/full_run/2026-06-28_12:18:30_adapt_full_run_c4/5EU6+MAVMAPRTLV+TLMSAMTNL+CAVWGAQKLV+CAGVDRNYGY_0_550.pdb,/p/project1/hai_1252/toulouse1/flexcraft/data/adapt/full_run/2026-06-28_12:18:30_adapt_full_run_c4/5EU6+MAVMAPRTLV+TLMSAMTNL+CAVWGAQKLV+CAGVDRNYGY_0_575.pdb,/p/project1/hai_1252/toulouse1/flexcraft/data/adapt/full_run/2026-06-28_12:18:30_adapt_full_run_c4/5EU6+MAVMAPRTLV+TLMSAMTNL+CAVWGAQKLV+CAGVDRNYGY_0_145.pdb,/p/project1/hai_1252/toulouse1/flexcraft/data/adapt/full_run/2026-06-28_12:18:30_adapt_full_run_c4/5EU6+MAVMAPRTLV+TLMSAMTNL+CAVWGAQKLV+CAGVDRNYGY_0_526.pdb,/p/project1/hai_1252/toulouse1/flexcraft/data/adapt/full_run/2026-06-28_12:18:30_adapt_full_run_c4/5EU6+MAVMAPRTLV+TLMSAMTNL+CAVWGAQKLV+CAGVDRNYGY_0_369.pdb,/p/project1/hai_1252/toulouse1/flexcraft/data/adapt/full_run/2026-06-28_12:18:30_adapt_full_run_c4/5EU6+MAVMAPRTLV+TLMSAMTNL+CAVWGAQKLV+CAGVDRNYGY_0_434.pdb,/p/project1/hai_1252/toulouse1/flexcraft/data/adapt/full_run/2026-06-28_12:18:30_adapt_full_run_c4/5EU6+MAVMAPRTLV+TLMSAMTNL+CAVWGAQKLV+CAGVDRNYGY_0_489.pdb,/p/project1/hai_1252/toulouse1/flexcraft/data/adapt/full_run/2026-06-28_12:18:30_adapt_full_run_c4/5EU6+MAVMAPRTLV+TLMSAMTNL+CAVWGAQKLV+CAGVDRNYGY_0_535.pdb,/p/project1/hai_1252/toulouse1/flexcraft/data/adapt/full_run/2026-06-28_12:18:30_adapt_full_run_c4/5EU6+MAVMAPRTLV+TLMSAMTNL+CAVWGAQKLV+CAGVDRNYGY_0_605.pdb,/p/project1/hai_1252/toulouse1/flexcraft/data/adapt/full_run/2026-06-28_12:18:30_adapt_full_run_c4/5EU6+MAVMAPRTLV+TLMSAMTNL+CAVWGAQKLV+CAGVDRNYGY_0_334.pdb,/p/project1/hai_1252/toulouse1/flexcraft/data/adapt/full_run/2026-06-28_12:18:30_adapt_full_run_c4/5EU6+MAVMAPRTLV+TLMSAMTNL+CAVWGAQKLV+CAGVDRNYGY_0_313.pdb,/p/project1/hai_1252/toulouse1/flexcraft/data/adapt/full_run/2026-06-28_12:18:30_adapt_full_run_c4/5EU6+MAVMAPRTLV+TLMSAMTNL+CAVWGAQKLV+CAGVDRNYGY_0_529.pdb,/p/project1/hai_1252/toulouse1/flexcraft/data/adapt/full_run/2026-06-28_12:18:30_adapt_full_run_c4/5EU6+MAVMAPRTLV+TLMSAMTNL+CAVWGAQKLV+CAGVDRNYGY_0_610.pdb,/p/project1/hai_1252/toulouse1/flexcraft/data/adapt/full_run/2026-06-28_12:18:30_adapt_full_run_c4/5EU6+MAVMAPRTLV+TLMSAMTNL+CAVWGAQKLV+CAGVDRNYGY_0_268.pdb,/p/project1/hai_1252/toulouse1/flexcraft/data/adapt/full_run/2026-06-28_12:18:30_adapt_full_run_c4/5EU6+MAVMAPRTLV+TLMSAMTNL+CAVWGAQKLV+CAGVDRNYGY_0_416.pdb,/p/project1/hai_1252/toulouse1/flexcraft/data/adapt/full_run/2026-06-28_12:18:30_adapt_full_run_c4/5EU6+MAVMAPRTLV+TLMSAMTNL+CAVWGAQKLV+CAGVDRNYGY_0_328.pdb,/p/project1/hai_1252/toulouse1/flexcraft/data/adapt/full_run/2026-06-28_12:18:30_adapt_full_run_c4/5EU6+MAVMAPRTLV+TLMSAMTNL+CAVWGAQKLV+CAGVDRNYGY_0_349.pdb,/p/project1/hai_1252/toulouse1/flexcraft/data/adapt/full_run/2026-06-28_12:18:30_adapt_full_run_c4/5EU6+MAVMAPRTLV+TLMSAMTNL+CAVWGAQKLV+CAGVDRNYGY_0_602.pdb,/p/project1/hai_1252/toulouse1/flexcraft/data/adapt/full_run/2026-06-28_12:18:30_adapt_full_run_c4/5EU6+MAVMAPRTLV+TLMSAMTNL+CAVWGAQKLV+CAGVDRNYGY_0_461.pdb,/p/project1/hai_1252/toulouse1/flexcraft/data/adapt/full_run/2026-06-28_12:18:30_adapt_full_run_c4/5EU6+MAVMAPRTLV+TLMSAMTNL+CAVWGAQKLV+CAGVDRNYGY_0_428.pdb,/p/project1/hai_1252/toulouse1/flexcraft/data/adapt/full_run/2026-06-28_12:18:30_adapt_full_run_c4/5EU6+MAVMAPRTLV+TLMSAMTNL+CAVWGAQKLV+CAGVDRNYGY_0_600.pdb,/p/project1/hai_1252/toulouse1/flexcraft/data/adapt/full_run/2026-06-28_12:18:30_adapt_full_run_c4/5EU6+MAVMAPRTLV+TLMSAMTNL+CAVWGAQKLV+CAGVDRNYGY_0_578.pdb,/p/project1/hai_1252/toulouse1/flexcraft/data/adapt/full_run/2026-06-28_12:18:30_adapt_full_run_c4/5EU6+MAVMAPRTLV+TLMSAMTNL+CAVWGAQKLV+CAGVDRNYGY_0_300.pdb,/p/project1/hai_1252/toulouse1/flexcraft/data/adapt/full_run/2026-06-28_12:18:30_adapt_full_run_c4/5EU6+MAVMAPRTLV+TLMSAMTNL+CAVWGAQKLV+CAGVDRNYGY_0_566.pdb,/p/project1/hai_1252/toulouse1/flexcraft/data/adapt/full_run/2026-06-28_12:18:30_adapt_full_run_c4/5EU6+MAVMAPRTLV+TLMSAMTNL+CAVWGAQKLV+CAGVDRNYGY_0_548.pdb,/p/project1/hai_1252/toulouse1/flexcraft/data/adapt/full_run/2026-06-28_12:18:30_adapt_full_run_c4/5EU6+MAVMAPRTLV+TLMSAMTNL+CAVWGAQKLV+CAGVDRNYGY_0_404.pdb,/p/project1/hai_1252/toulouse1/flexcraft/data/adapt/full_run/2026-06-28_12:18:30_adapt_full_run_c4/5EU6+MAVMAPRTLV+TLMSAMTNL+CAVWGAQKLV+CAGVDRNYGY_0_220.pdb,/p/project1/hai_1252/toulouse1/flexcraft/data/adapt/full_run/2026-06-28_12:18:30_adapt_full_run_c4/5EU6+MAVMAPRTLV+TLMSAMTNL+CAVWGAQKLV+CAGVDRNYGY_0_477.pdb,/p/project1/hai_1252/toulouse1/flexcraft/data/adapt/full_run/2026-06-28_12:18:30_adapt_full_run_c4/5EU6+MAVMAPRTLV+TLMSAMTNL+CAVWGAQKLV+CAGVDRNYGY_0_424.pdb,/p/project1/hai_1252/toulouse1/flexcraft/data/adapt/full_run/2026-06-28_12:18:30_adapt_full_run_c4/5EU6+MAVMAPRTLV+TLMSAMTNL+CAVWGAQKLV+CAGVDRNYGY_0_545.pdb,/p/project1/hai_1252/toulouse1/flexcraft/data/adapt/full_run/2026-06-28_12:18:30_adapt_full_run_c4/5EU6+MAVMAPRTLV+TLMSAMTNL+CAVWGAQKLV+CAGVDRNYGY_0_532.pdb,/p/project1/hai_1252/toulouse1/flexcraft/data/adapt/full_run/2026-06-28_12:18:30_adapt_full_run_c4/5EU6+MAVMAPRTLV+TLMSAMTNL+CAVWGAQKLV+CAGVDRNYGY_0_341.pdb,/p/project1/hai_1252/toulouse1/flexcraft/data/adapt/full_run/2026-06-28_12:18:30_adapt_full_run_c4/5EU6+MAVMAPRTLV+TLMSAMTNL+CAVWGAQKLV+CAGVDRNYGY_0_414.pdb,/p/project1/hai_1252/toulouse1/flexcraft/data/adapt/full_run/2026-06-28_12:18:30_adapt_full_run_c4/5EU6+MAVMAPRTLV+TLMSAMTNL+CAVWGAQKLV+CAGVDRNYGY_0_433.pdb,/p/project1/hai_1252/toulouse1/flexcraft/data/adapt/full_run/2026-06-28_12:18:30_adapt_full_run_c4/5EU6+MAVMAPRTLV+TLMSAMTNL+CAVWGAQKLV+CAGVDRNYGY_0_609.pdb,/p/project1/hai_1252/toulouse1/flexcraft/data/adapt/full_run/2026-06-28_12:18:30_adapt_full_run_c4/5EU6+MAVMAPRTLV+TLMSAMTNL+CAVWGAQKLV+CAGVDRNYGY_0_277.pdb,/p/project1/hai_1252/toulouse1/flexcraft/data/adapt/full_run/2026-06-28_12:18:30_adapt_full_run_c4/5EU6+MAVMAPRTLV+TLMSAMTNL+CAVWGAQKLV+CAGVDRNYGY_0_400.pdb,/p/project1/hai_1252/toulouse1/flexcraft/data/adapt/full_run/2026-06-28_12:18:30_adapt_full_run_c4/5EU6+MAVMAPRTLV+TLMSAMTNL+CAVWGAQKLV+CAGVDRNYGY_0_311.pdb,/p/project1/hai_1252/toulouse1/flexcraft/data/adapt/full_run/2026-06-28_12:18:30_adapt_full_run_c4/5EU6+MAVMAPRTLV+TLMSAMTNL+CAVWGAQKLV+CAGVDRNYGY_0_509.pdb,/p/project1/hai_1252/toulouse1/flexcraft/data/adapt/full_run/2026-06-28_12:18:30_adapt_full_run_c4/5EU6+MAVMAPRTLV+TLMSAMTNL+CAVWGAQKLV+CAGVDRNYGY_0_536.pdb,/p/project1/hai_1252/toulouse1/flexcraft/data/adapt/full_run/2026-06-28_12:18:30_adapt_full_run_c4/5EU6+MAVMAPRTLV+TLMSAMTNL+CAVWGAQKLV+CAGVDRNYGY_0_351.pdb,/p/project1/hai_1252/toulouse1/flexcraft/data/adapt/full_run/2026-06-28_12:18:30_adapt_full_run_c4/5EU6+MAVMAPRTLV+TLMSAMTNL+CAVWGAQKLV+CAGVDRNYGY_0_485.pdb,/p/project1/hai_1252/toulouse1/flexcraft/data/adapt/full_run/2026-06-28_12:18:30_adapt_full_run_c4/5EU6+MAVMAPRTLV+TLMSAMTNL+CAVWGAQKLV+CAGVDRNYGY_0_478.pdb,/p/project1/hai_1252/toulouse1/flexcraft/data/adapt/full_run/2026-06-28_12:18:30_adapt_full_run_c4/5EU6+MAVMAPRTLV+TLMSAMTNL+CAVWGAQKLV+CAGVDRNYGY_0_266.pdb,/p/project1/hai_1252/toulouse1/flexcraft/data/adapt/full_run/2026-06-28_12:18:30_adapt_full_run_c4/5EU6+MAVMAPRTLV+TLMSAMTNL+CAVWGAQKLV+CAGVDRNYGY_0_607.pdb,/p/project1/hai_1252/toulouse1/flexcraft/data/adapt/full_run/2026-06-28_12:18:30_adapt_full_run_c4/5EU6+MAVMAPRTLV+TLMSAMTNL+CAVWGAQKLV+CAGVDRNYGY_0_405.pdb,/p/project1/hai_1252/toulouse1/flexcraft/data/adapt/full_run/2026-06-28_12:18:30_adapt_full_run_c4/5EU6+MAVMAPRTLV+TLMSAMTNL+CAVWGAQKLV+CAGVDRNYGY_0_557.pdb,/p/project1/hai_1252/toulouse1/flexcraft/data/adapt/full_run/2026-06-28_12:18:30_adapt_full_run_c4/5EU6+MAVMAPRTLV+TLMSAMTNL+CAVWGAQKLV+CAGVDRNYGY_0_377.pdb,/p/project1/hai_1252/toulouse1/flexcraft/data/adapt/full_run/2026-06-28_12:18:30_adapt_full_run_c4/5EU6+MAVMAPRTLV+TLMSAMTNL+CAVWGAQKLV+CAGVDRNYGY_0_459.pdb,/p/project1/hai_1252/toulouse1/flexcraft/data/adapt/full_run/2026-06-28_12:18:30_adapt_full_run_c4/5EU6+MAVMAPRTLV+TLMSAMTNL+CAVWGAQKLV+CAGVDRNYGY_0_435.pdb,/p/project1/hai_1252/toulouse1/flexcraft/data/adapt/full_run/2026-06-28_12:18:30_adapt_full_run_c4/5EU6+MAVMAPRTLV+TLMSAMTNL+CAVWGAQKLV+CAGVDRNYGY_0_587.pdb,/p/project1/hai_1252/toulouse1/flexcraft/data/adapt/full_run/2026-06-28_12:18:30_adapt_full_run_c4/5EU6+MAVMAPRTLV+TLMSAMTNL+CAVWGAQKLV+CAGVDRNYGY_0_410.pdb,/p/project1/hai_1252/toulouse1/flexcraft/data/adapt/full_run/2026-06-28_12:18:30_adapt_full_run_c4/5EU6+MAVMAPRTLV+TLMSAMTNL+CAVWGAQKLV+CAGVDRNYGY_0_488.pdb,/p/project1/hai_1252/toulouse1/flexcraft/data/adapt/full_run/2026-06-28_12:18:30_adapt_full_run_c4/5EU6+MAVMAPRTLV+TLMSAMTNL+CAVWGAQKLV+CAGVDRNYGY_0_430.pdb,/p/project1/hai_1252/toulouse1/flexcraft/data/adapt/full_run/2026-06-28_12:18:30_adapt_full_run_c4/5EU6+MAVMAPRTLV+TLMSAMTNL+CAVWGAQKLV+CAGVDRNYGY_0_270.pdb,/p/project1/hai_1252/toulouse1/flexcraft/data/adapt/full_run/2026-06-28_12:18:30_adapt_full_run_c4/5EU6+MAVMAPRTLV+TLMSAMTNL+CAVWGAQKLV+CAGVDRNYGY_0_418.pdb,/p/project1/hai_1252/toulouse1/flexcraft/data/adapt/full_run/2026-06-28_12:18:30_adapt_full_run_c4/5EU6+MAVMAPRTLV+TLMSAMTNL+CAVWGAQKLV+CAGVDRNYGY_0_522.pdb,/p/project1/hai_1252/toulouse1/flexcraft/data/adapt/full_run/2026-06-28_12:18:30_adapt_full_run_c4/5EU6+MAVMAPRTLV+TLMSAMTNL+CAVWGAQKLV+CAGVDRNYGY_0_381.pdb,/p/project1/hai_1252/toulouse1/flexcraft/data/adapt/full_run/2026-06-28_12:18:30_adapt_full_run_c4/5EU6+MAVMAPRTLV+TLMSAMTNL+CAVWGAQKLV+CAGVDRNYGY_0_608.pdb,/p/project1/hai_1252/toulouse1/flexcraft/data/adapt/full_run/2026-06-28_12:18:30_adapt_full_run_c4/5EU6+MAVMAPRTLV+TLMSAMTNL+CAVWGAQKLV+CAGVDRNYGY_0_195.pdb,/p/project1/hai_1252/toulouse1/flexcraft/data/adapt/full_run/2026-06-28_12:18:30_adapt_full_run_c4/5EU6+MAVMAPRTLV+TLMSAMTNL+CAVWGAQKLV+CAGVDRNYGY_0_491.pdb,/p/project1/hai_1252/toulouse1/flexcraft/data/adapt/full_run/2026-06-28_12:18:30_adapt_full_run_c4/5EU6+MAVMAPRTLV+TLMSAMTNL+CAVWGAQKLV+CAGVDRNYGY_0_582.pdb,/p/project1/hai_1252/toulouse1/flexcraft/data/adapt/full_run/2026-06-28_12:18:30_adapt_full_run_c4/5EU6+MAVMAPRTLV+TLMSAMTNL+CAVWGAQKLV+CAGVDRNYGY_0_567.pdb,/p/project1/hai_1252/toulouse1/flexcraft/data/adapt/full_run/2026-06-28_12:18:30_adapt_full_run_c4/5EU6+MAVMAPRTLV+TLMSAMTNL+CAVWGAQKLV+CAGVDRNYGY_0_464.pdb,/p/project1/hai_1252/toulouse1/flexcraft/data/adapt/full_run/2026-06-28_12:18:30_adapt_full_run_c4/5EU6+MAVMAPRTLV+TLMSAMTNL+CAVWGAQKLV+CAGVDRNYGY_0_279.pdb,/p/project1/hai_1252/toulouse1/flexcraft/data/adapt/full_run/2026-06-28_12:18:30_adapt_full_run_c4/5EU6+MAVMAPRTLV+TLMSAMTNL+CAVWGAQKLV+CAGVDRNYGY_0_494.pdb,/p/project1/hai_1252/toulouse1/flexcraft/data/adapt/full_run/2026-06-28_12:18:30_adapt_full_run_c4/5EU6+MAVMAPRTLV+TLMSAMTNL+CAVWGAQKLV+CAGVDRNYGY_0_492.pdb,/p/project1/hai_1252/toulouse1/flexcraft/data/adapt/full_run/2026-06-28_12:18:30_adapt_full_run_c4/5EU6+MAVMAPRTLV+TLMSAMTNL+CAVWGAQKLV+CAGVDRNYGY_0_527.pdb,/p/project1/hai_1252/toulouse1/flexcraft/data/adapt/full_run/2026-06-28_12:18:30_adapt_full_run_c4/5EU6+MAVMAPRTLV+TLMSAMTNL+CAVWGAQKLV+CAGVDRNYGY_0_549.pdb,/p/project1/hai_1252/toulouse1/flexcraft/data/adapt/full_run/2026-06-28_12:18:30_adapt_full_run_c4/5EU6+MAVMAPRTLV+TLMSAMTNL+CAVWGAQKLV+CAGVDRNYGY_0_359.pdb,/p/project1/hai_1252/toulouse1/flexcraft/data/adapt/full_run/2026-06-28_12:18:30_adapt_full_run_c4/5EU6+MAVMAPRTLV+TLMSAMTNL+CAVWGAQKLV+CAGVDRNYGY_0_222.pdb,/p/project1/hai_1252/toulouse1/flexcraft/data/adapt/full_run/2026-06-28_12:18:30_adapt_full_run_c4/5EU6+MAVMAPRTLV+TLMSAMTNL+CAVWGAQKLV+CAGVDRNYGY_0_546.pdb,/p/project1/hai_1252/toulouse1/flexcraft/data/adapt/full_run/2026-06-28_12:18:30_adapt_full_run_c4/5EU6+MAVMAPRTLV+TLMSAMTNL+CAVWGAQKLV+CAGVDRNYGY_0_298.pdb,/p/project1/hai_1252/toulouse1/flexcraft/data/adapt/full_run/2026-06-28_12:18:30_adapt_full_run_c4/5EU6+MAVMAPRTLV+TLMSAMTNL+CAVWGAQKLV+CAGVDRNYGY_0_560.pdb,/p/project1/hai_1252/toulouse1/flexcraft/data/adapt/full_run/2026-06-28_12:18:30_adapt_full_run_c4/5EU6+MAVMAPRTLV+TLMSAMTNL+CAVWGAQKLV+CAGVDRNYGY_0_487.pdb,/p/project1/hai_1252/toulouse1/flexcraft/data/adapt/full_run/2026-06-28_12:18:30_adapt_full_run_c4/5EU6+MAVMAPRTLV+TLMSAMTNL+CAVWGAQKLV+CAGVDRNYGY_0_394.pdb,/p/project1/hai_1252/toulouse1/flexcraft/data/adapt/full_run/2026-06-28_12:18:30_adapt_full_run_c4/5EU6+MAVMAPRTLV+TLMSAMTNL+CAVWGAQKLV+CAGVDRNYGY_0_431.pdb,/p/project1/hai_1252/toulouse1/flexcraft/data/adapt/full_run/2026-06-28_12:18:30_adapt_full_run_c4/5EU6+MAVMAPRTLV+TLMSAMTNL+CAVWGAQKLV+CAGVDRNYGY_0_450.pdb,/p/project1/hai_1252/toulouse1/flexcraft/data/adapt/full_run/2026-06-28_12:18:30_adapt_full_run_c4/5EU6+MAVMAPRTLV+TLMSAMTNL+CAVWGAQKLV+CAGVDRNYGY_0_402.pdb,/p/project1/hai_1252/toulouse1/flexcraft/data/adapt/full_run/2026-06-28_12:18:30_adapt_full_run_c4/5EU6+MAVMAPRTLV+TLMSAMTNL+CAVWGAQKLV+CAGVDRNYGY_0_563.pdb,/p/project1/hai_1252/toulouse1/flexcraft/data/adapt/full_run/2026-06-28_12:18:30_adapt_full_run_c4/5EU6+MAVMAPRTLV+TLMSAMTNL+CAVWGAQKLV+CAGVDRNYGY_0_460.pdb,/p/project1/hai_1252/toulouse1/flexcraft/data/adapt/full_run/2026-06-28_12:18:30_adapt_full_run_c4/5EU6+MAVMAPRTLV+TLMSAMTNL+CAVWGAQKLV+CAGVDRNYGY_0_551.pdb,/p/project1/hai_1252/toulouse1/flexcraft/data/adapt/full_run/2026-06-28_12:18:30_adapt_full_run_c4/5EU6+MAVMAPRTLV+TLMSAMTNL+CAVWGAQKLV+CAGVDRNYGY_0_399.pdb,/p/project1/hai_1252/toulouse1/flexcraft/data/adapt/full_run/2026-06-28_12:18:30_adapt_full_run_c4/5EU6+MAVMAPRTLV+TLMSAMTNL+CAVWGAQKLV+CAGVDRNYGY_0_584.pdb
/p/project1/hai_1252/toulouse1/flexcraft/data/adapt/full_run/2026-06-28_12:18:30_adapt_full_run_c4/5EU6+MAVMAPRTLV+TLMSAMTNL+CAVWGAQKLV+CAGVDRNYGY_0_472.pdb,5.7244028539571445e-06,0.7859837412834167,0.7835675477981567,0.18375779688358307,0.8081434965133667,0.7043682932853699,0.7814499735832214,0.7541796565055847,0.7263372540473938,0.6929285526275635,0.716509222984314,0.7202804684638977,0.9030202627182007,0.7795323133468628,0.8088054656982422,0.5668555498123169,0.7247480154037476,0.723992645740509,0.745534360408783,0.6843343377113342,0.7507808804512024,0.8524079322814941,0.8305574059486389,0.9365147948265076,0.9291711449623108,0.78046715259552,0.7650721073150635,0.7474663853645325,0.7040725350379944,0.8582463264465332,0.73862224817276,0.8163477778434753,1.0519120693206787,0.7660342454910278,0.8069011569023132,0.7519820332527161,0.9737544059753418,0.715916633605957,0.6665778756141663,0.7655293941497803,0.8146847486495972,0.6277021765708923,0.7866199016571045,0.8029014468193054,0.8094714879989624,0.8598983287811279,0.7362946271896362,0.7379550933837891,0.7237132787704468,0.8192471861839294,0.8037758469581604,0.6838683485984802,0.8706883192062378,0.7231695055961609,0.810454249382019,0.7759397625923157,0.7612082958221436,0.7288482785224915,0.7985433340072632,0.7555249333381653,0.5828644037246704,0.7708122730255127,0.6908379197120667,0.758147120475769,0.9101517200469971,0.7849146127700806,0.7921833992004395,0.7981939315795898,0.8323943018913269,0.7720907926559448,0.7393738627433777,0.9350637197494507,0.7954027056694031,0.7935229539871216,0.784062922000885,0.7838860154151917,0.89216148853302,0.9361974000930786,0.5990750193595886,0.7579395771026611,0.8259890675544739,0.7509354948997498,0.8378663659095764,0.7215325832366943,0.8419948816299438,0.9599452614784241,0.8458712100982666,0.7610090374946594,0.7764856815338135,0.6635634303092957,0.8279029130935669,0.6965511441230774
/p/project1/hai_1252/toulouse1/flexcraft/data/adapt/full_run/2026-06-28_12:18:30_adapt_full_run_c4/5EU6+MAVMAPRTLV+TLMSAMTNL+CAVWGAQKLV+CAGVDRNYGY_0_523.pdb,0.7859863042831421,5.159809916222002e-06,0.9637188911437988,0.7851414084434509,0.9575532674789429,0.7272831201553345,0.961519181728363,0.29428723454475403,0.8291084170341492,0.9346039295196533,0.540920615196228,0.5535027980804443,0.44442877173423767,0.9475229382514954,0.9552715420722961,0.7975375652313232,0.9813990592956543,0.9719173312187195,0.3622966706752777,0.9364485144615173,0.9674839377403259,0.4526629149913788,0.976754367351532,0.5668832659721375,0.4904571771621704,1.0206669569015503,0.9521651268005371,0.3043530583381653,0.943037211894989,0.6462779641151428,0.2710053026676178,0.5150180459022522,0.7015876770019531,0.978900134563446,0.45517390966415405,0.9608877897262573,0.7989798188209534,0.8464741110801697,0.8772825002670288,0.9701345562934875,0.5280653834342957,0.530661404132843,0.21298572421073914,1.006205439567566,0.5844085216522217,0.9422399997711182,0.9119663834571838,0.9239836931228638,0.574855625629425,0.5484714508056641,0.9539413452148438,0.5140053033828735,0.6649209260940552,0.9361631870269775,0.8800722360610962,0.9708107113838196,0.9236980676651001,0.3495492935180664,0.9341787695884705,0.42891034483909607,0.8646093606948853,0.9726912975311279,0.8194149732589722,0.9152174592018127,0.9725028872489929,0.5398216247558594,0.4621585011482239,0.9745068550109863,0.9447128176689148,0.967582643032074,0.828367292881012,0.4873967468738556,0.4602494239807129,0.5853684544563293,0.9450816512107849,0.9814937710762024,0.6346238255500793,0.5558637976646423,0.7883298993110657,0.9255269765853882,0.9665032625198364,0.933829665184021,0.613278865814209,0.481193870306015,0.43961209058761597,0.5913302302360535,0.6257736086845398,0.8730380535125732,0.9082860946655273,0.737453043460846,0.9507695436477661,0.9496246576309204
/p/project1/hai_1252/toulouse1/flexcraft/data/adapt/full_run/2026-06-28_12:18:30_adapt_full_run_c4/5EU6+MAVMAPRTLV+TLMSAMTNL+CAVWGAQKLV+CAGVDRNYGY_0_421.pdb,0.7835657000541687,0.9637206196784973,1.6707543181837536e-05,0.7374500036239624,0.15572938323020935,0.6744054555892944,0.3300248682498932,0.8415235877037048,0.6974082589149475,0.3691774308681488,0.9121634364128113,0.8896970152854919,0.9595957398414612,0.09038187563419342,0.13719910383224487,0.5744061470031738,0.4350643455982208,0.40488868951797485,0.8726996183395386,0.3535412549972534,0.2151568979024887,0.9303372502326965,0.18773618340492249,0.9960119128227234,1.0329419374465942,0.28255483508110046,0.17828796803951263,0.8491291403770447,0.41665467619895935,0.9371282458305359,0.8898482322692871,0.8491970896720886,1.1130026578903198,0.3990374207496643,0.9260575771331787,0.1641373187303543,0.9518731832504272,0.2538461983203888,0.42832204699516296,0.22927969694137573,0.862877368927002,0.7697397470474243,0.9435166120529175,0.2377920150756836,0.9293292760848999,0.49530932307243347,0.4116664230823517,0.2891736328601837,0.8505357503890991,0.8519089818000793,0.09471505135297775,0.8314505219459534,1.0183218717575073,0.40439119935035706,0.663875162601471,0.14640849828720093,0.15288981795310974,0.847521185874939,0.21251273155212402,0.8563248515129089,0.6746757626533508,0.17910732328891754,0.7081657648086548,0.310090571641922,0.5297077298164368,0.9261106848716736,0.86355060338974,0.13337355852127075,0.33671921491622925,0.2016829252243042,0.2855930030345917,0.9691591858863831,0.9301007986068726,0.7046493887901306,0.5228523015975952,0.297227144241333,1.0148550271987915,1.0218760967254639,0.5409052968025208,0.19161610305309296,0.22862853109836578,0.22700509428977966,0.9634549021720886,0.8791872262954712,0.908082902431488,1.0483205318450928,0.9654035568237305,0.6765444874763489,0.25605520606040955,0.49140599370002747,0.27155908942222595,0.37934815883636475
/p/project1/hai_1252/toulouse1/flexcraft/data/adapt/full_run/2026-06-28_12:18:30_adapt_full_run_c4/5EU6+MAVMAPRTLV+TLMSAMTNL+CAVWGAQKLV+CAGVDRNYGY_0_595.pdb,0.18375952541828156,0.7851372957229614,0.7374500632286072,1.6921370843192562e-05,0.7654873728752136,0.6274956464767456,0.7168439626693726,0.7265281081199646,0.671957790851593,0.661123514175415,0.6852824091911316,0.6776083707809448,0.8877817392349243,0.7324634194374084,0.7700335383415222,0.5142248868942261,0.6881124377250671,0.6665773391723633,0.7345315217971802,0.6510170698165894,0.7006257772445679,0.8326674103736877,0.7839095592498779,0.9216690063476562,0.9200436472892761,0.729533851146698,0.7180580496788025,0.7282906770706177,0.6643691658973694,0.8118181824684143,0.7295243144035339,0.7744239568710327,1.0203089714050293,0.7233027219772339,0.7862826585769653,0.7042983770370483,0.9360546469688416,0.679926872253418,0.6227210760116577,0.7186411023139954,0.7964915633201599,0.5935345888137817,0.7814769148826599,0.7531796097755432,0.7681632041931152,0.7856371998786926,0.6722962856292725,0.6949989795684814,0.6805604696273804,0.7958309650421143,0.7611977458000183,0.6413726210594177,0.8311952948570251,0.6483045816421509,0.7278664708137512,0.7277164459228516,0.7146403789520264,0.7095434665679932,0.7541341781616211,0.740786075592041,0.5419299006462097,0.7242314219474792,0.6489872932434082,0.6981385350227356,0.8377031087875366,0.7490220069885254,0.7679449915885925,0.7495378255844116,0.7965681552886963,0.7245666980743408,0.7048463225364685,0.915798544883728,0.7656394839286804,0.7427857518196106,0.7233397364616394,0.7202453017234802,0.8506428599357605,0.9096021056175232,0.5619276165962219,0.7119241952896118,0.7850331664085388,0.7024278044700623,0.7984848022460938,0.6890926361083984,0.8233564496040344,0.9338327646255493,0.8019893169403076,0.6799975037574768,0.73347407579422,0.6238660216331482,0.7919414043426514,0.6619488596916199
/p/project1/hai_1252/toulouse1/flexcraft/data/adapt/full_run/2026-06-28_12:18:30_adapt_full_run_c4/5EU6+MAVMAPRTLV+TLMSAMTNL+CAVWGAQKLV+CAGVDRNYGY_0_234.pdb,0.8081416487693787,0.9575552344322205,0.1557244062423706,0.7654893398284912,7.0456376306538004e-06,0.6454376578330994,0.3668805956840515,0.8279004693031311,0.6785679459571838,0.40637001395225525,0.8906234502792358,0.8721030950546265,0.9175148010253906,0.11571696400642395,0.23002712428569794,0.6126915216445923,0.47761139273643494,0.4594094455242157,0.8688846826553345,0.38738784193992615,0.2068541944026947,0.8942565321922302,0.14664900302886963,0.9491989016532898,0.9881795048713684,0.3459241986274719,0.14888983964920044,0.8439817428588867,0.448702871799469,0.892457902431488,0.8935057520866394,0.8240644335746765,1.0466866493225098,0.44692263007164,0.8966755270957947,0.17546723783016205,0.9028586745262146,0.3098675310611725,0.48063838481903076,0.2400117665529251,0.857347309589386,0.7831482887268066,0.9340100288391113,0.28723767399787903,0.8925414085388184,0.5376734137535095,0.4240513741970062,0.25836440920829773,0.8334088921546936,0.8441203236579895,0.15743616223335266,0.8184853792190552,0.9724652767181396,0.39734870195388794,0.6270362138748169,0.14687561988830566,0.15995948016643524,0.8423843383789062,0.14656928181648254,0.8542624115943909,0.7093554139137268,0.16835765540599823,0.7212496399879456,0.3271298408508301,0.5782497525215149,0.8949059247970581,0.8496434688568115,0.1012505441904068,0.26476025581359863,0.19963403046131134,0.2780613899230957,0.9211337566375732,0.9073227643966675,0.6960153579711914,0.48971059918403625,0.3364509642124176,0.9717311263084412,0.9747554063796997,0.5829855799674988,0.17034859955310822,0.17447081208229065,0.20323418080806732,0.923552393913269,0.8640323281288147,0.8918463587760925,0.9986177682876587,0.928417444229126,0.6544617414474487,0.20569051802158356,0.49038052558898926,0.20348820090293884,0.42544683814048767
/p/project1/hai_1252/toulouse1/flexcraft/data/adapt/full_run/2026-06-28_12:18:30_adapt_full_run_c4/5EU6+MAVMAPRTLV+TLMSAMTNL+CAVWGAQKLV+CAGVDRNYGY_0_452.pdb,0.7043680548667908,0.7272768020629883,0.6744040250778198,0.6274956464767456,0.6454382538795471,1.0866827324207406e-05,0.6484572291374207,0.5986953377723694,0.47272470593452454,0.656125545501709,0.5046814680099487,0.47207626700401306,0.6231132745742798,0.642906665802002,0.7303227782249451,0.5257377028465271,0.682252049446106,0.6663112640380859,0.6799811124801636,0.6441996097564697,0.619839608669281,0.6098207235336304,0.6312345266342163,0.693507730960846,0.7272929549217224,0.7175648808479309,0.6100620627403259,0.6523489356040955,0.6339708566665649,0.46044182777404785,0.6728766560554504,0.48953837156295776,0.7136239409446716,0.6975017189979553,0.549186110496521,0.6438397765159607,0.6882302165031433,0.6711841225624084,0.6650689244270325,0.6605474352836609,0.7164417505264282,0.6525275707244873,0.6986584067344666,0.7092553377151489,0.4587830603122711,0.7073779106140137,0.5470329523086548,0.6045695543289185,0.4538056254386902,0.6967217922210693,0.6845306754112244,0.4751863181591034,0.5119139552116394,0.5097067952156067,0.4180135130882263,0.6472464203834534,0.6222156882286072,0.639122724533081,0.6399050951004028,0.6994510889053345,0.8214218020439148,0.6363344192504883,0.5553308129310608,0.6020176410675049,0.7628182768821716,0.47382935881614685,0.6637110710144043,0.6469945311546326,0.6315228343009949,0.6290712952613831,0.6406444311141968,0.6410322189331055,0.5927582383155823,0.5152612328529358,0.5409746766090393,0.6634429097175598,0.5258818864822388,0.6681533455848694,0.592207670211792,0.6097143888473511,0.6450411677360535,0.5949912667274475,0.48389294743537903,0.47675105929374695,0.6456790566444397,0.645163357257843,0.49599310755729675,0.4285590350627899,0.602466881275177,0.6344823241233826,0.6491055488586426,0.6565468907356262
/p/project1/hai_1252/toulouse1/flexcraft/data/adapt/full_run/2026-06-28_12:18:30_adapt_full_run_c4/5EU6+MAVMAPRTLV+TLMSAMTNL+CAVWGAQKLV+CAGVDRNYGY_0_543.pdb,0.7814465761184692,0.9615205526351929,0.3300226926803589,0.7168458104133606,0.36687979102134705,0.6484571695327759,9.063954166776966e-06,0.8539527654647827,0.6226130127906799,0.332309365272522,0.949454665184021,0.9183304905891418,0.9610287547111511,0.3515174686908722,0.34845253825187683,0.4785650074481964,0.41711363196372986,0.2310006320476532,0.8847313523292542,0.276498019695282,0.41399502754211426,0.9196188449859619,0.3817204535007477,0.9857696890830994,1.0340383052825928,0.4736188054084778,0.3733980655670166,0.8583734631538391,0.40541091561317444,0.9448135495185852,0.9012949466705322,0.8258442878723145,1.1063793897628784,0.23730377852916718,0.9255898594856262,0.38883572816848755,0.9062882661819458,0.2981092929840088,0.34700414538383484,0.4490812420845032,0.8806108236312866,0.7289201021194458,0.9656974077224731,0.44678476452827454,0.9539269804954529,0.41287896037101746,0.30272871255874634,0.45578792691230774,0.8788964748382568,0.8698620200157166,0.3527921438217163,0.8377285003662109,1.0256671905517578,0.36611369252204895,0.6205857992172241,0.38338524103164673,0.3221508860588074,0.8594763278961182,0.42069849371910095,0.8643527626991272,0.7091477513313293,0.41024741530418396,0.612804114818573,0.31763216853141785,0.45123156905174255,0.9460672736167908,0.8567379117012024,0.36209604144096375,0.48572230339050293,0.3977198898792267,0.3646795451641083,0.9682193398475647,0.916093111038208,0.6420037150382996,0.49735742807388306,0.2446885108947754,1.0249567031860352,1.013702630996704,0.45455214381217957,0.4196266233921051,0.4211314916610718,0.42770883440971375,0.987109899520874,0.8946986794471741,0.9042043089866638,1.0373311042785645,0.9913199543952942,0.5975641012191772,0.44711247086524963,0.5127288103103638,0.441346138715744,0.3446741998195648
/p/project1/hai_1252/toulouse1/flexcraft/data/adapt/full_run/2026-06-28_12:18:30_adapt_full_run_c4/5EU6+MAVMAPRTLV+TLMSAMTNL+CAVWGAQKLV+CAGVDRNYGY_0_606.pdb,0.7541804909706116,0.29428765177726746,0.8415223956108093,0.7265290021896362,0.8279020190238953,0.5986940860748291,0.8539565801620483,7.526905847043963e-06,0.7297183275222778,0.8239006400108337,0.426742285490036,0.42884543538093567,0.40748330950737,0.8252885341644287,0.8441069722175598,0.7185679078102112,0.8765627145767212,0.8654321432113647,0.22586825489997864,0.8300200700759888,0.8527922034263611,0.3886696696281433,0.8520394563674927,0.5100278854370117,0.4903621971607208,0.9058107137680054,0.8273109793663025,0.13633418083190918,0.8354412317276001,0.5180652737617493,0.246382474899292,0.4036894738674164,0.6327645182609558,0.871042788028717,0.37018483877182007,0.8445024490356445,0.7480407953262329,0.753892183303833,0.7912375926971436,0.8521024584770203,0.36869996786117554,0.4456709325313568,0.254483699798584,0.8861542344093323,0.46866482496261597,0.8286038637161255,0.8028402924537659,0.8229990601539612,0.42479223012924194,0.3861720561981201,0.8308730721473694,0.4230744242668152,0.5782453417778015,0.8219457268714905,0.7567785382270813,0.8452343940734863,0.8053683042526245,0.17809465527534485,0.8070381879806519,0.2768665552139282,0.8232417702674866,0.847601056098938,0.7365061640739441,0.7908743619918823,0.8587464094161987,0.42558953166007996,0.2946911156177521,0.8470699191093445,0.8266468644142151,0.8490419387817383,0.7348970174789429,0.42520758509635925,0.3976117670536041,0.46274691820144653,0.8273555636405945,0.8703148365020752,0.5468397736549377,0.49983644485473633,0.7083694338798523,0.8108730316162109,0.839372992515564,0.8100667595863342,0.5046316385269165,0.40122517943382263,0.36013859510421753,0.5285980701446533,0.5131196975708008,0.7554997205734253,0.7919610142707825,0.6319879293441772,0.829791784286499,0.8386721611022949
/p/project1/hai_1252/toulouse1/flexcraft/data/adapt/full_run/2026-06-28_12:18:30_adapt_full_run_c4/5EU6+MAVMAPRTLV+TLMSAMTNL+CAVWGAQKLV+CAGVDRNYGY_0_550.pdb,0.7263393998146057,0.8291019797325134,0.6974081993103027,0.6719550490379333,0.6785674691200256,0.4727281928062439,0.6226122379302979,0.7297171354293823,1.0855770597117953e-05,0.6363064646720886,0.7361335158348083,0.721931517124176,0.7461013793945312,0.6789747476577759,0.7500181198120117,0.41375064849853516,0.6885212063789368,0.6118929386138916,0.7829614281654358,0.6054874062538147,0.6388262510299683,0.7630802392959595,0.6756551265716553,0.802977979183197,0.8527809977531433,0.7554575800895691,0.6517206430435181,0.7635647058486938,0.6488866806030273,0.74398273229599,0.8134313821792603,0.6912750005722046,0.8747078776359558,0.6377379894256592,0.7011394500732422,0.6614314317703247,0.670640230178833,0.6513124704360962,0.6183325052261353,0.7075114846229553,0.7814851403236389,0.7238159775733948,0.8356791734695435,0.7590013146400452,0.7275769710540771,0.6869398355484009,0.5121867060661316,0.639455258846283,0.7020008563995361,0.7607017159461975,0.7209709286689758,0.7191376090049744,0.7670117616653442,0.5051087141036987,0.2703801691532135,0.6763426661491394,0.636081874370575,0.7558863759040833,0.6989684700965881,0.7868345379829407,0.8842679858207703,0.6729291081428528,0.2682826519012451,0.5722635388374329,0.7365517020225525,0.725290060043335,0.7340251803398132,0.6713171601295471,0.6968840956687927,0.6931416392326355,0.635886549949646,0.7535754442214966,0.7897635102272034,0.5795624256134033,0.47650614380836487,0.6527027487754822,0.770736813545227,0.8427308797836304,0.49594590067863464,0.6685057878494263,0.6929382681846619,0.6519123315811157,0.7437487244606018,0.7125713229179382,0.7785729169845581,0.7765680551528931,0.7686153650283813,0.19522519409656525,0.6986134052276611,0.7339321374893188,0.6973059773445129,0.6496850848197937
/p/project1/hai_1252/toulouse1/flexcraft/data/adapt/full_run/2026-06-28_12:18:30_adapt_full_run_c4/5EU6+MAVMAPRTLV+TLMSAMTNL+CAVWGAQKLV+CAGVDRNYGY_0_575.pdb,0.6929291486740112,0.9346022009849548,0.3691777288913727,0.6611218452453613,0.40636900067329407,0.6561266779899597,0.3323073983192444,0.823904275894165,0.6363064646720886,1.8299137082067318e-05,0.9093795418739319,0.8785778284072876,0.9814578890800476,0.3877517580986023,0.3867393434047699,0.43367692828178406,0.16905561089515686,0.23243561387062073,0.8624556064605713,0.1074148416519165,0.414828360080719,0.9462183713912964,0.4215986430644989,1.018389105796814,1.060463309288025,0.3936103284358978,0.4157198965549469,0.8357194662094116,0.1854155957698822,0.9423361420631409,0.8778105974197388,0.8574560284614563,1.1423313617706299,0.2612484395503998,0.9309082627296448,0.3878961205482483,1.012932538986206,0.36566969752311707,0.3541935980319977,0.3994559347629547,0.858610987663269,0.735996425151825,0.9384445548057556,0.3812451958656311,0.9347427487373352,0.5318681001663208,0.36271384358406067,0.4489394426345825,0.8415217995643616,0.8412224054336548,0.37623199820518494,0.8297045826911926,1.0128538608551025,0.4102727770805359,0.6818754076957703,0.3704327344894409,0.3564101755619049,0.8291976451873779,0.40876030921936035,0.8504176139831543,0.7487636804580688,0.39070582389831543,0.5822538733482361,0.34979766607284546,0.5795413255691528,0.9303316473960876,0.8641440868377686,0.3821646273136139,0.5569356679916382,0.3915878236293793,0.4392680525779724,0.9944161772727966,0.9472874402999878,0.6576447486877441,0.543098509311676,0.2899458110332489,1.0165722370147705,1.0555418729782104,0.3809562027454376,0.43113285303115845,0.46800291538238525,0.46185487508773804,0.9688647389411926,0.8683223128318787,0.93960040807724,1.0578819513320923,0.9705039858818054,0.6258140802383423,0.46658411622047424,0.5546236634254456,0.4966054856777191,0.07370468974113464
/p/project1/hai_1252/toulouse1/flexcraft/data/adapt/full_run/2026-06-28_12:18:30_adapt_full_run_c4/5EU6+MAVMAPRTLV+TLMSAMTNL+CAVWGAQKLV+CAGVDRNYGY_0_145.pdb,0.7165082097053528,0.5409185886383057,0.912162721157074,0.6852835416793823,0.8906279802322388,0.5046828985214233,0.9494567513465881,0.4267420768737793,0.7361317276954651,0.9093788266181946,5.389271336753154e-06,0.1472666710615158,0.5028912425041199,0.8842090964317322,0.9486677050590515,0.7785340547561646,0.934162437915802,0.9592883586883545,0.5035611391067505,0.9138148427009583,0.8732336759567261,0.47173362970352173,0.8908701539039612,0.5899608135223389,0.5821995139122009,0.9376735687255859,0.8572514057159424,0.47729504108428955,0.8956093192100525,0.3237949013710022,0.44960397481918335,0.40434345602989197,0.6191677451133728,0.9814754724502563,0.3598178029060364,0.8789673447608948,0.8016522526741028,0.8764440417289734,0.9066139459609985,0.8791651725769043,0.624674379825592,0.6583094000816345,0.4741499722003937,0.9315258860588074,0.23182828724384308,0.9482884407043457,0.8855116963386536,0.8311971426010132,0.1550166755914688,0.6276355385780334,0.9151030778884888,0.27508264780044556,0.36652904748916626,0.850479781627655,0.7301135659217834,0.8894178867340088,0.8762665390968323,0.455841064453125,0.8702558279037476,0.549437940120697,0.8619879484176636,0.8768424391746521,0.7833849787712097,0.8642116189002991,0.995707631111145,0.2043038308620453,0.5534965395927429,0.899949848651886,0.8631508350372314,0.8735752701759338,0.8504981994628906,0.5375375747680664,0.41718825697898865,0.5951593518257141,0.837017834186554,0.951146125793457,0.36490002274513245,0.5352495908737183,0.8061858415603638,0.8469175696372986,0.8799614906311035,0.8301107287406921,0.2640482485294342,0.2238938957452774,0.505838930606842,0.5342140793800354,0.27888089418411255,0.7473180294036865,0.8288421630859375,0.7796788811683655,0.8768724203109741,0.9135750532150269
/p/project1/hai_1252/toulouse1/flexcraft/data/adapt/full_run/2026-06-28_12:18:30_adapt_full_run_c4/5EU6+MAVMAPRTLV+TLMSAMTNL+CAVWGAQKLV+CAGVDRNYGY_0_526.pdb,0.7202812433242798,0.5535033941268921,0.8896980285644531,0.6776093244552612,0.8721073865890503,0.472077339887619,0.9183269143104553,0.42884498834609985,0.7219287157058716,0.8785791993141174,0.14727263152599335,1.586248617968522e-05,0.5313717126846313,0.8620425462722778,0.9244340062141418,0.7546272873878479,0.8926718831062317,0.9232167601585388,0.5255608558654785,0.8869073390960693,0.8534533977508545,0.503007173538208,0.8656681180000305,0.625056803226471,0.6184385418891907,0.9069166779518127,0.8361086845397949,0.49257367849349976,0.854259192943573,0.28826043009757996,0.4682246744632721,0.40682461857795715,0.6313438415527344,0.9473353624343872,0.393465518951416,0.8576605319976807,0.8236435055732727,0.8568341732025146,0.884572446346283,0.8503775596618652,0.639659583568573,0.6598146557807922,0.4930708706378937,0.9021602272987366,0.19553765654563904,0.9230219125747681,0.8515975475311279,0.8105018734931946,0.12806226313114166,0.6322423219680786,0.8919538259506226,0.2863973379135132,0.34172043204307556,0.8168352842330933,0.7152562737464905,0.8691834807395935,0.8499606251716614,0.4733222424983978,0.8510280847549438,0.56525057554245,0.8606559634208679,0.8567354679107666,0.7615706920623779,0.8384447693824768,0.9676563143730164,0.17753151059150696,0.5659736394882202,0.8799545168876648,0.8554465174674988,0.8487344980239868,0.8367692828178406,0.5630713701248169,0.42379307746887207,0.5698054432868958,0.8185527920722961,0.9219409227371216,0.33544498682022095,0.5546121001243591,0.7796951532363892,0.8247275352478027,0.8643372654914856,0.8112300038337708,0.2299691140651703,0.1893566995859146,0.5151317119598389,0.5341672301292419,0.23045000433921814,0.7235060334205627,0.8118507862091064,0.766035258769989,0.8649778366088867,0.8781856894493103
/p/project1/hai_1252/toulouse1/flexcraft/data/adapt/full_run/2026-06-28_12:18:30_adapt_full_run_c4/5EU6+MAVMAPRTLV+TLMSAMTNL+CAVWGAQKLV+CAGVDRNYGY_0_369.pdb,0.9030206799507141,0.44442570209503174,0.9595967531204224,0.8877817988395691,0.9175179600715637,0.6231143474578857,0.9610269665718079,0.40748342871665955,0.746107280254364,0.9814596176147461,0.5028913021087646,0.5313713550567627,1.3361707715375815e-05,0.9345799088478088,0.9677912592887878,0.8409165143966675,1.047582983970642,0.9995009303092957,0.45188137888908386,0.9637811183929443,0.9585404992103577,0.19796128571033478,0.9373669624328613,0.27225711941719055,0.23356598615646362,1.0804210901260376,0.9140042662620544,0.437130331993103,0.9928277730941772,0.49302831292152405,0.4398984909057617,0.3664679229259491,0.40821701288223267,0.9867621660232544,0.22109760344028473,0.9534264802932739,0.5482112765312195,0.8696275949478149,0.9206109046936035,0.9851937294006348,0.5368961691856384,0.6400151252746582,0.40191254019737244,1.0533634424209595,0.47319406270980835,0.9773514866828918,0.8817430734634399,0.9125637412071228,0.5375925898551941,0.5545130968093872,0.9547097682952881,0.5084608793258667,0.5047071576118469,0.9016004800796509,0.7540587186813354,0.9662959575653076,0.9052991271018982,0.46688616275787354,0.9278774261474609,0.49601224064826965,0.9986435770988464,0.9600699543952942,0.8209844827651978,0.8973784446716309,1.010929822921753,0.43313294649124146,0.4343869984149933,0.9538766741752625,0.8565394878387451,0.9690410494804382,0.8232552409172058,0.08985468745231628,0.3497858941555023,0.5621244311332703,0.8875687718391418,1.0181591510772705,0.482012540102005,0.30421242117881775,0.8540133833885193,0.9100531339645386,0.9113759398460388,0.8916610479354858,0.48401862382888794,0.4797792136669159,0.2744511067867279,0.3314625322818756,0.5267272591590881,0.7839905619621277,0.879936158657074,0.7815642952919006,0.8884318470954895,0.9993866682052612
/p/project1/hai_1252/toulouse1/flexcraft/data/adapt/full_run/2026-06-28_12:18:30_adapt_full_run_c4/5EU6+MAVMAPRTLV+TLMSAMTNL+CAVWGAQKLV+CAGVDRNYGY_0_434.pdb,0.7795331478118896,0.9475222826004028,0.09038025885820389,0.7324642539024353,0.11571399867534637,0.642905056476593,0.35151731967926025,0.8252891898155212,0.6789745688438416,0.38775309920310974,0.884207546710968,0.8620423078536987,0.9345799684524536,7.909463420219254e-06,0.18527905642986298,0.5843777656555176,0.44775035977363586,0.43274712562561035,0.8655880093574524,0.3732205033302307,0.16517220437526703,0.9091347455978394,0.14032965898513794,0.9709815382957458,1.006906270980835,0.2866634428501129,0.12548863887786865,0.8399147987365723,0.4220576584339142,0.899861216545105,0.8814168572425842,0.8324457406997681,1.0730537176132202,0.4300698935985565,0.9045714735984802,0.12778562307357788,0.9260616302490234,0.2799158990383148,0.4530489444732666,0.20049245655536652,0.8583138585090637,0.7696366906166077,0.9253801703453064,0.24085122346878052,0.8932890892028809,0.5157554745674133,0.41574952006340027,0.24348092079162598,0.8258385062217712,0.8464184999465942,0.11249568313360214,0.8112971186637878,0.9785441160202026,0.3898700177669525,0.634501576423645,0.10800141096115112,0.13985298573970795,0.8380146622657776,0.1578889638185501,0.8536636829376221,0.671619713306427,0.13207463920116425,0.7073554992675781,0.31731125712394714,0.5559855103492737,0.8936251997947693,0.8569350838661194,0.09256253391504288,0.2899132966995239,0.16255292296409607,0.2697855234146118,0.9431211352348328,0.9078930020332336,0.6966439485549927,0.49704745411872864,0.3077683448791504,0.9763079881668091,0.9914260506629944,0.5598902106285095,0.12491123378276825,0.18721331655979156,0.17039383947849274,0.9258531928062439,0.8535523414611816,0.8980419039726257,1.0148415565490723,0.9282032251358032,0.6556947231292725,0.2050081342458725,0.47988057136535645,0.226293683052063,0.3996471166610718
/p/project1/hai_1252/toulouse1/flexcraft/data/adapt/full_run/2026-06-28_12:18:30_adapt_full_run_c4/5EU6+MAVMAPRTLV+TLMSAMTNL+CAVWGAQKLV+CAGVDRNYGY_0_489.pdb,0.8088071942329407,0.9552746415138245,0.13720037043094635,0.7700330018997192,0.23002485930919647,0.7303228974342346,0.3484497368335724,0.8441094756126404,0.7500176429748535,0.386741042137146,0.9486671686172485,0.9244344830513,0.9677906632423401,0.18528200685977936,1.0989143447659444e-05,0.6047431826591492,0.4589822590351105,0.4266554117202759,0.8617352247238159,0.3723272383213043,0.3116600811481476,0.9359195828437805,0.2741425633430481,1.0025885105133057,1.03757905960083,0.3382056951522827,0.2544684410095215,0.8421410322189331,0.44672706723213196,0.9769460558891296,0.8801704049110413,0.8714470863342285,1.1372525691986084,0.4091816246509552,0.9420123100280762,0.24936886131763458,0.9764887690544128,0.25020456314086914,0.41361090540885925,0.2915990948677063,0.8529900312423706,0.7540076375007629,0.9373287558555603,0.29650092124938965,0.9676640033721924,0.5093604326248169,0.44623875617980957,0.3531528413295746,0.8851426839828491,0.8437287211418152,0.11251050978899002,0.8609728813171387,1.0586272478103638,0.45890647172927856,0.72699373960495,0.23938938975334167,0.22333036363124847,0.8421170115470886,0.28290027379989624,0.8394378423690796,0.675771176815033,0.2664497494697571,0.7381052374839783,0.3656326234340668,0.534995436668396,0.9592124819755554,0.8533374667167664,0.2298988401889801,0.40133336186408997,0.27874061465263367,0.3105071187019348,0.9773030877113342,0.9393600225448608,0.7156713604927063,0.5744155645370483,0.3316107988357544,1.054518461227417,1.0333248376846313,0.5555390119552612,0.26917770504951477,0.313469260931015,0.3009413182735443,1.003586769104004,0.9087516665458679,0.9045285582542419,1.068587064743042,1.0052341222763062,0.7335706949234009,0.32371529936790466,0.48686832189559937,0.34006187319755554,0.39642608165740967
/p/project1/hai_1252/toulouse1/flexcraft/data/adapt/full_run/2026-06-28_12:18:30_adapt_full_run_c4/5EU6+MAVMAPRTLV+TLMSAMTNL+CAVWGAQKLV+CAGVDRNYGY_0_535.pdb,0.5668543577194214,0.7975366115570068,0.574405312538147,0.5142240524291992,0.612694501876831,0.5257384777069092,0.47856563329696655,0.7185689806938171,0.41374868154525757,0.4336758255958557,0.7785336971282959,0.7546259760856628,0.8409200310707092,0.5843773484230042,0.6047418117523193,9.984918506233953e-06,0.48491233587265015,0.39997631311416626,0.7520384788513184,0.4174289405345917,0.5770398378372192,0.8217654824256897,0.6135765314102173,0.8929209113121033,0.93656986951828,0.6176427602767944,0.5850032567977905,0.727108359336853,0.4684836268424988,0.834181010723114,0.76145339012146,0.7377650737762451,1.027347445487976,0.449214369058609,0.7766467928886414,0.5775700807571411,0.8693413734436035,0.495613694190979,0.39115965366363525,0.6139576435089111,0.7666824460029602,0.6436209678649902,0.8198375701904297,0.6286857724189758,0.8116174340248108,0.6090798377990723,0.3860068917274475,0.6014325022697449,0.726766049861908,0.7501741051673889,0.601987898349762,0.7192704677581787,0.8765417337417603,0.4319015145301819,0.5204732418060303,0.5870301723480225,0.5459423065185547,0.7209439277648926,0.6295962929725647,0.7498645782470703,0.7704721689224243,0.5942129492759705,0.33826497197151184,0.4937371611595154,0.6561325788497925,0.7955582141876221,0.7443621754646301,0.5935064554214478,0.6901443600654602,0.5915566682815552,0.5490716099739075,0.8618284463882446,0.8237613439559937,0.5538063645362854,0.523513913154602,0.5212994813919067,0.8831616640090942,0.9407565593719482,0.17640575766563416,0.6022549867630005,0.6496981382369995,0.6081579327583313,0.8417918086051941,0.7273743748664856,0.8078393936157227,0.9101718068122864,0.8530187010765076,0.4364284873008728,0.635872483253479,0.6554967164993286,0.6662864685058594,0.4376412630081177
/p/project1/hai_1252/toulouse1/flexcraft/data/adapt/full_run/2026-06-28_12:18:30_adapt_full_run_c4/5EU6+MAVMAPRTLV+TLMSAMTNL+CAVWGAQKLV+CAGVDRNYGY_0_605.pdb,0.7247498035430908,0.9814015030860901,0.4350644052028656,0.688109278678894,0.4776135981082916,0.6822514533996582,0.41711288690567017,0.8765624761581421,0.6885209083557129,0.1690511405467987,0.9341612458229065,0.8926711678504944,1.0475841760635376,0.4477469027042389,0.4589821696281433,0.48490968346595764,9.344824320578482e-06,0.3015187382698059,0.9368990659713745,0.2419036626815796,0.4486975073814392,1.0176078081130981,0.4623992443084717,1.0949153900146484,1.1309130191802979,0.388957142829895,0.4684034287929535,0.9030908942222595,0.11913903057575226,0.9626569747924805,0.9379564523696899,0.9103655815124512,1.1916625499725342,0.3471565246582031,0.9918128848075867,0.43612605333328247,1.1009910106658936,0.4573642611503601,0.4506208896636963,0.4167226254940033,0.9393841624259949,0.8194383382797241,0.9902389645576477,0.38825201988220215,0.952872633934021,0.5972521901130676,0.42360904812812805,0.47831347584724426,0.8614178895950317,0.9126957058906555,0.4460817873477936,0.8615238070487976,1.0280342102050781,0.4522651731967926,0.7309868931770325,0.4242437481880188,0.4166311025619507,0.8961273431777954,0.4677108824253082,0.9293679594993591,0.7956228852272034,0.4363400936126709,0.6250330805778503,0.4258015751838684,0.644118070602417,0.9563281536102295,0.9445659518241882,0.4428955614566803,0.6246234774589539,0.420570433139801,0.5273932814598083,1.0620756149291992,1.0002623796463013,0.7096428871154785,0.5974496603012085,0.35429319739341736,1.0314269065856934,1.1157150268554688,0.4400478005409241,0.47673577070236206,0.5263001322746277,0.515460193157196,0.9860467910766602,0.8856102228164673,1.013065218925476,1.1004829406738281,0.9792618155479431,0.6657447814941406,0.5160934925079346,0.6345134973526001,0.5616369843482971,0.11990086734294891
/p/project1/hai_1252/toulouse1/flexcraft/data/adapt/full_run/2026-06-28_12:18:30_adapt_full_run_c4/5EU6+MAVMAPRTLV+TLMSAMTNL+CAVWGAQKLV+CAGVDRNYGY_0_334.pdb,0.723991870880127,0.9719175100326538,0.40488725900650024,0.666574239730835,0.45941048860549927,0.6663125157356262,0.23099872469902039,0.8654344081878662,0.6118921041488647,0.23243527114391327,0.959291934967041,0.9232193231582642,0.9994991421699524,0.43274739384651184,0.42665335536003113,0.3999777138233185,0.30151769518852234,6.152031346573494e-06,0.9005337357521057,0.18951719999313354,0.4712987542152405,0.9604132175445557,0.46744978427886963,1.0295257568359375,1.0779520273208618,0.4802507758140564,0.4600531756877899,0.8728911876678467,0.29970476031303406,0.9745349287986755,0.913742184638977,0.8590089678764343,1.157799482345581,0.13603265583515167,0.9497984051704407,0.44790565967559814,0.984250009059906,0.3521673083305359,0.3402848541736603,0.48697102069854736,0.8868899941444397,0.7419587969779968,0.9822800159454346,0.46903762221336365,0.9770498275756836,0.4626122713088989,0.3117119073867798,0.521845817565918,0.8888711333274841,0.8710444569587708,0.4329531192779541,0.8574858903884888,1.0451927185058594,0.40127992630004883,0.6607434749603271,0.44216132164001465,0.38380497694015503,0.8747784495353699,0.4953500032424927,0.8843733072280884,0.7702468633651733,0.4686811566352844,0.5478405952453613,0.3420209586620331,0.5033953785896301,0.9673335552215576,0.8824398517608643,0.43859511613845825,0.6011543273925781,0.46974289417266846,0.44647154211997986,1.0106252431869507,0.9559983015060425,0.6530715823173523,0.5620488524436951,0.3047890067100525,1.0464465618133545,1.068765640258789,0.3666551411151886,0.4933232367038727,0.5161929130554199,0.5122680068016052,1.0100486278533936,0.9081575274467468,0.9446467757225037,1.0697392225265503,1.0133224725723267,0.5924138426780701,0.5379378795623779,0.584317684173584,0.5502570271492004,0.23622676730155945
/p/project1/hai_1252/toulouse1/flexcraft/data/adapt/full_run/2026-06-28_12:18:30_adapt_full_run_c4/5EU6+MAVMAPRTLV+TLMSAMTNL+CAVWGAQKLV+CAGVDRNYGY_0_313.pdb,0.7455348372459412,0.36228862404823303,0.8726990818977356,0.7345319986343384,0.8688849210739136,0.6799823045730591,0.8847286701202393,0.22586792707443237,0.7829601764678955,0.8624556064605713,0.5035606622695923,0.5255611538887024,0.4518824815750122,0.865588366985321,0.8617321252822876,0.7520347833633423,0.9368996620178223,0.9005337357521057,1.6358002540073358e-05,0.8583918213844299,0.9053674936294556,0.4128210246562958,0.9124678373336792,0.525420606136322,0.5042623281478882,0.9527655839920044,0.874171793460846,0.12455648183822632,0.8966604471206665,0.6306557059288025,0.22818076610565186,0.46705353260040283,0.7114072442054749,0.900400698184967,0.40258726477622986,0.8858501315116882,0.7608523368835449,0.7729721069335938,0.7928532958030701,0.9005531072616577,0.28090307116508484,0.3760300278663635,0.2928904891014099,0.9359750747680664,0.5834548473358154,0.8551859855651855,0.8517419099807739,0.8757588267326355,0.5156480073928833,0.3330576419830322,0.859857976436615,0.4910350441932678,0.6897594928741455,0.875805139541626,0.8249876499176025,0.8886450529098511,0.8449233770370483,0.12620651721954346,0.861609935760498,0.11957719922065735,0.8031739592552185,0.8940889239311218,0.7808929085731506,0.8321101665496826,0.8821331262588501,0.526118278503418,0.2187098264694214,0.8904793858528137,0.863162636756897,0.9008884429931641,0.7658563852310181,0.4768044650554657,0.4322974383831024,0.5517294406890869,0.8766298294067383,0.9114245772361755,0.6669785380363464,0.545767605304718,0.7400497198104858,0.8573035597801208,0.885315477848053,0.8504979610443115,0.6171551942825317,0.5137000679969788,0.3336831331253052,0.615323543548584,0.6382659077644348,0.8252571821212769,0.8387020826339722,0.6273300647735596,0.8730226159095764,0.88298499584198
/p/project1/hai_1252/toulouse1/flexcraft/data/adapt/full_run/2026-06-28_12:18:30_adapt_full_run_c4/5EU6+MAVMAPRTLV+TLMSAMTNL+CAVWGAQKLV+CAGVDRNYGY_0_529.pdb,0.6843348145484924,0.9364492893218994,0.35354089736938477,0.6510172486305237,0.38739079236984253,0.6442013382911682,0.2764975130558014,0.8300169706344604,0.6054883599281311,0.10741495341062546,0.9138129949569702,0.8869074583053589,0.9637773036956787,0.37321871519088745,0.3723246157169342,0.417426735162735,0.24190214276313782,0.18951784074306488,0.8583883047103882,1.6486357708345167e-05,0.4047357439994812,0.9270738363265991,0.4130365550518036,0.9952418208122253,1.04081392288208,0.4169485867023468,0.39777934551239014,0.836557149887085,0.2476384937763214,0.9405196309089661,0.8769087195396423,0.841195285320282,1.1260632276535034,0.21212323009967804,0.9158465266227722,0.37563958764076233,0.9641301035881042,0.3317665457725525,0.31727802753448486,0.4108907878398895,0.8521209955215454,0.7187423706054688,0.9394429922103882,0.40222838521003723,0.9372569918632507,0.5009851455688477,0.32847732305526733,0.4379964768886566,0.8490638136863708,0.8370639681816101,0.366608202457428,0.8267151713371277,1.0100383758544922,0.38720351457595825,0.6516216993331909,0.3633490800857544,0.33765909075737,0.8299140930175781,0.4130217730998993,0.8433173298835754,0.7309131026268005,0.38794592022895813,0.5580708980560303,0.32260891795158386,0.5486013293266296,0.9300012588500977,0.8505681157112122,0.3659658133983612,0.5327895283699036,0.3981403112411499,0.40404558181762695,0.9763325452804565,0.9317969083786011,0.6534079313278198,0.5151612162590027,0.2666322588920593,1.0154268741607666,1.0374910831451416,0.37491050362586975,0.4213855564594269,0.4495106041431427,0.4437692165374756,0.97027987241745,0.8724476099014282,0.9197073578834534,1.044557809829712,0.9763621091842651,0.5981824398040771,0.46528542041778564,0.5322536826133728,0.4775211215019226,0.14856213331222534
/p/project1/hai_1252/toulouse1/flexcraft/data/adapt/full_run/2026-06-28_12:18:30_adapt_full_run_c4/5EU6+MAVMAPRTLV+TLMSAMTNL+CAVWGAQKLV+CAGVDRNYGY_0_610.pdb,0.7507814764976501,0.9674882888793945,0.2151573896408081,0.700622022151947,0.20685219764709473,0.6198408007621765,0.41399672627449036,0.8527933955192566,0.6388266682624817,0.41482996940612793,0.8732362389564514,0.8534513711929321,0.9585397839546204,0.16517187654972076,0.31166204810142517,0.5770416259765625,0.44869786500930786,0.47130048274993896,0.9053662419319153,0.40473493933677673,1.992277793760877e-05,0.9394353032112122,0.1952052116394043,0.99830561876297,1.026736855506897,0.25586995482444763,0.16949960589408875,0.8788473606109619,0.41743358969688416,0.8920101523399353,0.91789311170578,0.8563985228538513,1.0744787454605103,0.4953245520591736,0.9265680909156799,0.12252576649188995,0.9297208786010742,0.3658565878868103,0.5046607255935669,0.1756562888622284,0.9019173979759216,0.8005625009536743,0.9473037123680115,0.24408286809921265,0.88112473487854,0.5602476596832275,0.4418971538543701,0.18741799890995026,0.8256083130836487,0.8846154808998108,0.24644684791564941,0.8099430203437805,0.9567515254020691,0.3729964792728424,0.5932691693305969,0.13466085493564606,0.20558340847492218,0.8724774122238159,0.1972738653421402,0.8999605774879456,0.6603145599365234,0.11667770147323608,0.6875426769256592,0.35440793633461,0.6111929416656494,0.8897761106491089,0.9026090502738953,0.1547512710094452,0.31950870156288147,0.1618974506855011,0.3310646414756775,0.969306230545044,0.929652988910675,0.7311010956764221,0.4651515781879425,0.32488176226615906,0.9628639817237854,1.0077073574066162,0.574059784412384,0.12951266765594482,0.24041947722434998,0.18220670521259308,0.9105178713798523,0.849638819694519,0.9453343152999878,1.0240107774734497,0.9125674962997437,0.6184166073799133,0.22431080043315887,0.5159968137741089,0.2730133533477783,0.4216361343860626
/p/project1/hai_1252/toulouse1/flexcraft/data/adapt/full_run/2026-06-28_12:18:30_adapt_full_run_c4/5EU6+MAVMAPRTLV+TLMSAMTNL+CAVWGAQKLV+CAGVDRNYGY_0_268.pdb,0.8524070382118225,0.45266392827033997,0.9303385615348816,0.8326672911643982,0.8942569494247437,0.6098194718360901,0.9196178913116455,0.3886694610118866,0.763078510761261,0.9462176561355591,0.4717349112033844,0.5030074119567871,0.19796067476272583,0.9091347455978394,0.9359205961227417,0.8217665553092957,1.017606496810913,0.9604111909866333,0.4128209948539734,0.9270760416984558,0.939436137676239,8.740570592635777e-06,0.9193675518035889,0.23952215909957886,0.21404653787612915,1.0482059717178345,0.8889354467391968,0.4020077586174011,0.9658583998680115,0.456416517496109,0.399821400642395,0.286205530166626,0.4215325713157654,0.9542770981788635,0.2180270105600357,0.9284746050834656,0.5470741391181946,0.8427245616912842,0.8829195499420166,0.958930492401123,0.5145427584648132,0.5558444857597351,0.40142661333084106,1.0227681398391724,0.47005364298820496,0.9273993968963623,0.8578537106513977,0.8965767025947571,0.5001840591430664,0.5440236330032349,0.9232445955276489,0.4219403862953186,0.49753230810165405,0.8738523125648499,0.7595890760421753,0.9391935467720032,0.8875042200088501,0.4250081479549408,0.9022525548934937,0.4492069482803345,0.9343137145042419,0.9340540766716003,0.8254668116569519,0.8696057796478271,0.9616916179656982,0.4235413670539856,0.4006856083869934,0.9300081133842468,0.8444269895553589,0.9403558969497681,0.8082442283630371,0.22014057636260986,0.2575472891330719,0.5065425038337708,0.8761968016624451,0.9782894849777222,0.5052170157432556,0.25142139196395874,0.8354498744010925,0.8908526301383972,0.8931823968887329,0.8685026168823242,0.48931288719177246,0.46791109442710876,0.27278223633766174,0.4042958617210388,0.5275787711143494,0.7904002070426941,0.8584114909172058,0.7333957552909851,0.8716573119163513,0.9645522236824036
/p/project1/hai_1252/toulouse1/flexcraft/data/adapt/full_run/2026-06-28_12:18:30_adapt_full_run_c4/5EU6+MAVMAPRTLV+TLMSAMTNL+CAVWGAQKLV+CAGVDRNYGY_0_416.pdb,0.8305565118789673,0.9767525792121887,0.18774153292179108,0.7839125990867615,0.14664940536022186,0.6312342882156372,0.38171905279159546,0.8520370125770569,0.6756543517112732,0.4215989112854004,0.8908697962760925,0.8656664490699768,0.9373646974563599,0.14032992720603943,0.27414533495903015,0.6135780215263367,0.4623972773551941,0.46745041012763977,0.9124705791473389,0.4130353331565857,0.19521020352840424,0.9193687438964844,5.299765689414926e-06,0.9742414355278015,1.0182031393051147,0.3421427309513092,0.13413135707378387,0.880813479423523,0.4337519109249115,0.878559410572052,0.9211803674697876,0.8344434499740601,1.0533863306045532,0.45477578043937683,0.9118692278862,0.19581545889377594,0.9266088008880615,0.3365654945373535,0.5150852203369141,0.25026482343673706,0.9037622809410095,0.8330432176589966,0.9592862129211426,0.2926722764968872,0.8809673190116882,0.555044949054718,0.4193301796913147,0.25810104608535767,0.8298986554145813,0.8879790306091309,0.20790410041809082,0.8244777321815491,0.9576472043991089,0.38960254192352295,0.6171604990959167,0.17839953303337097,0.18024052679538727,0.8808945417404175,0.18838833272457123,0.9028159976005554,0.749626100063324,0.18006502091884613,0.7231578230857849,0.3341192603111267,0.5963992476463318,0.8877778053283691,0.8933373093605042,0.15016920864582062,0.2775042951107025,0.18845289945602417,0.3054472804069519,0.9432876110076904,0.9182490110397339,0.6934672594070435,0.49697569012641907,0.3512532114982605,0.9539908170700073,0.9905274510383606,0.591002345085144,0.1852634847164154,0.16414380073547363,0.20986370742321014,0.9092835783958435,0.8506944179534912,0.9212362170219421,0.9974760413169861,0.9108461737632751,0.644662618637085,0.2246694415807724,0.5425817966461182,0.20400001108646393,0.4267753064632416
/p/project1/hai_1252/toulouse1/flexcraft/data/adapt/full_run/2026-06-28_12:18:30_adapt_full_run_c4/5EU6+MAVMAPRTLV+TLMSAMTNL+CAVWGAQKLV+CAGVDRNYGY_0_328.pdb,0.9365148544311523,0.5668820142745972,0.9960125684738159,0.9216681122779846,0.9492000341415405,0.6935096979141235,0.9857686161994934,0.510027289390564,0.8029759526252747,1.018390417098999,0.5899600386619568,0.6250542402267456,0.2722543478012085,0.9709804058074951,1.0025885105133057,0.8929204344749451,1.0949169397354126,1.0295251607894897,0.5254203677177429,0.9952405095100403,0.9983051419258118,0.2395181655883789,0.9742405414581299,1.6256144590443e-05,0.2614287734031677,1.1280813217163086,0.9499277472496033,0.5252618789672852,1.0400235652923584,0.5464312434196472,0.5376577973365784,0.4300743043422699,0.4096028804779053,1.0167922973632812,0.3468455970287323,0.9899494051933289,0.5409333109855652,0.9055340886116028,0.9516952037811279,1.0268832445144653,0.5313946604728699,0.6483269333839417,0.5103744864463806,1.099772334098816,0.5699682831764221,1.000209093093872,0.9160659909248352,0.9576991200447083,0.6262146234512329,0.5589624643325806,0.9885836839675903,0.5653032064437866,0.5660696625709534,0.934637725353241,0.7981299757957458,1.0022493600845337,0.9472737312316895,0.5442374348640442,0.9629167914390564,0.548482358455658,1.0196170806884766,0.9963909983634949,0.8849958181381226,0.932921290397644,1.0352193117141724,0.5332197546958923,0.48493340611457825,0.9895848035812378,0.8858116269111633,1.008628010749817,0.8572820425033569,0.26647356152534485,0.3846109211444855,0.5847594141960144,0.9244887232780457,1.0487899780273438,0.571472704410553,0.30656006932258606,0.9094881415367126,0.95218425989151,0.946158766746521,0.9292681217193604,0.577385663986206,0.5908143520355225,0.38839462399482727,0.4213238060474396,0.6186423301696777,0.8354398608207703,0.9188910126686096,0.8060688972473145,0.9214445352554321,1.03937828540802
/p/project1/hai_1252/toulouse1/flexcraft/data/adapt/full_run/2026-06-28_12:18:30_adapt_full_run_c4/5EU6+MAVMAPRTLV+TLMSAMTNL+CAVWGAQKLV+CAGVDRNYGY_0_349.pdb,0.9291713237762451,0.4904555380344391,1.0329418182373047,0.9200424551963806,0.9881776571273804,0.7272902131080627,1.034035325050354,0.49036160111427307,0.8527810573577881,1.0604629516601562,0.5822022557258606,0.6184396147727966,0.2335645705461502,1.0069072246551514,1.037577509880066,0.93656986951828,1.1309138536453247,1.077951192855835,0.5042608380317688,1.0408152341842651,1.0267380475997925,0.21404717862606049,1.0182042121887207,0.26143234968185425,6.68061920805485e-06,1.1475164890289307,0.9885230660438538,0.5044708847999573,1.0696419477462769,0.5653051137924194,0.49962079524993896,0.4322323501110077,0.40113815665245056,1.0734364986419678,0.3582996428012848,1.020009160041809,0.5582036972045898,0.9441996216773987,0.9864984750747681,1.0454078912734985,0.5888861417770386,0.6292582750320435,0.4328609108924866,1.122314691543579,0.5711484551429749,1.0418609380722046,0.9596486687660217,0.9770376086235046,0.639746904373169,0.6163954138755798,1.0244863033294678,0.5341857075691223,0.5655901432037354,0.9672050476074219,0.847923219203949,1.037325143814087,0.980552613735199,0.5323498249053955,0.991253674030304,0.5473166108131409,0.9883554577827454,1.0293406248092651,0.9369074106216431,0.9837514758110046,1.0778430700302124,0.5353416204452515,0.5062181949615479,1.0277879238128662,0.916560709476471,1.039870262145996,0.8929066061973572,0.252374529838562,0.3579230308532715,0.6410857439041138,0.9598574638366699,1.084273099899292,0.5803301930427551,0.2626991868019104,0.9508265852928162,0.9742964506149292,0.9837567210197449,0.9571269750595093,0.580841600894928,0.5812615752220154,0.3732771873474121,0.4517648220062256,0.6210328340530396,0.8901948928833008,0.9368219971656799,0.8026688098907471,0.9553661346435547,1.0805858373641968
/p/project1/hai_1252/toulouse1/flexcraft/data/adapt/full_run/2026-06-28_12:18:30_adapt_full_run_c4/5EU6+MAVMAPRTLV+TLMSAMTNL+CAVWGAQKLV+CAGVDRNYGY_0_602.pdb,0.7804664969444275,1.0206626653671265,0.2825537621974945,0.729533314704895,0.34593188762664795,0.7175653576850891,0.47362077236175537,0.9058094024658203,0.7554565668106079,0.3936062455177307,0.9376733303070068,0.9069176912307739,1.0804210901260376,0.2866612672805786,0.3382045030593872,0.6176429986953735,0.38895562291145325,0.48024943470954895,0.9527645111083984,0.4169487953186035,0.2558652460575104,1.0482046604156494,0.34213870763778687,1.1280804872512817,1.1475175619125366,6.642438620474422e-06,0.337729275226593,0.9253401756286621,0.38561832904815674,0.9895728826522827,0.9590819478034973,0.9417890310287476,1.22376549243927,0.5258058309555054,1.0291314125061035,0.2540532052516937,1.099463939666748,0.437294065952301,0.531696617603302,0.1885347217321396,0.9537187814712524,0.837436854839325,1.0050824880599976,0.10314461588859558,0.9693202972412109,0.5579874515533447,0.5293982028961182,0.3303905129432678,0.8778961300849915,0.9333136081695557,0.2937726080417633,0.8645408749580383,1.0645841360092163,0.46573972702026367,0.7316317558288574,0.23444344103336334,0.3141592741012573,0.9144391417503357,0.30346357822418213,0.9427629113197327,0.6657591462135315,0.24616150557994843,0.7450894713401794,0.4298660159111023,0.6001919507980347,0.9763583540916443,0.971081018447876,0.2823873460292816,0.513878345489502,0.25130876898765564,0.46870049834251404,1.0969518423080444,1.0291433334350586,0.791377604007721,0.5800941586494446,0.32118961215019226,1.06955087184906,1.1376678943634033,0.5912115573883057,0.29232075810432434,0.40547239780426025,0.35797110199928284,1.0047616958618164,0.9129664301872253,1.0373681783676147,1.159899353981018,0.9980319738388062,0.7312781810760498,0.3654784858226776,0.5857585072517395,0.44970181584358215,0.38857772946357727
/p/project1/hai_1252/toulouse1/flexcraft/data/adapt/full_run/2026-06-28_12:18:30_adapt_full_run_c4/5EU6+MAVMAPRTLV+TLMSAMTNL+CAVWGAQKLV+CAGVDRNYGY_0_461.pdb,0.7650727033615112,0.9521619081497192,0.17828716337680817,0.7180551290512085,0.14888978004455566,0.6100618839263916,0.3733976185321808,0.8273074626922607,0.6517205238342285,0.4157209098339081,0.8572490811347961,0.8361114859580994,0.9140030145645142,0.1254870891571045,0.25446417927742004,0.5850054621696472,0.4683994650840759,0.460054874420166,0.8741717338562012,0.3977796733379364,0.1694999784231186,0.8889360427856445,0.13412824273109436,0.9499261975288391,0.9885276556015015,0.3377252519130707,6.961168764973991e-06,0.8489912152290344,0.440773606300354,0.8570850491523743,0.8873803019523621,0.819702684879303,1.0291510820388794,0.456283837556839,0.8791046142578125,0.1604044884443283,0.8921318054199219,0.3240789771080017,0.4859793186187744,0.2396460324525833,0.8779465556144714,0.7850990891456604,0.9276349544525146,0.3040112257003784,0.8540886044502258,0.5620095133781433,0.4222237467765808,0.22605223953723907,0.7997369766235352,0.8654444813728333,0.1965063065290451,0.7987670302391052,0.9301983118057251,0.38202041387557983,0.6007872819900513,0.15773047506809235,0.18477675318717957,0.8436660766601562,0.20076364278793335,0.8637915253639221,0.6915776133537292,0.15372923016548157,0.6977203488349915,0.33933553099632263,0.6066097021102905,0.8575653433799744,0.8566760420799255,0.13934780657291412,0.2721329927444458,0.1726444810628891,0.29523149132728577,0.9199694991111755,0.8831633925437927,0.6980774998664856,0.480520635843277,0.35278159379959106,0.9322662353515625,0.9591612219810486,0.575224757194519,0.15347334742546082,0.19636236131191254,0.13631278276443481,0.8833255171775818,0.8253474831581116,0.8904749155044556,0.9732082486152649,0.8867183327674866,0.6264562010765076,0.2145492434501648,0.4927804470062256,0.2244216948747635,0.4237128794193268
/p/project1/hai_1252/toulouse1/flexcraft/data/adapt/full_run/2026-06-28_12:18:30_adapt_full_run_c4/5EU6+MAVMAPRTLV+TLMSAMTNL+CAVWGAQKLV+CAGVDRNYGY_0_428.pdb,0.747466504573822,0.3043498396873474,0.8491280674934387,0.7282916903495789,0.8439841270446777,0.6523509621620178,0.85837322473526,0.13633345067501068,0.7635665535926819,0.835719108581543,0.4772949814796448,0.4925735294818878,0.43712887167930603,0.839918315410614,0.8421415686607361,0.7271085977554321,0.9030919075012207,0.8728922009468079,0.12455582618713379,0.8365548849105835,0.8788471817970276,0.4020068347454071,0.8808183670043945,0.5252614617347717,0.5044681429862976,0.9253395199775696,0.8489885330200195,1.1621875273704063e-05,0.8650657534599304,0.5968718528747559,0.1972123682498932,0.43955153226852417,0.6942141056060791,0.8749653100967407,0.393052875995636,0.8611940145492554,0.7635982036590576,0.7499911785125732,0.7786101698875427,0.8745083212852478,0.321206271648407,0.39957380294799805,0.2556396722793579,0.9062244892120361,0.5469412207603455,0.8277223706245422,0.8255230784416199,0.8506176471710205,0.479627400636673,0.3586697280406952,0.836809515953064,0.46104592084884644,0.6603280901908875,0.8512676954269409,0.8004419803619385,0.8626061677932739,0.8223434090614319,0.10610324144363403,0.8298068046569824,0.18758144974708557,0.8049933910369873,0.8686048984527588,0.7561676502227783,0.8052884936332703,0.8541013598442078,0.49412089586257935,0.24865660071372986,0.8646644353866577,0.8453056812286377,0.8712116479873657,0.7419361472129822,0.46055811643600464,0.42041948437690735,0.5000730752944946,0.8551244139671326,0.8834152817726135,0.6313592791557312,0.5365458726882935,0.712528645992279,0.8325814008712769,0.8608508706092834,0.8304491639137268,0.5842335224151611,0.47139090299606323,0.33918648958206177,0.5918030142784119,0.597882866859436,0.7977999448776245,0.813639760017395,0.6284023523330688,0.8504096269607544,0.8546973466873169
/p/project1/hai_1252/toulouse1/flexcraft/data/adapt/full_run/2026-06-28_12:18:30_adapt_full_run_c4/5EU6+MAVMAPRTLV+TLMSAMTNL+CAVWGAQKLV+CAGVDRNYGY_0_600.pdb,0.7040733695030212,0.943034827709198,0.4166569709777832,0.6643692255020142,0.4487118721008301,0.6339709162712097,0.40540871024131775,0.8354386687278748,0.6488871574401855,0.1854165494441986,0.8956078290939331,0.8542564511299133,0.9928277730941772,0.42206135392189026,0.44672891497612,0.4684833884239197,0.11913936585187912,0.2997024953365326,0.8966624736785889,0.24763455986976624,0.4174325168132782,0.965857207775116,0.4337543845176697,1.0400230884552002,1.0696449279785156,0.385617733001709,0.44077736139297485,0.8650684952735901,8.873906153894495e-06,0.9182584881782532,0.900642454624176,0.8649041056632996,1.1340430974960327,0.3448455333709717,0.9455070495605469,0.4134068489074707,1.04438054561615,0.4412550628185272,0.43524831533432007,0.38954079151153564,0.8970575928688049,0.7734300494194031,0.9465321898460388,0.38181713223457336,0.9100469350814819,0.5893015265464783,0.3814777433872223,0.45411422848701477,0.8309309482574463,0.8744490146636963,0.4283263683319092,0.8187611103057861,0.979617714881897,0.4122958481311798,0.6881596446037292,0.40291935205459595,0.37667885422706604,0.8635392189025879,0.4353941082954407,0.8932796120643616,0.773100733757019,0.4097273647785187,0.6093452572822571,0.41032296419143677,0.6408184170722961,0.9141084551811218,0.9056382179260254,0.4218677282333374,0.5798813104629517,0.39840102195739746,0.49813899397850037,1.0070546865463257,0.951728343963623,0.676419198513031,0.5593104958534241,0.3500837981700897,0.9860126972198486,1.0591503381729126,0.43061402440071106,0.44025638699531555,0.49441808462142944,0.4779682457447052,0.9415713548660278,0.8487988710403442,0.9665635228157043,1.0502935647964478,0.9376503825187683,0.6323637962341309,0.4700956642627716,0.5849806070327759,0.5259103178977966,0.14675273001194
/p/project1/hai_1252/toulouse1/flexcraft/data/adapt/full_run/2026-06-28_12:18:30_adapt_full_run_c4/5EU6+MAVMAPRTLV+TLMSAMTNL+CAVWGAQKLV+CAGVDRNYGY_0_578.pdb,0.8582445979118347,0.6462848782539368,0.9371291399002075,0.8118168711662292,0.8924567103385925,0.46043992042541504,0.9448134899139404,0.5180642008781433,0.7439834475517273,0.9423386454582214,0.32379528880119324,0.2882611155509949,0.4930286109447479,0.8998620510101318,0.9769449830055237,0.8341814875602722,0.9626567363739014,0.9745359420776367,0.6306562423706055,0.9405183792114258,0.8920104503631592,0.45641493797302246,0.8785619735717773,0.5464317202568054,0.5653032660484314,0.9895727634429932,0.8570857644081116,0.5968725085258484,0.9182581901550293,6.290020792221185e-06,0.5949326753616333,0.3763916492462158,0.4483874440193176,0.98773592710495,0.4060327708721161,0.9055167436599731,0.7187092900276184,0.9097667336463928,0.953075110912323,0.912146806716919,0.7174069881439209,0.7358731031417847,0.5871356129646301,0.9733495712280273,0.16512815654277802,0.968135416507721,0.8636228442192078,0.8478032350540161,0.30873629450798035,0.7068488001823425,0.9361445903778076,0.3758414089679718,0.17094428837299347,0.8310406804084778,0.6958944797515869,0.9129393100738525,0.8883762359619141,0.5841459035873413,0.8804302215576172,0.6643116474151611,0.9766911268234253,0.8977118134498596,0.8306421041488647,0.8741076588630676,1.0119611024856567,0.1958826333284378,0.6211023330688477,0.9109300374984741,0.8457897305488586,0.8904783725738525,0.8605188727378845,0.5047067999839783,0.38248029351234436,0.5720939636230469,0.8315447568893433,0.9663589000701904,0.21828357875347137,0.4346402585506439,0.8689293265342712,0.861272394657135,0.8736124038696289,0.8373856544494629,0.16256262362003326,0.3087906837463379,0.5473675727844238,0.42480623722076416,0.17923051118850708,0.7304637432098389,0.8382766246795654,0.8060387969017029,0.8670637607574463,0.9438506364822388
/p/project1/hai_1252/toulouse1/flexcraft/data/adapt/full_run/2026-06-28_12:18:30_adapt_full_run_c4/5EU6+MAVMAPRTLV+TLMSAMTNL+CAVWGAQKLV+CAGVDRNYGY_0_300.pdb,0.7386207580566406,0.2710038125514984,0.8898451328277588,0.7295274138450623,0.8935064673423767,0.6728788614273071,0.9013002514839172,0.24638235569000244,0.8134335875511169,0.8778121471405029,0.44959893822669983,0.4682283103466034,0.4398960471153259,0.8814138770103455,0.8801718950271606,0.7614578604698181,0.9379545450210571,0.9137403964996338,0.2281932532787323,0.8769068717956543,0.9178927540779114,0.399827241897583,0.9211807250976562,0.5376638770103455,0.4996226131916046,0.9590843915939331,0.8873807191848755,0.19721387326717377,0.9006484150886536,0.5949347615242004,2.1128009393578395e-05,0.4323491156101227,0.7157161235809326,0.9183942079544067,0.37736573815345764,0.9006516337394714,0.7861450910568237,0.7865301370620728,0.8103983998298645,0.9112017154693604,0.4203224182128906,0.44796693325042725,0.19928109645843506,0.9434569478034973,0.5318842530250549,0.8717098236083984,0.8696967959403992,0.8857609629631042,0.4691429138183594,0.46500441431999207,0.8789368867874146,0.4216921925544739,0.6462512612342834,0.8914057612419128,0.8540006279945374,0.9062045812606812,0.8644349575042725,0.22690324485301971,0.8785297870635986,0.30129167437553406,0.8044701218605042,0.9095872044563293,0.7997552156448364,0.8535527586936951,0.9009149074554443,0.47252029180526733,0.3690238296985626,0.9112239480018616,0.8918769955635071,0.9099435210227966,0.7836261987686157,0.4856022000312805,0.3911284804344177,0.5532742142677307,0.8996785283088684,0.9229426383972168,0.617601752281189,0.53711998462677,0.7430657148361206,0.8693483471870422,0.9054650664329529,0.8659605383872986,0.567864716053009,0.42838388681411743,0.32749852538108826,0.6014722585678101,0.5831409096717834,0.8528909683227539,0.852371096611023,0.6703193783760071,0.8991576433181763,0.8934154510498047
/p/project1/hai_1252/toulouse1/flexcraft/data/adapt/full_run/2026-06-28_12:18:30_adapt_full_run_c4/5EU6+MAVMAPRTLV+TLMSAMTNL+CAVWGAQKLV+CAGVDRNYGY_0_566.pdb,0.8163488507270813,0.5150169134140015,0.8491989970207214,0.7744224071502686,0.8240618109703064,0.48953959345817566,0.8258457183837891,0.403689444065094,0.6912734508514404,0.8574535846710205,0.40434354543685913,0.40682554244995117,0.366468220949173,0.8324490785598755,0.8714473247528076,0.7377656698226929,0.9103663563728333,0.8590109944343567,0.4670526683330536,0.8411941528320312,0.8563997745513916,0.28620490431785583,0.8344421982765198,0.4300774931907654,0.43223321437835693,0.9417909979820251,0.819700300693512,0.4395521581172943,0.8649063110351562,0.37639036774635315,0.4323478937149048,6.331371423584642e-06,0.5083841681480408,0.8623102903366089,0.2988508343696594,0.8515009880065918,0.6063771843910217,0.7710134983062744,0.8276839852333069,0.8726432919502258,0.5516660809516907,0.5636213421821594,0.47595012187957764,0.9173720479011536,0.40690988302230835,0.7975982427597046,0.7732603549957275,0.8149552345275879,0.3952721059322357,0.5586270093917847,0.8507187366485596,0.27771806716918945,0.45790499448776245,0.7761354446411133,0.6816363334655762,0.8598095774650574,0.8033209443092346,0.44802939891815186,0.8304798007011414,0.4949529767036438,0.8908451795578003,0.8583608865737915,0.7408433556556702,0.7660396099090576,0.831851601600647,0.3724246621131897,0.4527861773967743,0.8499883413314819,0.7963922619819641,0.8572949171066284,0.7470220923423767,0.3915322422981262,0.2971056401729584,0.4180773198604584,0.809112548828125,0.8754029870033264,0.45975857973098755,0.38850632309913635,0.7481300830841064,0.8175346255302429,0.8175038695335388,0.8037389516830444,0.4317064583301544,0.3839131295681,0.3476729094982147,0.4757692813873291,0.45739561319351196,0.7020300626754761,0.793035089969635,0.7030563354492188,0.8114994168281555,0.8688875436782837
/p/project1/hai_1252/toulouse1/flexcraft/data/adapt/full_run/2026-06-28_12:18:30_adapt_full_run_c4/5EU6+MAVMAPRTLV+TLMSAMTNL+CAVWGAQKLV+CAGVDRNYGY_0_548.pdb,1.0519131422042847,0.70158851146698,1.1130019426345825,1.02030611038208,1.046687364578247,0.7136247158050537,1.1063790321350098,0.6327671408653259,0.8747071027755737,1.1423338651657104,0.619167149066925,0.6313470602035522,0.4082188010215759,1.073054313659668,1.137256145477295,1.027346134185791,1.191663384437561,1.1577973365783691,0.7114088535308838,1.1260640621185303,1.074479103088379,0.42153504490852356,1.0533883571624756,0.40960365533828735,0.4011445641517639,1.2237646579742432,1.0291506052017212,0.6942147612571716,1.1340404748916626,0.4483890235424042,0.7157169580459595,0.5083872079849243,1.2538902410597075e-05,1.150277853012085,0.4715908467769623,1.0844652652740479,0.573655903339386,1.052020788192749,1.1118272542953491,1.1137646436691284,0.7702584862709045,0.8262457847595215,0.6460759043693542,1.1953810453414917,0.5094064474105835,1.127849817276001,1.0169692039489746,1.0211031436920166,0.6542439460754395,0.768869161605835,1.1071922779083252,0.6300127506256104,0.4212219715118408,1.0075234174728394,0.8326175808906555,1.0984562635421753,1.0507503747940063,0.7018819451332092,1.0507423877716064,0.7431925535202026,1.1422725915908813,1.086665153503418,0.9993196129798889,1.0373209714889526,1.1663566827774048,0.5071823000907898,0.6570152640342712,1.082100510597229,0.9525834321975708,1.0914807319641113,0.9749236702919006,0.37766963243484497,0.4265427589416504,0.7192570567131042,0.9967043399810791,1.1606563329696655,0.4326421022415161,0.24893973767757416,1.0605765581130981,1.0331295728683472,1.0252106189727783,1.0002970695495605,0.49087730050086975,0.6140908002853394,0.5551230907440186,0.3040113151073456,0.5238035917282104,0.8826113343238831,0.9960982799530029,0.9146393537521362,0.9989514946937561,1.1560922861099243
/p/project1/hai_1252/toulouse1/flexcraft/data/adapt/full_run/2026-06-28_12:18:30_adapt_full_run_c4/5EU6+MAVMAPRTLV+TLMSAMTNL+CAVWGAQKLV+CAGVDRNYGY_0_404.pdb,0.7660316228866577,0.9789003729820251,0.3990371823310852,0.7233020663261414,0.44692304730415344,0.6974983811378479,0.23730486631393433,0.8710412979125977,0.6377391815185547,0.261249840259552,0.9814777970314026,0.9473331570625305,0.9867652654647827,0.4300718903541565,0.40918150544166565,0.44921383261680603,0.3471546769142151,0.13603654503822327,0.9003975987434387,0.21212561428546906,0.49532514810562134,0.9542762041091919,0.4547754228115082,1.0167901515960693,1.073438286781311,0.5258095264434814,0.45628389716148376,0.8749644160270691,0.34484514594078064,0.9877360463142395,0.9183980822563171,0.8623118996620178,1.1502788066864014,9.576579941494856e-06,0.9433017373085022,0.46258583664894104,0.9767048358917236,0.33285513520240784,0.3565448224544525,0.5155170559883118,0.8820608854293823,0.7668219804763794,0.9892901182174683,0.5014546513557434,0.9929025173187256,0.4807262420654297,0.3256576955318451,0.5363073348999023,0.9092029929161072,0.8691056966781616,0.42515331506729126,0.8875997066497803,1.061483383178711,0.44094160199165344,0.6892989873886108,0.45357245206832886,0.37971508502960205,0.879391074180603,0.5015689730644226,0.8815100789070129,0.8151174783706665,0.48370060324668884,0.5785831212997437,0.34036996960639954,0.510707437992096,0.9795509576797485,0.8719936609268188,0.43856823444366455,0.5770255327224731,0.48670685291290283,0.42659008502960205,0.9944950342178345,0.9574273228645325,0.6609150171279907,0.5928779244422913,0.35514599084854126,1.0545027256011963,1.0637742280960083,0.4068789780139923,0.5032667517662048,0.4945288300514221,0.5133851766586304,1.0238113403320312,0.9258142113685608,0.9273757934570312,1.0552860498428345,1.0295664072036743,0.6254987716674805,0.5418446063995361,0.5917861461639404,0.5263562202453613,0.27174460887908936
/p/project1/hai_1252/toulouse1/flexcraft/data/adapt/full_run/2026-06-28_12:18:30_adapt_full_run_c4/5EU6+MAVMAPRTLV+TLMSAMTNL+CAVWGAQKLV+CAGVDRNYGY_0_220.pdb,0.8068997859954834,0.45517104864120483,0.9260589480400085,0.7862839102745056,0.8966760039329529,0.5491856336593628,0.9255886077880859,0.37018612027168274,0.7011394500732422,0.9309074282646179,0.3598198890686035,0.3934611976146698,0.2211025208234787,0.9045700430870056,0.9420111179351807,0.7766477465629578,0.9918103814125061,0.9497981071472168,0.40258726477622986,0.9158463478088379,0.9265670776367188,0.21802634000778198,0.911870002746582,0.3468453586101532,0.35830098390579224,1.0291333198547363,0.879107654094696,0.39305219054222107,0.9455096125602722,0.40603363513946533,0.3773633539676666,0.298851877450943,0.47159135341644287,0.9433042407035828,3.934311735065421e-06,0.9177414178848267,0.6035722494125366,0.8438241481781006,0.8826714158058167,0.9489684104919434,0.5189211964607239,0.607999861240387,0.4025968611240387,1.0092923641204834,0.3721064329147339,0.9313559532165527,0.8573068380355835,0.8813340067863464,0.38821476697921753,0.5417852401733398,0.9262816905975342,0.40875309705734253,0.43725407123565674,0.8699567914009094,0.7187879085540771,0.9294465780258179,0.8800913095474243,0.4009498655796051,0.9065387845039368,0.4485146999359131,0.9511826038360596,0.9239856004714966,0.7582991719245911,0.8474848866462708,0.9675729870796204,0.3121909201145172,0.39472344517707825,0.9229674935340881,0.8503699898719788,0.9290964007377625,0.8147942423820496,0.25521254539489746,0.3008570373058319,0.5355828404426575,0.8642340898513794,0.9810541272163391,0.40678828954696655,0.3559057414531708,0.7987647652626038,0.8852211236953735,0.8905390501022339,0.8568766117095947,0.3866213858127594,0.36687323451042175,0.2568700611591339,0.3456580638885498,0.4324120283126831,0.7328190207481384,0.860701858997345,0.7620232701301575,0.8766754269599915,0.945827066898346
/p/project1/hai_1252/toulouse1/flexcraft/data/adapt/full_run/2026-06-28_12:18:30_adapt_full_run_c4/5EU6+MAVMAPRTLV+TLMSAMTNL+CAVWGAQKLV+CAGVDRNYGY_0_477.pdb,0.7519824504852295,0.9608771800994873,0.1641380339860916,0.7043007016181946,0.1754615753889084,0.6438407897949219,0.3888356387615204,0.8444981575012207,0.661430835723877,0.38789457082748413,0.8789681792259216,0.8576633930206299,0.9534232020378113,0.12778492271900177,0.24936974048614502,0.5775684714317322,0.43612489104270935,0.4479062557220459,0.885850191116333,0.3756387531757355,0.12252569943666458,0.9284756779670715,0.19581177830696106,0.9899476170539856,1.020010232925415,0.2540529668331146,0.1604105532169342,0.8611905574798584,0.4134044051170349,0.9055180549621582,0.9006515145301819,0.8515010476112366,1.084464192390442,0.4625864326953888,0.9177412390708923,1.8374486899119802e-05,0.9370473027229309,0.32890287041664124,0.46108293533325195,0.13878391683101654,0.8829603791236877,0.7853115797042847,0.9373940825462341,0.22837232053279877,0.8945513963699341,0.5426195859909058,0.4327343702316284,0.1782105267047882,0.8255024552345276,0.8660383224487305,0.18960271775722504,0.8113994598388672,0.9762192964553833,0.37886327505111694,0.6175076961517334,0.10068538039922714,0.1799207627773285,0.8542025685310364,0.1909826099872589,0.876612663269043,0.6538646221160889,0.11110936850309372,0.6987470984458923,0.32926395535469055,0.5890917778015137,0.8978286385536194,0.8833482265472412,0.12089020758867264,0.3170228898525238,0.1607314646244049,0.3182982802391052,0.9639750123023987,0.9234837293624878,0.7227796912193298,0.4734838306903839,0.31421133875846863,0.9780658483505249,1.0088096857070923,0.5639474987983704,0.12412659823894501,0.22962461411952972,0.16898076236248016,0.9257179498672485,0.8577672243118286,0.9240389466285706,1.029220461845398,0.9287844300270081,0.6385281085968018,0.22251655161380768,0.5053562521934509,0.2662096619606018,0.4003153443336487
/p/project1/hai_1252/toulouse1/flexcraft/data/adapt/full_run/2026-06-28_12:18:30_adapt_full_run_c4/5EU6+MAVMAPRTLV+TLMSAMTNL+CAVWGAQKLV+CAGVDRNYGY_0_424.pdb,0.9737507700920105,0.7989816665649414,0.9518724083900452,0.9360528588294983,0.9028618335723877,0.6882294416427612,0.9062903523445129,0.7480388283729553,0.6706401705741882,1.0129313468933105,0.8016537427902222,0.8236429691314697,0.5482132434844971,0.9260625243186951,0.9764907956123352,0.8693414926528931,1.1009883880615234,0.9842509627342224,0.7608552575111389,0.9641285538673401,0.9297188520431519,0.547071635723114,0.9266110062599182,0.5409327149391174,0.5582044124603271,1.0994640588760376,0.8921325206756592,0.7635976672172546,1.0443803071975708,0.7187099456787109,0.786151647567749,0.6063752174377441,0.5736554265022278,0.9767040014266968,0.6035736799240112,0.937048077583313,1.881207754195202e-05,0.8809335231781006,0.915210485458374,1.0037431716918945,0.7821785807609558,0.7248247861862183,0.7690439224243164,1.0767959356307983,0.7483009696006775,0.9217292666435242,0.8348205089569092,0.8985292315483093,0.8214143514633179,0.7989022731781006,0.956939697265625,0.7343558669090271,0.7264049649238586,0.8416522145271301,0.6334934234619141,0.9548547863960266,0.9008973836898804,0.7719905376434326,0.9306183457374573,0.7720203399658203,1.003066062927246,0.9523568153381348,0.8236129879951477,0.8630572557449341,0.9562283754348755,0.7347025871276855,0.6858545541763306,0.9313230514526367,0.8084924817085266,0.9751430153846741,0.8085082769393921,0.538552463054657,0.6034078598022461,0.7270293235778809,0.8014304637908936,0.9731088280677795,0.7373687028884888,0.5315812230110168,0.9164732694625854,0.9003198742866516,0.885816752910614,0.8570367693901062,0.7522311806678772,0.7862877249717712,0.6180932521820068,0.615242600440979,0.7944622039794922,0.7033374309539795,0.8869342803955078,0.7785987257957458,0.8595491051673889,1.039021372795105
/p/project1/hai_1252/toulouse1/flexcraft/data/adapt/full_run/2026-06-28_12:18:30_adapt_full_run_c4/5EU6+MAVMAPRTLV+TLMSAMTNL+CAVWGAQKLV+CAGVDRNYGY_0_545.pdb,0.7159165740013123,0.8464731574058533,0.2538440227508545,0.6799259781837463,0.3098657727241516,0.6711856126785278,0.29811182618141174,0.7538941502571106,0.6513119339942932,0.36567389965057373,0.8764448761940002,0.85683673620224,0.8696263432502747,0.2799126207828522,0.2502046227455139,0.4956134259700775,0.4573653042316437,0.35216525197029114,0.7729719281196594,0.33176663517951965,0.3658585846424103,0.8427237272262573,0.3365700840950012,0.9055346250534058,0.9441999793052673,0.4372949004173279,0.32409024238586426,0.7499908208847046,0.44125598669052124,0.9097663164138794,0.7865301966667175,0.7710134983062744,1.0520236492156982,0.3328528106212616,0.8438248038291931,0.32890748977661133,0.8809357285499573,2.2904561774339527e-05,0.38808462023735046,0.39509403705596924,0.7639341354370117,0.6658459305763245,0.8444339632987976,0.40919655561447144,0.8987507820129395,0.43341392278671265,0.411362886428833,0.39196497201919556,0.8238762617111206,0.7546530365943909,0.2784953713417053,0.7781192660331726,0.9876134395599365,0.4495471119880676,0.6708285808563232,0.3393501341342926,0.23933710157871246,0.7551222443580627,0.36182400584220886,0.75335693359375,0.6439775824546814,0.3652171194553375,0.6336764693260193,0.27890416979789734,0.4688766598701477,0.8810572624206543,0.7557838559150696,0.3215121626853943,0.4287395775318146,0.37510260939598083,0.16883839666843414,0.8837147951126099,0.8390978574752808,0.6140432953834534,0.5859717130661011,0.3416411280632019,0.9724180698394775,0.946283757686615,0.4334644377231598,0.34608152508735657,0.35686150193214417,0.36893516778945923,0.9329301714897156,0.8243948221206665,0.8045244216918945,0.9664728045463562,0.9393709301948547,0.6561489701271057,0.38501307368278503,0.43900254368782043,0.37730830907821655,0.38410913944244385
/p/project1/hai_1252/toulouse1/flexcraft/data/adapt/full_run/2026-06-28_12:18:30_adapt_full_run_c4/5EU6+MAVMAPRTLV+TLMSAMTNL+CAVWGAQKLV+CAGVDRNYGY_0_532.pdb,0.6665796637535095,0.8772826790809631,0.42832323908805847,0.6227217316627502,0.48064103722572327,0.6650676131248474,0.3470098376274109,0.7912395000457764,0.6183310151100159,0.3541959226131439,0.9066142439842224,0.8845717310905457,0.9206094741821289,0.45304855704307556,0.41361168026924133,0.3911583125591278,0.450620174407959,0.34029093384742737,0.7928541898727417,0.31727930903434753,0.5046606659889221,0.8829208612442017,0.5150851011276245,0.9516973495483398,0.9864993095397949,0.5316963791847229,0.48597919940948486,0.7786117792129517,0.4352485239505768,0.9530758261680603,0.8104003667831421,0.8276838660240173,1.1118292808532715,0.3565419912338257,0.8826712965965271,0.46108418703079224,0.9152098894119263,0.3880859613418579,7.44066028346424e-06,0.5038333535194397,0.7896642684936523,0.6236550807952881,0.8742130398750305,0.5171716809272766,0.9405451416969299,0.5513627529144287,0.2943062484264374,0.5272828936576843,0.8514306545257568,0.786013662815094,0.43209803104400635,0.8084167838096619,1.0162734985351562,0.37600716948509216,0.6364215612411499,0.468522310256958,0.44307592511177063,0.7754956483840942,0.5105542540550232,0.7753850817680359,0.6732438802719116,0.4905698597431183,0.5884761214256287,0.45105817914009094,0.5911035537719727,0.9245880842208862,0.7945735454559326,0.4700147211551666,0.5791394114494324,0.5040093064308167,0.45904770493507385,0.9383878707885742,0.8816436529159546,0.6478691697120667,0.4557310938835144,0.3811655640602112,1.0211379528045654,0.9936041235923767,0.35453325510025024,0.4932737648487091,0.5252456665039062,0.5025171637535095,0.9766108393669128,0.8620657324790955,0.8516133427619934,1.0248994827270508,0.9861133098602295,0.6077316999435425,0.5304442644119263,0.5266457200050354,0.54142826795578,0.3736606240272522
/p/project1/hai_1252/toulouse1/flexcraft/data/adapt/full_run/2026-06-28_12:18:30_adapt_full_run_c4/5EU6+MAVMAPRTLV+TLMSAMTNL+CAVWGAQKLV+CAGVDRNYGY_0_341.pdb,0.7655283808708191,0.9701288938522339,0.22928020358085632,0.7186407446861267,0.24002088606357574,0.6605475544929504,0.44907915592193604,0.8521020412445068,0.7075110077857971,0.3994545638561249,0.8791669607162476,0.8503786325454712,0.9851937890052795,0.20048733055591583,0.29159826040267944,0.6139568090438843,0.41672399640083313,0.486974835395813,0.9005569815635681,0.41089126467704773,0.17565590143203735,0.9589303731918335,0.2502637803554535,1.0268830060958862,1.0454095602035522,0.18853363394737244,0.2396465241909027,0.8745073080062866,0.38954290747642517,0.9121453166007996,0.9111987948417664,0.8726418614387512,1.1137655973434448,0.5155208110809326,0.948967456817627,0.1387808471918106,1.0037435293197632,0.39509353041648865,0.5038331151008606,3.420490611460991e-05,0.9001602530479431,0.7991629838943481,0.9426131844520569,0.16711415350437164,0.8978028893470764,0.5703453421592712,0.4782559871673584,0.20907916128635406,0.8242179751396179,0.8785890340805054,0.22705845534801483,0.8086452484130859,0.9834685921669006,0.4032210409641266,0.6632019877433777,0.15949833393096924,0.2316405326128006,0.8659069538116455,0.2084917426109314,0.892532467842102,0.6522102355957031,0.15341104567050934,0.7334222793579102,0.39395585656166077,0.6183947324752808,0.9055629968643188,0.9105392694473267,0.1997348517179489,0.39037302136421204,0.17232583463191986,0.39539921283721924,0.9980441927909851,0.9478878974914551,0.7403320074081421,0.5057095885276794,0.3348836898803711,0.9898000955581665,1.038105845451355,0.5920860767364502,0.17264734208583832,0.30254387855529785,0.24322350323200226,0.9303856492042542,0.8592956066131592,0.9572808146476746,1.062773585319519,0.9283351898193359,0.6813679933547974,0.24716752767562866,0.5300015211105347,0.3367914855480194,0.4021018445491791
/p/project1/hai_1252/toulouse1/flexcraft/data/adapt/full_run/2026-06-28_12:18:30_adapt_full_run_c4/5EU6+MAVMAPRTLV+TLMSAMTNL+CAVWGAQKLV+CAGVDRNYGY_0_414.pdb,0.8146835565567017,0.5280597805976868,0.8628776669502258,0.7964915037155151,0.8573466539382935,0.7164416909217834,0.8806116580963135,0.3687000870704651,0.78148353099823,0.8586106300354004,0.6246762275695801,0.6396588683128357,0.5368961691856384,0.8583136200904846,0.852990448474884,0.7666826844215393,0.9393826723098755,0.8868917226791382,0.2809070944786072,0.8521212935447693,0.9019170999526978,0.5145418643951416,0.9037629961967468,0.5313949584960938,0.5888853669166565,0.9537182450294495,0.8779463768005371,0.3212102949619293,0.8970550894737244,0.7174068093299866,0.42032390832901,0.5516640543937683,0.7702556252479553,0.8820618391036987,0.5189197659492493,0.8829586505889893,0.7821789979934692,0.7639349699020386,0.7896634936332703,0.9001606106758118,7.779099178151228e-06,0.43404170870780945,0.45292213559150696,0.9338412284851074,0.685107409954071,0.833769679069519,0.840399444103241,0.885890007019043,0.6255614757537842,0.12684044241905212,0.8508114218711853,0.5973236560821533,0.7826849818229675,0.8681761026382446,0.8202182650566101,0.8829874396324158,0.8333930373191833,0.31949225068092346,0.8564307689666748,0.2659645080566406,0.8478717803955078,0.8916518092155457,0.7850141525268555,0.8170817494392395,0.8578550815582275,0.6400918364524841,0.30093997716903687,0.8821429014205933,0.8599599599838257,0.9123202562332153,0.7556476593017578,0.5493528246879578,0.5483476519584656,0.5589253902435303,0.8718907833099365,0.9019524455070496,0.7563753128051758,0.6277795433998108,0.7459300756454468,0.8564391732215881,0.8754357695579529,0.8563051223754883,0.7183915972709656,0.6395464539527893,0.4436802566051483,0.6918619871139526,0.7369362115859985,0.8207678198814392,0.8419018387794495,0.6538683176040649,0.8684433698654175,0.8810276389122009
/p/project1/hai_1252/toulouse1/flexcraft/data/adapt/full_run/2026-06-28_12:18:30_adapt_full_run_c4/5EU6+MAVMAPRTLV+TLMSAMTNL+CAVWGAQKLV+CAGVDRNYGY_0_433.pdb,0.6277016997337341,0.5306626558303833,0.7697409391403198,0.5935351252555847,0.7831531763076782,0.652527928352356,0.7289186120033264,0.4456692039966583,0.7238150835037231,0.7359983325004578,0.6583091616630554,0.6598146557807922,0.6400162577629089,0.7696375846862793,0.7540090680122375,0.6436158418655396,0.8194400072097778,0.7419634461402893,0.3760291337966919,0.7187395095825195,0.8005638122558594,0.5558452606201172,0.8330426216125488,0.6483245491981506,0.6292567849159241,0.8374367952346802,0.7851028442382812,0.39957427978515625,0.7734349370002747,0.7358729839324951,0.4479692280292511,0.5636220574378967,0.8262456655502319,0.7668209075927734,0.6080002188682556,0.7853071689605713,0.7248222231864929,0.6658480763435364,0.6236566305160522,0.799163281917572,0.43404296040534973,8.861572496243753e-06,0.49511632323265076,0.8305796980857849,0.7211133241653442,0.7035547494888306,0.7023271322250366,0.7862280011177063,0.6585075259208679,0.47037550806999207,0.7565387487411499,0.5344401597976685,0.7913192510604858,0.7223566174507141,0.7534386515617371,0.7910245060920715,0.7467378377914429,0.39617663621902466,0.7721174955368042,0.3669016361236572,0.6148730516433716,0.7995989918708801,0.7139720916748047,0.7392429709434509,0.7389823198318481,0.6814557909965515,0.42455998063087463,0.7979007363319397,0.8029994964599609,0.8095970153808594,0.6749526858329773,0.6634789109230042,0.5304688215255737,0.5537469387054443,0.7523924708366394,0.746627688407898,0.807074248790741,0.6539776921272278,0.641061007976532,0.7638607621192932,0.8156708478927612,0.762052059173584,0.7578386664390564,0.6480281949043274,0.5398941040039062,0.7855382561683655,0.7741060853004456,0.7496102452278137,0.7605763077735901,0.455951064825058,0.8056623935699463,0.7569893002510071
/p/project1/hai_1252/toulouse1/flexcraft/data/adapt/full_run/2026-06-28_12:18:30_adapt_full_run_c4/5EU6+MAVMAPRTLV+TLMSAMTNL+CAVWGAQKLV+CAGVDRNYGY_0_609.pdb,0.7866195440292358,0.21298225224018097,0.9435139894485474,0.7814741134643555,0.9340204000473022,0.6986649036407471,0.9656985402107239,0.2544834315776825,0.835684597492218,0.9384489059448242,0.4741516411304474,0.49306538701057434,0.4019094407558441,0.925386905670166,0.9373268485069275,0.8198363780975342,0.9902414083480835,0.982286810874939,0.2928856909275055,0.9394444823265076,0.9473026394844055,0.4014274477958679,0.959290087223053,0.5103729367256165,0.4328610599040985,1.0050848722457886,0.9276339411735535,0.2556450664997101,0.9465329051017761,0.5871354341506958,0.19927921891212463,0.475950688123703,0.6460798382759094,0.9892863631248474,0.4025909900665283,0.9373946785926819,0.769045352935791,0.8444316387176514,0.8742121458053589,0.9426194429397583,0.45292097330093384,0.49511587619781494,1.6994032193906605e-05,0.9897013306617737,0.5208614468574524,0.9399440884590149,0.9128183126449585,0.9057322144508362,0.5143274068832397,0.47886282205581665,0.9299593567848206,0.4617668092250824,0.6121129393577576,0.9244844913482666,0.8672357201576233,0.9486046433448792,0.9069766998291016,0.27845051884651184,0.9118351936340332,0.36467596888542175,0.8392170667648315,0.9481461048126221,0.8475400805473328,0.909292459487915,0.9722945094108582,0.4731786549091339,0.4092485308647156,0.9529120326042175,0.910194993019104,0.9498584866523743,0.8173909187316895,0.4451574981212616,0.38938677310943604,0.5969399809837341,0.9219136238098145,0.9760622978210449,0.5821139216423035,0.4911494851112366,0.8106929063796997,0.8966171741485596,0.9398705959320068,0.8963505029678345,0.5502948760986328,0.4438400864601135,0.3639877736568451,0.5564084649085999,0.5640051364898682,0.8760034441947937,0.8761080503463745,0.6989863514900208,0.9272189140319824,0.9534482359886169
/p/project1/hai_1252/toulouse1/flexcraft/data/adapt/full_run/2026-06-28_12:18:30_adapt_full_run_c4/5EU6+MAVMAPRTLV+TLMSAMTNL+CAVWGAQKLV+CAGVDRNYGY_0_277.pdb,0.8029011487960815,1.0062049627304077,0.2377917319536209,0.7531806826591492,0.28723880648612976,0.7092557549476624,0.4467838704586029,0.8861554265022278,0.7590006589889526,0.3812452256679535,0.9315267205238342,0.9021625518798828,1.0533639192581177,0.24085864424705505,0.29650020599365234,0.6286845207214355,0.38824936747550964,0.4690359830856323,0.9359738230705261,0.4022284150123596,0.24408304691314697,1.022770881652832,0.29267218708992004,1.0997716188430786,1.122313380241394,0.10314974933862686,0.3040165901184082,0.906224250793457,0.38181737065315247,0.9733496904373169,0.9434592127799988,0.9173694252967834,1.1953802108764648,0.501449465751648,1.0092910528182983,0.22837494313716888,1.0767953395843506,0.4091941714286804,0.5171716213226318,0.1671169102191925,0.9338428974151611,0.8305827975273132,0.9896996021270752,1.4292446394392755e-05,0.9586429595947266,0.5447843670845032,0.5034517645835876,0.31305989623069763,0.869442880153656,0.9137389659881592,0.24086503684520721,0.8551766872406006,1.0530561208724976,0.45115870237350464,0.7255644798278809,0.19132283329963684,0.27213048934936523,0.8984419107437134,0.24916033446788788,0.925628662109375,0.682741641998291,0.21784378588199615,0.755702793598175,0.40821412205696106,0.5854277610778809,0.9655669331550598,0.9505438804626465,0.22938568890094757,0.47135597467422485,0.22545126080513,0.4329259395599365,1.0670301914215088,1.0100947618484497,0.7690625786781311,0.5648601055145264,0.3038891553878784,1.0551695823669434,1.1118329763412476,0.5920416116714478,0.2595665454864502,0.35652416944503784,0.3330877423286438,0.9941583275794983,0.904959499835968,1.0110914707183838,1.1345046758651733,0.9879480004310608,0.7310201525688171,0.32689908146858215,0.5645087361335754,0.4029146432876587,0.3820537328720093
/p/project1/hai_1252/toulouse1/flexcraft/data/adapt/full_run/2026-06-28_12:18:30_adapt_full_run_c4/5EU6+MAVMAPRTLV+TLMSAMTNL+CAVWGAQKLV+CAGVDRNYGY_0_400.pdb,0.8094717860221863,0.5844075679779053,0.9293308258056641,0.7681624889373779,0.8925420045852661,0.45878010988235474,0.9539257287979126,0.4686644971370697,0.7275785803794861,0.9347448348999023,0.23182855546474457,0.19553714990615845,0.47319474816322327,0.8932866454124451,0.967664897441864,0.8116158246994019,0.9528729319572449,0.977048933506012,0.5834551453590393,0.9372559785842896,0.8811213374137878,0.47005361318588257,0.8809677362442017,0.569970965385437,0.5711492300033569,0.9693183302879333,0.8540929555892944,0.5469406843185425,0.9100490212440491,0.1651318371295929,0.5318779945373535,0.4069100022315979,0.5094091892242432,0.992902398109436,0.3721044659614563,0.8945532441139221,0.7483006119728088,0.8987517952919006,0.9405454993247986,0.8978020548820496,0.6851071715354919,0.721114456653595,0.5208594799041748,0.9586426615715027,7.588244898215635e-06,0.9742542505264282,0.8758423328399658,0.8359305262565613,0.2333211898803711,0.6760460734367371,0.9296589493751526,0.35977903008461,0.21025125682353973,0.8403363227844238,0.6991848349571228,0.9048923254013062,0.8830257654190063,0.5334727168083191,0.8744773864746094,0.6234415173530579,0.9389694333076477,0.8891112804412842,0.8028277158737183,0.8725685477256775,1.0185604095458984,0.08951761573553085,0.5931288599967957,0.9074919819831848,0.848224937915802,0.8814435601234436,0.8536515831947327,0.4956134557723999,0.3988018333911896,0.5974931120872498,0.8278928399085999,0.9661576747894287,0.1924663931131363,0.4732345938682556,0.8439115285873413,0.8505054712295532,0.875442385673523,0.8297021985054016,0.07024082541465759,0.2217240035533905,0.5144453644752502,0.4307795763015747,0.08491972088813782,0.7247096300125122,0.8289864659309387,0.7959603667259216,0.8690880537033081,0.9356334209442139
/p/project1/hai_1252/toulouse1/flexcraft/data/adapt/full_run/2026-06-28_12:18:30_adapt_full_run_c4/5EU6+MAVMAPRTLV+TLMSAMTNL+CAVWGAQKLV+CAGVDRNYGY_0_311.pdb,0.859897255897522,0.9422462582588196,0.495309442281723,0.7856374382972717,0.53767329454422,0.7073760032653809,0.4128786325454712,0.8286027908325195,0.6869394779205322,0.5318669080734253,0.9482879042625427,0.9230191707611084,0.9773533344268799,0.5157545804977417,0.5093603730201721,0.6090783476829529,0.5972525477409363,0.46261146664619446,0.855186939239502,0.5009852647781372,0.5602477788925171,0.9274020791053772,0.5550448298454285,1.0002057552337646,1.0418606996536255,0.5579845905303955,0.5620113611221313,0.8277223706245422,0.5893005728721619,0.9681332111358643,0.8717141151428223,0.7975943684577942,1.1278505325317383,0.4807261526584625,0.9313547611236572,0.542619526386261,0.9217278957366943,0.4334125518798828,0.5513617396354675,0.5703454613685608,0.8337708711624146,0.7035533785820007,0.9399423003196716,0.5447849035263062,0.9742547869682312,2.276617851748597e-05,0.5406051874160767,0.5851964950561523,0.8864943981170654,0.8211166262626648,0.5046722292900085,0.8147566914558411,1.060892939567566,0.5366948843002319,0.6790868043899536,0.534755527973175,0.4836490750312805,0.8255318999290466,0.5537896752357483,0.8315439820289612,0.7222868800163269,0.5654519200325012,0.6508128643035889,0.39310359954833984,0.10019013285636902,0.9606221318244934,0.8217694759368896,0.5271860957145691,0.6568366289138794,0.5697934031486511,0.48655956983566284,0.9881097674369812,0.9153014421463013,0.6470326781272888,0.6708466410636902,0.4078960120677948,1.0445443391799927,1.0271284580230713,0.5811612010002136,0.5681720972061157,0.5873439311981201,0.5830498933792114,1.008968710899353,0.9168305993080139,0.9014505743980408,1.0624054670333862,1.009932041168213,0.6557083129882812,0.6030794382095337,0.5766975283622742,0.617640495300293,0.5464372634887695
/p/project1/hai_1252/toulouse1/flexcraft/data/adapt/full_run/2026-06-28_12:18:30_adapt_full_run_c4/5EU6+MAVMAPRTLV+TLMSAMTNL+CAVWGAQKLV+CAGVDRNYGY_0_509.pdb,0.7362982630729675,0.9119600057601929,0.41166722774505615,0.6722975373268127,0.4240535795688629,0.5470342040061951,0.3027293384075165,0.8028417229652405,0.5121872425079346,0.3627147972583771,0.8855120539665222,0.8516013026237488,0.8817449808120728,0.4157491624355316,0.44623687863349915,0.38600125908851624,0.42360860109329224,0.3117106258869171,0.8517449498176575,0.3284789025783539,0.44189754128456116,0.8578509092330933,0.4193313717842102,0.9160640239715576,0.9596472978591919,0.5293959975242615,0.4222239851951599,0.8255245685577393,0.3814775049686432,0.8636246919631958,0.8696951270103455,0.7732624411582947,1.0169695615768433,0.3256588578224182,0.8573073148727417,0.43273526430130005,0.8348199725151062,0.41136154532432556,0.2943081259727478,0.4782533049583435,0.8403977155685425,0.7023254036903381,0.9128183722496033,0.5034536719322205,0.8758425116539001,0.5406047105789185,2.544765629863832e-05,0.47569626569747925,0.8220229744911194,0.8249520659446716,0.43130385875701904,0.7889964580535889,0.9254645109176636,0.21453838050365448,0.4922577738761902,0.4352739155292511,0.3791285455226898,0.8289332389831543,0.46227627992630005,0.8431552052497864,0.7759612798690796,0.4476969242095947,0.542721152305603,0.38674530386924744,0.5846296548843384,0.8740788102149963,0.8262730836868286,0.4188184440135956,0.4967294931411743,0.4561380445957184,0.4382767975330353,0.8890402913093567,0.8596190810203552,0.598316490650177,0.3748122453689575,0.3647288382053375,0.9351765513420105,0.9417116045951843,0.3882688581943512,0.4447822868824005,0.4456688463687897,0.4489770531654358,0.9043776988983154,0.8280479311943054,0.857052743434906,0.946113109588623,0.9133689999580383,0.47309091687202454,0.47470149397850037,0.5561223030090332,0.46465036273002625,0.3689136803150177
/p/project1/hai_1252/toulouse1/flexcraft/data/adapt/full_run/2026-06-28_12:18:30_adapt_full_run_c4/5EU6+MAVMAPRTLV+TLMSAMTNL+CAVWGAQKLV+CAGVDRNYGY_0_536.pdb,0.7379576563835144,0.9239843487739563,0.28917407989501953,0.6949981451034546,0.25836774706840515,0.6045700907707214,0.4557904303073883,0.8230021595954895,0.6394549012184143,0.4489384889602661,0.8311971426010132,0.8105015158653259,0.9125649333000183,0.24347703158855438,0.3531518578529358,0.6014329195022583,0.47831445932388306,0.5218468904495239,0.875760555267334,0.43799683451652527,0.187419131398201,0.8965775370597839,0.25810396671295166,0.9576979279518127,0.9770368337631226,0.3303905129432678,0.22605521976947784,0.8506171703338623,0.45411428809165955,0.8478044867515564,0.8857585191726685,0.8149527907371521,1.0211031436920166,0.5363092422485352,0.8813323378562927,0.17821229994297028,0.8985306024551392,0.391965389251709,0.5272823572158813,0.20907936990261078,0.8858904242515564,0.7862266898155212,0.9057260751724243,0.31305840611457825,0.8359289169311523,0.5851982235908508,0.47569599747657776,6.002048849040875e-06,0.7861005067825317,0.8630106449127197,0.2977500557899475,0.7683291435241699,0.9082635045051575,0.39218437671661377,0.5907178521156311,0.22735300660133362,0.2585662305355072,0.8380594849586487,0.26014748215675354,0.8704015612602234,0.6449260711669922,0.21844689548015594,0.6937581300735474,0.3815041482448578,0.6378411054611206,0.844456136226654,0.8719311356544495,0.2334265559911728,0.3322490155696869,0.23377688229084015,0.3521314561367035,0.924491286277771,0.8824648857116699,0.7217730283737183,0.4762114882469177,0.38209450244903564,0.9123315215110779,0.9610528349876404,0.5980898141860962,0.18342263996601105,0.28521573543548584,0.21145744621753693,0.8629458546638489,0.8037950396537781,0.9025477766990662,0.9731074571609497,0.8673607707023621,0.616982102394104,0.25900179147720337,0.5089859962463379,0.29847386479377747,0.4582328498363495
/p/project1/hai_1252/toulouse1/flexcraft/data/adapt/full_run/2026-06-28_12:18:30_adapt_full_run_c4/5EU6+MAVMAPRTLV+TLMSAMTNL+CAVWGAQKLV+CAGVDRNYGY_0_351.pdb,0.7237132787704468,0.5748589634895325,0.8505346179008484,0.680561363697052,0.8334109783172607,0.45380455255508423,0.8788971304893494,0.42479217052459717,0.7019992470741272,0.8415225148200989,0.1550178825855255,0.12805555760860443,0.5375916361808777,0.8258371353149414,0.8851417303085327,0.7267666459083557,0.8614188432693481,0.8888735175132751,0.5156475901603699,0.8490638732910156,0.825609564781189,0.5001834630966187,0.8298958539962769,0.6262128949165344,0.6397450566291809,0.8778970837593079,0.7997404336929321,0.47962820529937744,0.8309307098388672,0.30873724818229675,0.46914300322532654,0.39526745676994324,0.6542450785636902,0.9092020988464355,0.3882155120372772,0.8255018591880798,0.8214147686958313,0.8238774538040161,0.8514292240142822,0.82421875,0.6255610585212708,0.6585072875022888,0.514331042766571,0.8694427013397217,0.23332269489765167,0.8864970803260803,0.8220240473747253,0.7861003875732422,8.604007234680466e-06,0.6185627579689026,0.8517879843711853,0.29735812544822693,0.38986265659332275,0.7912880778312683,0.690000593662262,0.8324866890907288,0.820866584777832,0.45453038811683655,0.8171443939208984,0.5473890900611877,0.8588842153549194,0.8219870924949646,0.7331339716911316,0.801551342010498,0.9295940399169922,0.21439290046691895,0.5449071526527405,0.8410192728042603,0.8245366811752319,0.8133772015571594,0.8094487190246582,0.5630451440811157,0.4460029900074005,0.5385745763778687,0.7872369289398193,0.886385440826416,0.3774590492248535,0.5745977163314819,0.7502800822257996,0.7980850338935852,0.8285104036331177,0.78113853931427,0.27693143486976624,0.22611291706562042,0.5106580257415771,0.5545119047164917,0.2726614475250244,0.6980385780334473,0.7839395999908447,0.7560494542121887,0.8299839496612549,0.8421439528465271
/p/project1/hai_1252/toulouse1/flexcraft/data/adapt/full_run/2026-06-28_12:18:30_adapt_full_run_c4/5EU6+MAVMAPRTLV+TLMSAMTNL+CAVWGAQKLV+CAGVDRNYGY_0_485.pdb,0.8192476034164429,0.548464298248291,0.8519102931022644,0.7958301305770874,0.8441199660301208,0.6967219710350037,0.8698632121086121,0.3861733675003052,0.7607012391090393,0.8412250280380249,0.6276358366012573,0.6322422623634338,0.5545097589492798,0.8464177846908569,0.8437299132347107,0.7501742243766785,0.9126972556114197,0.8710433840751648,0.3330571949481964,0.8370639085769653,0.8846161365509033,0.5440242290496826,0.8879802227020264,0.5589605569839478,0.6163941025733948,0.9333139657974243,0.8654427528381348,0.3586697280406952,0.8744481801986694,0.7068482041358948,0.4650017023086548,0.5586281418800354,0.7688696384429932,0.8691059350967407,0.5417851805686951,0.8660405874252319,0.7989010810852051,0.7546538710594177,0.7860122919082642,0.8785893321037292,0.12684011459350586,0.4703749120235443,0.47886210680007935,0.9137397408485413,0.6760444045066833,0.8211168050765991,0.8249531984329224,0.8630108833312988,0.6185625195503235,9.932698958436958e-06,0.8402519226074219,0.6002525687217712,0.7712636590003967,0.8452606201171875,0.7973730564117432,0.8683547377586365,0.818235456943512,0.34598949551582336,0.8450115919113159,0.3067317605018616,0.8524283766746521,0.8778380155563354,0.7622671127319336,0.7996461391448975,0.8455862402915955,0.6379434466362,0.3234095573425293,0.867091178894043,0.8543164134025574,0.8975762724876404,0.7455946803092957,0.5654882788658142,0.5658005475997925,0.5360367298126221,0.856792688369751,0.8864776492118835,0.743678092956543,0.6440700888633728,0.730132520198822,0.8415968418121338,0.8645643591880798,0.8473271131515503,0.7098166346549988,0.6360411643981934,0.4772005081176758,0.6903759837150574,0.7232639193534851,0.7926886081695557,0.8327656984329224,0.6681309938430786,0.8611195683479309,0.8608775734901428
/p/project1/hai_1252/toulouse1/flexcraft/data/adapt/full_run/2026-06-28_12:18:30_adapt_full_run_c4/5EU6+MAVMAPRTLV+TLMSAMTNL+CAVWGAQKLV+CAGVDRNYGY_0_478.pdb,0.8037768602371216,0.9539464712142944,0.09471438080072403,0.761198103427887,0.15744325518608093,0.6845316290855408,0.35279035568237305,0.8308721780776978,0.7209718227386475,0.37623104453086853,0.915101945400238,0.8919559717178345,0.9547097682952881,0.11249485611915588,0.11251582950353622,0.6019884347915649,0.4460797607898712,0.4329499900341034,0.8598584532737732,0.36660683155059814,0.2464476078748703,0.9232433438301086,0.2079000622034073,0.9885837435722351,1.0244874954223633,0.29377061128616333,0.19650506973266602,0.8368133306503296,0.42832696437835693,0.9361448287963867,0.8789367079734802,0.8507222533226013,1.1071927547454834,0.42515015602111816,0.9262816905975342,0.1896030157804489,0.9569416642189026,0.2784911096096039,0.43209823966026306,0.2270549088716507,0.850811243057251,0.7565349340438843,0.9299570918083191,0.24086706340312958,0.9296578764915466,0.5046711564064026,0.4313042163848877,0.2977505624294281,0.8517863750457764,0.8402522802352905,7.896813258412294e-06,0.8330522179603577,1.0196654796600342,0.42067888379096985,0.6823855638504028,0.16045701503753662,0.18586593866348267,0.8338338136672974,0.19592110812664032,0.8421242237091064,0.6792680621147156,0.1904827356338501,0.726547122001648,0.3453906774520874,0.5383118391036987,0.9264843463897705,0.8532100915908813,0.15233483910560608,0.34908509254455566,0.20778167247772217,0.30220499634742737,0.9631276726722717,0.926092803478241,0.7018359303474426,0.5276385545730591,0.30380919575691223,1.0182055234909058,1.013957142829895,0.5640904307365417,0.19970212876796722,0.2537744641304016,0.24029985070228577,0.9647238254547119,0.8829506039619446,0.9042903184890747,1.047447681427002,0.9663031697273254,0.6977301836013794,0.2580162286758423,0.48060837388038635,0.2848503291606903,0.3893962502479553
/p/project1/hai_1252/toulouse1/flexcraft/data/adapt/full_run/2026-06-28_12:18:30_adapt_full_run_c4/5EU6+MAVMAPRTLV+TLMSAMTNL+CAVWGAQKLV+CAGVDRNYGY_0_266.pdb,0.6838670969009399,0.5140079259872437,0.8314559459686279,0.6413751840591431,0.8184792399406433,0.4751890003681183,0.837733805179596,0.42307713627815247,0.7191306948661804,0.8297047019004822,0.27508679032325745,0.28639769554138184,0.5084605813026428,0.8112999796867371,0.8609756827354431,0.7192701101303101,0.8615280985832214,0.8574827313423157,0.49103638529777527,0.8267152905464172,0.8099491000175476,0.4219440519809723,0.8244761228561401,0.5653002262115479,0.5341866612434387,0.8645395636558533,0.7987732291221619,0.46104761958122253,0.8187601566314697,0.3758462965488434,0.4216930866241455,0.27771660685539246,0.6300140619277954,0.887600302696228,0.408753901720047,0.8114011883735657,0.7343583106994629,0.7781195640563965,0.8084167242050171,0.8086467385292053,0.5973255634307861,0.5344414114952087,0.46176427602767944,0.8551769256591797,0.3597802221775055,0.814754843711853,0.7889982461929321,0.7683305740356445,0.2973519265651703,0.6002519130706787,0.833053708076477,6.567719992744969e-06,0.44610607624053955,0.754729151725769,0.7022208571434021,0.8244328498840332,0.7958914637565613,0.45234519243240356,0.7995592355728149,0.525718629360199,0.7520264387130737,0.8163612484931946,0.7570170760154724,0.7806001901626587,0.8623164892196655,0.3388696014881134,0.5396493077278137,0.832506537437439,0.8038644194602966,0.8097462058067322,0.7628545761108398,0.5498378872871399,0.353069543838501,0.48540836572647095,0.780629575252533,0.8433793783187866,0.4725956320762634,0.49745723605155945,0.733443558216095,0.7791168689727783,0.8145123720169067,0.7741202712059021,0.399551123380661,0.30635905265808105,0.4820592999458313,0.6018387675285339,0.4074803590774536,0.7233206033706665,0.7581791877746582,0.6772967576980591,0.8119872808456421,0.8347417116165161
/p/project1/hai_1252/toulouse1/flexcraft/data/adapt/full_run/2026-06-28_12:18:30_adapt_full_run_c4/5EU6+MAVMAPRTLV+TLMSAMTNL+CAVWGAQKLV+CAGVDRNYGY_0_607.pdb,0.870689868927002,0.6649152040481567,1.0183219909667969,0.8311953544616699,0.9724646210670471,0.5119129419326782,1.0256694555282593,0.578245997428894,0.7670081853866577,1.0128511190414429,0.36652886867523193,0.3417229950428009,0.5047076940536499,0.9785428643226624,1.0586276054382324,0.8765453696250916,1.0280381441116333,1.0451977252960205,0.6897591948509216,1.0100386142730713,0.9567519426345825,0.49753251671791077,0.957648515701294,0.5660694241523743,0.5655911564826965,1.0645809173583984,0.9301981329917908,0.6603274941444397,0.9796182513237,0.17094333469867706,0.6462498307228088,0.4579056203365326,0.4212225675582886,1.0614838600158691,0.4372585117816925,0.9762192964553833,0.7264030575752258,0.9876135587692261,1.016271948814392,0.9834659695625305,0.7826842665672302,0.7913190126419067,0.6121171116828918,1.053055763244629,0.2102515548467636,1.0608935356140137,0.9254661202430725,0.9082627892494202,0.38986319303512573,0.7712630033493042,1.0196669101715088,0.4461017847061157,1.2003251868009102e-05,0.8924227952957153,0.7350968718528748,0.9887406229972839,0.963284432888031,0.6494916677474976,0.9595264196395874,0.7302020788192749,1.0310381650924683,0.9707767367362976,0.8609684705734253,0.9537991285324097,1.1075820922851562,0.24526695907115936,0.683282732963562,0.98838210105896,0.9148152470588684,0.9652999639511108,0.9329389333724976,0.5176543593406677,0.4261334538459778,0.6554878354072571,0.8879055976867676,1.0473004579544067,0.18246817588806152,0.44331592321395874,0.9237572550773621,0.9300698637962341,0.9544092416763306,0.90464848279953,0.17398221790790558,0.34917181730270386,0.5956612229347229,0.4010344445705414,0.2041754424571991,0.7622672319412231,0.9095158576965332,0.872865617275238,0.9447698593139648,1.0132536888122559
/p/project1/hai_1252/toulouse1/flexcraft/data/adapt/full_run/2026-06-28_12:18:30_adapt_full_run_c4/5EU6+MAVMAPRTLV+TLMSAMTNL+CAVWGAQKLV+CAGVDRNYGY_0_405.pdb,0.7231679558753967,0.9361580014228821,0.4043906033039093,0.6483036279678345,0.397352010011673,0.5097066760063171,0.3661140501499176,0.8219416737556458,0.5051109194755554,0.41027167439460754,0.8504785299301147,0.8168327212333679,0.9016007781028748,0.38986945152282715,0.45890572667121887,0.4319038391113281,0.45226654410362244,0.40128079056739807,0.8758049011230469,0.38720381259918213,0.3729952871799469,0.8738531470298767,0.38960346579551697,0.934638500213623,0.9672046303749084,0.4657386541366577,0.3820212185382843,0.8512651324272156,0.4122926592826843,0.8310402035713196,0.8914016485214233,0.7761380672454834,1.00752592086792,0.44093814492225647,0.8699573278427124,0.37886321544647217,0.8416521549224854,0.44954344630241394,0.3760071098804474,0.4032202363014221,0.8681749105453491,0.7223585844039917,0.9244892597198486,0.4511602520942688,0.8403372764587402,0.5366945862770081,0.21453802287578583,0.39218488335609436,0.7912879586219788,0.845262348651886,0.4206790626049042,0.7547273635864258,0.8924228549003601,1.564404919918161e-05,0.43834730982780457,0.3921050727367401,0.3676553964614868,0.8437405228614807,0.4146101474761963,0.867991030216217,0.7126374244689941,0.39299923181533813,0.5728071331977844,0.397316038608551,0.5939731597900391,0.8480328917503357,0.8549237847328186,0.3855579197406769,0.470647931098938,0.40219467878341675,0.4486325979232788,0.9113174676895142,0.8641579151153564,0.6332226395606995,0.3099590837955475,0.35125890374183655,0.911254346370697,0.9436482787132263,0.44656816124916077,0.3873422145843506,0.42370161414146423,0.397064208984375,0.8693210482597351,0.8076546788215637,0.8887544870376587,0.961237370967865,0.8756924271583557,0.451498419046402,0.42181292176246643,0.558358371257782,0.44209402799606323,0.41532278060913086
/p/project1/hai_1252/toulouse1/flexcraft/data/adapt/full_run/2026-06-28_12:18:30_adapt_full_run_c4/5EU6+MAVMAPRTLV+TLMSAMTNL+CAVWGAQKLV+CAGVDRNYGY_0_557.pdb,0.8104531168937683,0.8800738453865051,0.6638742685317993,0.727863609790802,0.6270377039909363,0.41801321506500244,0.620588481426239,0.756779670715332,0.2703835666179657,0.6818743944168091,0.7301158308982849,0.715253472328186,0.7540590763092041,0.6345021724700928,0.7269909977912903,0.5204747915267944,0.7309867739677429,0.6607424020767212,0.8249866962432861,0.6516214609146118,0.5932701826095581,0.7595891952514648,0.6171613335609436,0.7981292605400085,0.8479204177856445,0.7316359877586365,0.6007868051528931,0.800443172454834,0.6881597638130188,0.6958884596824646,0.8539998531341553,0.6816408634185791,0.8326172232627869,0.6892974376678467,0.7187889218330383,0.6175089478492737,0.6334895491600037,0.6708298325538635,0.6364184021949768,0.6632007360458374,0.8202178478240967,0.753441572189331,0.8672446608543396,0.7255643010139465,0.6991856098175049,0.6790869235992432,0.49225473403930664,0.5907148718833923,0.6900011897087097,0.7973743081092834,0.6823882460594177,0.7022218108177185,0.7351018786430359,0.4383483827114105,6.704382485622773e-06,0.6319115161895752,0.6149957776069641,0.7902788519859314,0.6422116756439209,0.8258060812950134,0.8719627261161804,0.6244522929191589,0.46675798296928406,0.5692585706710815,0.7303256988525391,0.7114307880401611,0.7693579792976379,0.6222472786903381,0.6203245520591736,0.6447427272796631,0.6312219500541687,0.7554260492324829,0.7805970311164856,0.5963426828384399,0.37404993176460266,0.6368016004562378,0.7448559999465942,0.813502848148346,0.598709762096405,0.613896369934082,0.6249334216117859,0.5905629992485046,0.7163465619087219,0.7169283628463745,0.7982436418533325,0.7809005379676819,0.7370846271514893,0.1852353811264038,0.6377243399620056,0.72452312707901,0.6278440356254578,0.6942317485809326
/p/project1/hai_1252/toulouse1/flexcraft/data/adapt/full_run/2026-06-28_12:18:30_adapt_full_run_c4/5EU6+MAVMAPRTLV+TLMSAMTNL+CAVWGAQKLV+CAGVDRNYGY_0_377.pdb,0.7759411334991455,0.97081458568573,0.1464139074087143,0.7277188897132874,0.14687888324260712,0.6472448706626892,0.38338518142700195,0.8452328443527222,0.6763430237770081,0.37043553590774536,0.8894203901290894,0.8691860437393188,0.9662982821464539,0.10799996554851532,0.2393885999917984,0.5870299339294434,0.4242422878742218,0.442162424325943,0.8886439800262451,0.3633483946323395,0.1346619874238968,0.9391945600509644,0.17840108275413513,1.0022461414337158,1.0373274087905884,0.2344425916671753,0.15773199498653412,0.8626043200492859,0.40291762351989746,0.9129389524459839,0.9062113761901855,0.8598082661628723,1.0984573364257812,0.45357266068458557,0.9294455051422119,0.10068170726299286,0.9548529982566833,0.33934903144836426,0.46852076053619385,0.1595008224248886,0.8829874396324158,0.791023850440979,0.9486105442047119,0.1913173943758011,0.9048911929130554,0.5347554683685303,0.43527457118034363,0.22734872996807098,0.8324877619743347,0.8683531284332275,0.16045960783958435,0.8244349956512451,0.9887402057647705,0.39210548996925354,0.631912112236023,1.1185818038939033e-05,0.17839868366718292,0.8559373617172241,0.15340478718280792,0.8781667947769165,0.6796277761459351,0.08251383900642395,0.7060420513153076,0.3319876194000244,0.5799455046653748,0.9090489149093628,0.8858109712600708,0.07140010595321655,0.33027759194374084,0.14376099407672882,0.32966795563697815,0.9750346541404724,0.9398406744003296,0.7217130064964294,0.485085129737854,0.29354190826416016,0.9908958673477173,1.0230993032455444,0.5687260627746582,0.14014138281345367,0.229527086019516,0.1892452836036682,0.9368959665298462,0.8683257102966309,0.937841534614563,1.0426113605499268,0.9388701915740967,0.6515323519706726,0.22718584537506104,0.5083544254302979,0.2704986035823822,0.3862963318824768
/p/project1/hai_1252/toulouse1/flexcraft/data/adapt/full_run/2026-06-28_12:18:30_adapt_full_run_c4/5EU6+MAVMAPRTLV+TLMSAMTNL+CAVWGAQKLV+CAGVDRNYGY_0_459.pdb,0.7612098455429077,0.923703134059906,0.15288949012756348,0.7146384119987488,0.15996168553829193,0.6222178339958191,0.32215073704719543,0.8053675293922424,0.6360810995101929,0.35641103982925415,0.8762654066085815,0.849960446357727,0.9052994847297668,0.13985390961170197,0.22332999110221863,0.5459362864494324,0.4166320860385895,0.38380515575408936,0.8449236154556274,0.3376588821411133,0.20558373630046844,0.8875066041946411,0.18023541569709778,0.947273850440979,0.9805489778518677,0.3141627907752991,0.18477578461170197,0.8223444819450378,0.3766798973083496,0.8883780241012573,0.8644366264343262,0.8033201694488525,1.0507506132125854,0.37971746921539307,0.8800918459892273,0.1799212247133255,0.9008950591087341,0.23933666944503784,0.44307422637939453,0.23163928091526031,0.8333950042724609,0.7467408180236816,0.9069766402244568,0.27213287353515625,0.883023738861084,0.48364996910095215,0.37912774085998535,0.2585607171058655,0.8208633065223694,0.8182334899902344,0.1858658343553543,0.7958927750587463,0.9632868766784668,0.36765480041503906,0.6149957776069641,0.17839661240577698,1.9497407265589572e-05,0.8240318894386292,0.21705232560634613,0.8335365653038025,0.6831475496292114,0.20273719727993011,0.6659771203994751,0.27039340138435364,0.5271569490432739,0.8809012174606323,0.8317813277244568,0.15742845833301544,0.3195606470108032,0.2274613231420517,0.24155345559120178,0.9141082167625427,0.8878103494644165,0.6709753274917603,0.5047570466995239,0.2966691553592682,0.9571039080619812,0.9737504124641418,0.5124678611755371,0.18689501285552979,0.22628679871559143,0.2257426232099533,0.9130009412765503,0.8378334045410156,0.8700835704803467,0.9833585023880005,0.9182284474372864,0.6232391595840454,0.24493584036827087,0.4581797122955322,0.2638721466064453,0.3691514730453491
/p/project1/hai_1252/toulouse1/flexcraft/data/adapt/full_run/2026-06-28_12:18:30_adapt_full_run_c4/5EU6+MAVMAPRTLV+TLMSAMTNL+CAVWGAQKLV+CAGVDRNYGY_0_435.pdb,0.7288485169410706,0.34955286979675293,0.8475210666656494,0.709542989730835,0.8423886895179749,0.6391235589981079,0.8594769835472107,0.17809432744979858,0.7558867335319519,0.8292006254196167,0.4558405578136444,0.4733232855796814,0.46688559651374817,0.8380172848701477,0.8421200513839722,0.7209437489509583,0.8961264491081238,0.8747816681861877,0.1262073516845703,0.8299179077148438,0.8724795579910278,0.42500612139701843,0.8808971047401428,0.5442386269569397,0.532349705696106,0.9144368171691895,0.8436668515205383,0.10610409826040268,0.8635401725769043,0.5841468572616577,0.22690211236476898,0.44803065061569214,0.7018821835517883,0.8793953061103821,0.4009510278701782,0.8542033433914185,0.7719929218292236,0.755121648311615,0.7754941582679749,0.8659070730209351,0.31949058175086975,0.39617690443992615,0.27845093607902527,0.8984439969062805,0.5334715247154236,0.8255297541618347,0.8289335370063782,0.838058352470398,0.45453059673309326,0.3459891676902771,0.8338339924812317,0.45234063267707825,0.6494911909103394,0.8437402248382568,0.7902785539627075,0.8559392094612122,0.8240313529968262,1.3418314665614162e-05,0.8295624852180481,0.16583937406539917,0.7883747816085815,0.861248791217804,0.7487958073616028,0.8023841977119446,0.854334831237793,0.481050044298172,0.2387954592704773,0.8593568205833435,0.844981849193573,0.8641497492790222,0.7463973760604858,0.4899444878101349,0.42603665590286255,0.5124945640563965,0.8440656065940857,0.8768070340156555,0.6245944499969482,0.5503711700439453,0.7122269868850708,0.8283911943435669,0.8602827191352844,0.8227955102920532,0.5707316994667053,0.45987412333488464,0.36536943912506104,0.6031714677810669,0.5845625996589661,0.7874721884727478,0.812326192855835,0.6258478760719299,0.8511059880256653,0.8481113910675049
/p/project1/hai_1252/toulouse1/flexcraft/data/adapt/full_run/2026-06-28_12:18:30_adapt_full_run_c4/5EU6+MAVMAPRTLV+TLMSAMTNL+CAVWGAQKLV+CAGVDRNYGY_0_587.pdb,0.7985427975654602,0.9341774582862854,0.21251201629638672,0.7541318535804749,0.14656919240951538,0.6399058103561401,0.42069920897483826,0.8070395588874817,0.698967695236206,0.40876173973083496,0.8702564835548401,0.8510274887084961,0.9278775453567505,0.15788789093494415,0.2828997075557709,0.6295980215072632,0.46771255135536194,0.4953482449054718,0.8616098761558533,0.4130201041698456,0.1972714364528656,0.9022520780563354,0.18838845193386078,0.9629151225090027,0.9912469983100891,0.3034694790840149,0.20076018571853638,0.8298097848892212,0.43539223074913025,0.8804318308830261,0.8785292506217957,0.8304764032363892,1.0507453680038452,0.5015662908554077,0.906537652015686,0.19098249077796936,0.9306177496910095,0.3618208169937134,0.5105555057525635,0.20849710702896118,0.8564331531524658,0.7721152305603027,0.9118407368659973,0.24915505945682526,0.8744826316833496,0.553788959980011,0.46227559447288513,0.2601432204246521,0.817145824432373,0.8450138568878174,0.19592200219631195,0.7995582818984985,0.9595255851745605,0.4146093726158142,0.642211377620697,0.1534053236246109,0.21705229580402374,0.8295620679855347,6.221372586878715e-06,0.8554149270057678,0.6835991740226746,0.16143299639225006,0.7414894104003906,0.3650975823402405,0.598476231098175,0.8817806839942932,0.861163318157196,0.1529509574174881,0.29820236563682556,0.1830836832523346,0.3172294497489929,0.9338414072990417,0.909503161907196,0.6979222297668457,0.4983066916465759,0.3335980474948883,0.9607367515563965,0.977782130241394,0.6009730696678162,0.15830659866333008,0.22037512063980103,0.22377341985702515,0.907334566116333,0.8477412462234497,0.909803569316864,1.0113325119018555,0.9077403545379639,0.6715947985649109,0.17754633724689484,0.4805716872215271,0.23952564597129822,0.4277524948120117
/p/project1/hai_1252/toulouse1/flexcraft/data/adapt/full_run/2026-06-28_12:18:30_adapt_full_run_c4/5EU6+MAVMAPRTLV+TLMSAMTNL+CAVWGAQKLV+CAGVDRNYGY_0_410.pdb,0.755525529384613,0.4289138615131378,0.8563256859779358,0.7407863140106201,0.8542601466178894,0.6994516253471375,0.8643568158149719,0.27686670422554016,0.7868325114250183,0.850416362285614,0.5494369268417358,0.5652511119842529,0.4960111677646637,0.8536613583564758,0.8394362926483154,0.7498642802238464,0.9293708205223083,0.8843722939491272,0.11957036703824997,0.8433215022087097,0.8999608159065247,0.44920650124549866,0.902817964553833,0.5484821200370789,0.5473165512084961,0.9427622556686401,0.8637940883636475,0.187579944729805,0.8932798504829407,0.664310872554779,0.3012928068637848,0.49495208263397217,0.743191123008728,0.8815094828605652,0.4485148787498474,0.8766117691993713,0.772016704082489,0.7533577084541321,0.775386393070221,0.8925325274467468,0.2659626007080078,0.36690396070480347,0.3646736741065979,0.925628125667572,0.6234409809112549,0.8315397500991821,0.8431544899940491,0.8704017996788025,0.5473894476890564,0.30673277378082275,0.8421242237091064,0.5257186889648438,0.7302013039588928,0.8679909110069275,0.8258084654808044,0.8781643509864807,0.8335355520248413,0.16583861410617828,0.8554179072380066,1.0768257197923958e-05,0.7916520833969116,0.8856659531593323,0.7775652408599854,0.8149040937423706,0.8551458120346069,0.5688965916633606,0.16563159227371216,0.8784746527671814,0.859424352645874,0.8933587074279785,0.753275990486145,0.5121612548828125,0.4693308472633362,0.5467442870140076,0.8724476099014282,0.8962376713752747,0.7079800367355347,0.5798934102058411,0.7328219413757324,0.8532107472419739,0.8767192959785461,0.8456118702888489,0.6582956314086914,0.5562622547149658,0.36275172233581543,0.6523938775062561,0.6762436032295227,0.8233477473258972,0.8379852771759033,0.6186106204986572,0.8648844361305237,0.8707423806190491
/p/project1/hai_1252/toulouse1/flexcraft/data/adapt/full_run/2026-06-28_12:18:30_adapt_full_run_c4/5EU6+MAVMAPRTLV+TLMSAMTNL+CAVWGAQKLV+CAGVDRNYGY_0_488.pdb,0.5828646421432495,0.8646096587181091,0.6746729612350464,0.541929304599762,0.7093592882156372,0.8214201331138611,0.7091511487960815,0.8232397437095642,0.8842724561691284,0.7487682700157166,0.8619856238365173,0.860654890537262,0.9986446499824524,0.6716179251670837,0.6757647395133972,0.7704702019691467,0.795628011226654,0.7702599167823792,0.8031752705574036,0.7309081554412842,0.6603208184242249,0.9343142509460449,0.7496267557144165,1.0196210145950317,0.9883538484573364,0.6657644510269165,0.6915807127952576,0.8049945831298828,0.7731016874313354,0.9766919612884521,0.8044703006744385,0.8908439874649048,1.1422721147537231,0.8151107430458069,0.9511844515800476,0.6538557410240173,1.0030624866485596,0.6439737677574158,0.6732416152954102,0.6522159576416016,0.8478747010231018,0.6148778796195984,0.8392177224159241,0.682749330997467,0.9389702081680298,0.7222860455513,0.7759568095207214,0.6449285745620728,0.8588864803314209,0.8524287939071655,0.6792685389518738,0.752025842666626,1.0310399532318115,0.7126402258872986,0.871963381767273,0.6796349287033081,0.6831485033035278,0.7883761525154114,0.6836029291152954,0.7916532754898071,5.0567446123750415e-06,0.6803616881370544,0.8944099545478821,0.7392092347145081,0.7663317322731018,0.923269510269165,0.8533298969268799,0.7017436623573303,0.7417361736297607,0.6858021020889282,0.6507461667060852,1.0277864933013916,0.8690520524978638,0.8593611717224121,0.7592237591743469,0.655515730381012,1.0420408248901367,0.9980347752571106,0.7582266926765442,0.6449207663536072,0.7340949177742004,0.6607740521430969,0.9776217937469482,0.8574250340461731,0.9111588597297668,1.1095867156982422,0.9753945469856262,0.8917031288146973,0.6651667356491089,0.4997763931751251,0.7309099435806274,0.7586814165115356
/p/project1/hai_1252/toulouse1/flexcraft/data/adapt/full_run/2026-06-28_12:18:30_adapt_full_run_c4/5EU6+MAVMAPRTLV+TLMSAMTNL+CAVWGAQKLV+CAGVDRNYGY_0_430.pdb,0.7708110213279724,0.972693145275116,0.17910568416118622,0.7242313027381897,0.16835817694664001,0.6363350749015808,0.41024547815322876,0.8476024866104126,0.6729288697242737,0.3907049596309662,0.8768436312675476,0.856732964515686,0.9600702524185181,0.13207562267780304,0.266445517539978,0.5942108631134033,0.4363393485546112,0.46868017315864563,0.8940907716751099,0.38794413208961487,0.11667075008153915,0.9340535402297974,0.18006379902362823,0.9963899850845337,1.02933931350708,0.24615664780139923,0.15372712910175323,0.8686053156852722,0.4097265601158142,0.8977118134498596,0.9095866680145264,0.8583567142486572,1.086662769317627,0.4837009012699127,0.9239867329597473,0.11110605299472809,0.9523573517799377,0.36521634459495544,0.4905668795108795,0.15341253578662872,0.8916521072387695,0.7995966076850891,0.9481444358825684,0.21784284710884094,0.8891136646270752,0.5654516220092773,0.44769713282585144,0.21844631433486938,0.8219859600067139,0.8778377771377563,0.19048242270946503,0.8163609504699707,0.970776379108429,0.39299890398979187,0.6244546175003052,0.08251281827688217,0.20273780822753906,0.8612490892410278,0.16143286228179932,0.8856634497642517,0.6803576946258545,1.0117209058080334e-05,0.710415244102478,0.3546900153160095,0.613241970539093,0.8952575922012329,0.892812192440033,0.11904331296682358,0.3209858238697052,0.11786425113677979,0.34851714968681335,0.969330906867981,0.9346758127212524,0.7262381911277771,0.47993186116218567,0.32273897528648376,0.9767691493034363,1.0139882564544678,0.5818296074867249,0.134688600897789,0.23232290148735046,0.18069998919963837,0.9205271005630493,0.857977569103241,0.940418541431427,1.0346366167068481,0.9222175478935242,0.6487566828727722,0.21218356490135193,0.5200951099395752,0.26487472653388977,0.40096673369407654
/p/project1/hai_1252/toulouse1/flexcraft/data/adapt/full_run/2026-06-28_12:18:30_adapt_full_run_c4/5EU6+MAVMAPRTLV+TLMSAMTNL+CAVWGAQKLV+CAGVDRNYGY_0_270.pdb,0.6908361911773682,0.8194102048873901,0.7081655263900757,0.6489858627319336,0.721248209476471,0.555329442024231,0.6128032803535461,0.7365036010742188,0.26828014850616455,0.5822544693946838,0.7833835482597351,0.7615735530853271,0.8209848999977112,0.7073568105697632,0.7381048202514648,0.3382691740989685,0.625032365322113,0.5478425025939941,0.7808935046195984,0.5580708980560303,0.6875428557395935,0.8254636526107788,0.723156750202179,0.8849968910217285,0.9369078278541565,0.7450883388519287,0.697719156742096,0.7561668157577515,0.6093456149101257,0.8306417465209961,0.7997536063194275,0.7408446669578552,0.9993183016777039,0.5785857439041138,0.7582988739013672,0.6987485885620117,0.8236111998558044,0.6336766481399536,0.5884755253791809,0.7334217429161072,0.7850134372711182,0.7139689326286316,0.8475394248962402,0.7557026147842407,0.8028275966644287,0.650812566280365,0.5427206754684448,0.6937574148178101,0.7331352233886719,0.7622669339179993,0.7265481948852539,0.7570197582244873,0.8609684109687805,0.5728065967559814,0.466756671667099,0.706041157245636,0.6659764647483826,0.7487955093383789,0.741489827632904,0.7775675654411316,0.8944109082221985,0.7104142308235168,1.2963497283635661e-05,0.588259756565094,0.6904721260070801,0.7892597317695618,0.7432093024253845,0.7080453038215637,0.7959397435188293,0.7207905054092407,0.6668164134025574,0.8347878456115723,0.8496251106262207,0.5724417567253113,0.5914605259895325,0.6466822028160095,0.8623059391975403,0.9388121366500854,0.4122348427772522,0.7192721366882324,0.7618790864944458,0.7187803983688354,0.8268839716911316,0.7497500777244568,0.8176136612892151,0.8695650100708008,0.8433395028114319,0.33426058292388916,0.7643267512321472,0.7702906131744385,0.7763113379478455,0.5885649919509888
/p/project1/hai_1252/toulouse1/flexcraft/data/adapt/full_run/2026-06-28_12:18:30_adapt_full_run_c4/5EU6+MAVMAPRTLV+TLMSAMTNL+CAVWGAQKLV+CAGVDRNYGY_0_418.pdb,0.7581472992897034,0.915221631526947,0.31009072065353394,0.6981392502784729,0.32712873816490173,0.6020187139511108,0.31763237714767456,0.7908759713172913,0.5722641944885254,0.3497961163520813,0.8642100691795349,0.8384380340576172,0.8973796367645264,0.31731292605400085,0.3656314015388489,0.49373701214790344,0.4258054792881012,0.342020183801651,0.8321093916893005,0.32261034846305847,0.35440880060195923,0.8696083426475525,0.3341182768344879,0.9329190850257874,0.9837489724159241,0.42986488342285156,0.33933451771736145,0.8052913546562195,0.410319983959198,0.8741095066070557,0.8535522818565369,0.7660382390022278,1.0373204946517944,0.3403703570365906,0.847489058971405,0.32926347851753235,0.863060474395752,0.2789006531238556,0.4510560631752014,0.3939540386199951,0.8170809745788574,0.7392482161521912,0.9092963337898254,0.4082142412662506,0.8725664615631104,0.39310067892074585,0.3867452144622803,0.38150522112846375,0.8015517592430115,0.7996456623077393,0.34539008140563965,0.7806032299995422,0.9537981748580933,0.39731597900390625,0.5692563056945801,0.3319883942604065,0.27039316296577454,0.8023841381072998,0.36509886384010315,0.8149063587188721,0.7392154932022095,0.35469043254852295,0.588259756565094,7.971208106027916e-06,0.43642669916152954,0.8672451376914978,0.7921212911605835,0.3148215711116791,0.42456063628196716,0.36568835377693176,0.3069620728492737,0.9038012027740479,0.8684245944023132,0.6244565844535828,0.5490885376930237,0.3323364853858948,0.934238851070404,0.9631800651550293,0.46705445647239685,0.36477169394493103,0.35284867882728577,0.3608231842517853,0.9021355509757996,0.832011878490448,0.8512876033782959,0.9606472849845886,0.9076663851737976,0.5429137349128723,0.390069842338562,0.5136019587516785,0.3828704357147217,0.3684937655925751
/p/project1/hai_1252/toulouse1/flexcraft/data/adapt/full_run/2026-06-28_12:18:30_adapt_full_run_c4/5EU6+MAVMAPRTLV+TLMSAMTNL+CAVWGAQKLV+CAGVDRNYGY_0_522.pdb,0.9101499915122986,0.9725046157836914,0.5297083854675293,0.8377038240432739,0.5782490968704224,0.7628176808357239,0.45123291015625,0.8587459921836853,0.7365544438362122,0.5795417428016663,0.9957042336463928,0.967656672000885,1.010928750038147,0.5559847354888916,0.5349954962730408,0.6561335325241089,0.6441163420677185,0.5033955574035645,0.8821317553520203,0.5486009120941162,0.611193060874939,0.9616906046867371,0.5964027047157288,1.0352184772491455,1.0778433084487915,0.6001944541931152,0.6066098213195801,0.8541027307510376,0.6408193111419678,1.0119633674621582,0.9009147882461548,0.8318511843681335,1.1663572788238525,0.510704517364502,0.9675729870796204,0.5890932083129883,0.9562314748764038,0.468875527381897,0.591103196144104,0.6183934807777405,0.857855498790741,0.7389832735061646,0.9722916483879089,0.5854279398918152,1.0185627937316895,0.10019145160913467,0.5846306681632996,0.6378412246704102,0.9295933246612549,0.845583975315094,0.5383133292198181,0.8623132109642029,1.1075801849365234,0.5939735174179077,0.7303239107131958,0.5799461603164673,0.5271570682525635,0.8543354272842407,0.5984755754470825,0.8551448583602905,0.7663270235061646,0.613243579864502,0.6904721856117249,0.4364250600337982,9.694981599750463e-06,1.003172516822815,0.8436817526817322,0.5692872405052185,0.6976680755615234,0.6161489486694336,0.5267963409423828,1.0195833444595337,0.951335608959198,0.6786085367202759,0.725586473941803,0.46111270785331726,1.0881162881851196,1.0629017353057861,0.6261529326438904,0.6143203377723694,0.6270762085914612,0.6286367774009705,1.0536086559295654,0.9595630764961243,0.9240492582321167,1.0985034704208374,1.0533615350723267,0.7048792839050293,0.6499234437942505,0.6195063591003418,0.6579794883728027,0.5928419232368469
/p/project1/hai_1252/toulouse1/flexcraft/data/adapt/full_run/2026-06-28_12:18:30_adapt_full_run_c4/5EU6+MAVMAPRTLV+TLMSAMTNL+CAVWGAQKLV+CAGVDRNYGY_0_381.pdb,0.7849151492118835,0.5398250818252563,0.9261136054992676,0.7490219473838806,0.8949074745178223,0.4738292396068573,0.946069598197937,0.4255903959274292,0.7252914309501648,0.9303315281867981,0.20430471003055573,0.1775335967540741,0.4331328868865967,0.8936260342597961,0.9592114090919495,0.795559823513031,0.9563257694244385,0.9673320651054382,0.5261192917823792,0.9300001263618469,0.8897766470909119,0.42354243993759155,0.8877772092819214,0.5332226157188416,0.5353425145149231,0.9763569235801697,0.8575651049613953,0.4941212236881256,0.9141091108322144,0.19587650895118713,0.47252148389816284,0.37242391705513,0.5071856379508972,0.9795511960983276,0.3121888339519501,0.8978263139724731,0.7347037196159363,0.8810536861419678,0.9245875477790833,0.905562698841095,0.6400917768478394,0.6814561486244202,0.4731746017932892,0.9655674695968628,0.0895155817270279,0.9606223106384277,0.8740789890289307,0.8444557189941406,0.21439462900161743,0.6379417777061462,0.9264847040176392,0.3388703763484955,0.24526602029800415,0.84803307056427,0.7114275693893433,0.9090535044670105,0.8809021711349487,0.48104870319366455,0.8817774057388306,0.5688973665237427,0.9232698082923889,0.8952600359916687,0.7892581224441528,0.867246150970459,1.0031718015670776,1.3415592547971755e-05,0.5413362383842468,0.911180853843689,0.8530987501144409,0.8889623880386353,0.8417252898216248,0.4602632522583008,0.3515675961971283,0.57920902967453,0.8401498794555664,0.9669897556304932,0.22012506425380707,0.44864895939826965,0.8253941535949707,0.8564691543579102,0.8800899982452393,0.8337007761001587,0.11678507924079895,0.19430726766586304,0.4550964832305908,0.40567588806152344,0.1489199548959732,0.7312641143798828,0.837094247341156,0.7794309854507446,0.8734788298606873,0.933213472366333
/p/project1/hai_1252/toulouse1/flexcraft/data/adapt/full_run/2026-06-28_12:18:30_adapt_full_run_c4/5EU6+MAVMAPRTLV+TLMSAMTNL+CAVWGAQKLV+CAGVDRNYGY_0_608.pdb,0.7921828031539917,0.46215689182281494,0.863550066947937,0.7679430246353149,0.8496443629264832,0.6637110710144043,0.8567373752593994,0.29469040036201477,0.7340242266654968,0.864143431186676,0.5534946918487549,0.5659734606742859,0.4343865215778351,0.8569346070289612,0.8533371090888977,0.7443614602088928,0.9445653557777405,0.8824407458305359,0.2187148779630661,0.85057133436203,0.9026088714599609,0.40068763494491577,0.8933361768722534,0.48493319749832153,0.5062145590782166,0.9710795283317566,0.8566777110099792,0.24865670502185822,0.9056400656700134,0.6211024522781372,0.3690145015716553,0.4527886211872101,0.6570153832435608,0.8719920516014099,0.3947214186191559,0.8833473324775696,0.6858532428741455,0.7557827234268188,0.7945734262466431,0.9105392694473267,0.30094021558761597,0.4245613217353821,0.4092501699924469,0.9505431652069092,0.5931304693222046,0.8217704892158508,0.8262741565704346,0.8719318509101868,0.544906735420227,0.3234086036682129,0.8532113432884216,0.5396485328674316,0.6832834482192993,0.8549237251281738,0.7693586945533752,0.8858145475387573,0.8317795395851135,0.2387946993112564,0.8611643314361572,0.16562937200069427,0.8533319234848022,0.8928126096725464,0.7432063817977905,0.7921244502067566,0.8436819314956665,0.5413329005241394,5.021622655476676e-06,0.8785763382911682,0.8411239981651306,0.900827944278717,0.7442629337310791,0.4344301223754883,0.4395279884338379,0.5147036910057068,0.8634458780288696,0.9086859822273254,0.6520781517028809,0.5180237293243408,0.7397820353507996,0.858186662197113,0.8669571280479431,0.8404523730278015,0.6223921179771423,0.5528662800788879,0.3239051103591919,0.5633803009986877,0.6431103944778442,0.7653653621673584,0.8411857485771179,0.6419219970703125,0.8531814813613892,0.8839449882507324
/p/project1/hai_1252/toulouse1/flexcraft/data/adapt/full_run/2026-06-28_12:18:30_adapt_full_run_c4/5EU6+MAVMAPRTLV+TLMSAMTNL+CAVWGAQKLV+CAGVDRNYGY_0_195.pdb,0.7981894016265869,0.9745061993598938,0.13337606191635132,0.7495387196540833,0.1012483462691307,0.6469953656196594,0.36209604144096375,0.8470646739006042,0.6713164448738098,0.3821648955345154,0.8999527096748352,0.8799514770507812,0.9538780450820923,0.0925590768456459,0.229900062084198,0.5935070514678955,0.44289523363113403,0.4385935366153717,0.8904772996902466,0.3659668564796448,0.15474851429462433,0.930007815361023,0.1501718908548355,0.9895856380462646,1.0277918577194214,0.28238534927368164,0.13934876024723053,0.8646677732467651,0.42186734080314636,0.9109347462654114,0.9112274050712585,0.849983811378479,1.0820993185043335,0.43856745958328247,0.9229640960693359,0.12089434266090393,0.9313235282897949,0.3215077221393585,0.4700121283531189,0.1997338831424713,0.8821458220481873,0.7979011535644531,0.9529051780700684,0.22939473390579224,0.9074953198432922,0.5271871089935303,0.41881662607192993,0.233427494764328,0.8410199284553528,0.867088258266449,0.1523384153842926,0.8325136303901672,0.9883841872215271,0.38555943965911865,0.6222484707832336,0.07139527052640915,0.1574338674545288,0.8593541383743286,0.15295183658599854,0.878471314907074,0.7017421722412109,0.11904318630695343,0.7080466151237488,0.31482231616973877,0.5692867040634155,0.9111827611923218,0.878574550151825,1.7432916138204746e-05,0.2973421812057495,0.16660918295383453,0.30038195848464966,0.9596013426780701,0.9343094229698181,0.7169079780578613,0.4810800552368164,0.2989175319671631,0.9874809384346008,1.0110557079315186,0.5722662806510925,0.14646747708320618,0.19183585047721863,0.18449458479881287,0.9384760856628418,0.8740827441215515,0.9255000352859497,1.027936339378357,0.9415706396102905,0.644765317440033,0.22305211424827576,0.5050070881843567,0.23659218847751617,0.3996918797492981
/p/project1/hai_1252/toulouse1/flexcraft/data/adapt/full_run/2026-06-28_12:18:30_adapt_full_run_c4/5EU6+MAVMAPRTLV+TLMSAMTNL+CAVWGAQKLV+CAGVDRNYGY_0_491.pdb,0.8323946595191956,0.9447103142738342,0.33672255277633667,0.7965654134750366,0.264760822057724,0.6315268874168396,0.48572465777397156,0.8266485929489136,0.6968826651573181,0.5569360256195068,0.8631538152694702,0.8554477095603943,0.8565384745597839,0.2899110019207001,0.4013304114341736,0.6901410222053528,0.6246212720870972,0.6011530160903931,0.8631583452224731,0.5327866077423096,0.3195066452026367,0.8444278240203857,0.2775041162967682,0.8858102560043335,0.9165617823600769,0.5138740539550781,0.2721337676048279,0.8453062772750854,0.5798797011375427,0.8457884192466736,0.8918743133544922,0.7963906526565552,0.952583909034729,0.5770254731178284,0.8503661155700684,0.3170185387134552,0.8084923028945923,0.42873498797416687,0.5791428089141846,0.3903682827949524,0.859961211681366,0.8029965758323669,0.9101904034614563,0.4713561534881592,0.8482238054275513,0.6568371653556824,0.4967302083969116,0.33225494623184204,0.8245364427566528,0.8543173670768738,0.3490888774394989,0.8038690090179443,0.9148141741752625,0.4706469178199768,0.6203246116638184,0.330280601978302,0.31956127285957336,0.8449814915657043,0.2982010245323181,0.8594247102737427,0.741739809513092,0.3209874629974365,0.7959418892860413,0.4245622456073761,0.6976661086082458,0.8530992269515991,0.841124415397644,0.29734423756599426,8.841580893204082e-06,0.32917308807373047,0.3407037854194641,0.858016848564148,0.8512312769889832,0.7349339127540588,0.5221239328384399,0.499222069978714,0.9111155867576599,0.892103910446167,0.6897532343864441,0.26502031087875366,0.17705024778842926,0.23564302921295166,0.8726865649223328,0.8422425985336304,0.8470667004585266,0.9286882281303406,0.8837476372718811,0.6776934266090393,0.21696792542934418,0.4966645836830139,0.1306036114692688,0.5739766955375671
/p/project1/hai_1252/toulouse1/flexcraft/data/adapt/full_run/2026-06-28_12:18:30_adapt_full_run_c4/5EU6+MAVMAPRTLV+TLMSAMTNL+CAVWGAQKLV+CAGVDRNYGY_0_582.pdb,0.772089421749115,0.9675887823104858,0.20168323814868927,0.7245694398880005,0.19963420927524567,0.6290716528892517,0.39771804213523865,0.849040150642395,0.6931412220001221,0.39158549904823303,0.873574435710907,0.8487371206283569,0.9690393209457397,0.16255317628383636,0.27874213457107544,0.5915567278862,0.4205685555934906,0.46974465250968933,0.9008884429931641,0.3981407582759857,0.16189821064472198,0.9403567314147949,0.1884574443101883,1.0086268186569214,1.0398718118667603,0.25130778551101685,0.17264381051063538,0.871208906173706,0.39839911460876465,0.8904787302017212,0.90994793176651,0.8572936654090881,1.0914808511734009,0.4867066740989685,0.9290950298309326,0.1607300341129303,0.9751439690589905,0.3751028776168823,0.5040081739425659,0.1723262518644333,0.9123191237449646,0.8095974326133728,0.9498536586761475,0.225452721118927,0.8814418911933899,0.5697928667068481,0.45613670349121094,0.23378027975559235,0.8133771419525146,0.8975769877433777,0.20778138935565948,0.8097414374351501,0.9653007388114929,0.4021952152252197,0.6447432637214661,0.14376290142536163,0.22745946049690247,0.864150881767273,0.1830848753452301,0.893358051776886,0.6858013868331909,0.11786328256130219,0.7207909822463989,0.3656887412071228,0.6161484122276306,0.8889642953872681,0.9008265733718872,0.16660895943641663,0.3291735053062439,1.2579766917042434e-05,0.36774271726608276,0.9786034226417542,0.9341064095497131,0.721831738948822,0.5032373666763306,0.3331499397754669,0.9698764085769653,1.0181397199630737,0.5831928253173828,0.1690308302640915,0.25835493206977844,0.20918945968151093,0.9133883118629456,0.8473989367485046,0.9459868669509888,1.0369337797164917,0.9114663600921631,0.6626864671707153,0.20097120106220245,0.5290694832801819,0.27958980202674866,0.3924587666988373
/p/project1/hai_1252/toulouse1/flexcraft/data/adapt/full_run/2026-06-28_12:18:30_adapt_full_run_c4/5EU6+MAVMAPRTLV+TLMSAMTNL+CAVWGAQKLV+CAGVDRNYGY_0_567.pdb,0.7393726706504822,0.8283653855323792,0.2855924367904663,0.7048444151878357,0.27805590629577637,0.6406439542770386,0.3646843135356903,0.7348961234092712,0.6358885765075684,0.4392664432525635,0.8504967093467712,0.8367676138877869,0.8232569098472595,0.2697836458683014,0.3105064332485199,0.5490716099739075,0.5273920893669128,0.44647225737571716,0.7658553719520569,0.4040438234806061,0.33106520771980286,0.8082446455955505,0.3054513931274414,0.8572813272476196,0.892907977104187,0.46869975328445435,0.2952416241168976,0.7419357299804688,0.4981386959552765,0.860517680644989,0.7836197018623352,0.747022807598114,0.9749243259429932,0.4265941083431244,0.8147938847541809,0.3182990252971649,0.8085082173347473,0.16883501410484314,0.45904842019081116,0.3954003155231476,0.7556485533714294,0.674953281879425,0.8173906207084656,0.43292689323425293,0.853649377822876,0.4865598976612091,0.4382762908935547,0.35213106870651245,0.8094481825828552,0.7455941438674927,0.302205353975296,0.7628539204597473,0.9329376220703125,0.4486313760280609,0.6312252879142761,0.329665869474411,0.2415526807308197,0.7463984489440918,0.3172317445278168,0.7532760500907898,0.6507383584976196,0.34851309657096863,0.666816234588623,0.3069658577442169,0.5267960429191589,0.8417249917984009,0.7442631721496582,0.30038708448410034,0.34070640802383423,0.36774224042892456,7.512567663070513e-06,0.8334971070289612,0.8046222925186157,0.6250507831573486,0.5580012202262878,0.38311848044395447,0.9167576432228088,0.8876857161521912,0.5062289834022522,0.30003178119659424,0.299919456243515,0.3209930956363678,0.8834846615791321,0.7996164560317993,0.7839619517326355,0.9088656902313232,0.8924115300178528,0.6414620876312256,0.3316517174243927,0.4075687825679779,0.3077918589115143,0.46314606070518494
/p/project1/hai_1252/toulouse1/flexcraft/data/adapt/full_run/2026-06-28_12:18:30_adapt_full_run_c4/5EU6+MAVMAPRTLV+TLMSAMTNL+CAVWGAQKLV+CAGVDRNYGY_0_464.pdb,0.9350633025169373,0.4873901605606079,0.9691573977470398,0.9157977104187012,0.9211373925209045,0.6410313248634338,0.9682179689407349,0.4252091348171234,0.7535775899887085,0.9944137334823608,0.5375382900238037,0.5630712509155273,0.08986551314592361,0.9431190490722656,0.9773029685020447,0.8618295788764954,1.062075138092041,1.0106258392333984,0.4768029749393463,0.9763314723968506,0.9693056344985962,0.2201402336359024,0.9432891011238098,0.2664742171764374,0.25237157940864563,1.0969487428665161,0.9199691414833069,0.4605588912963867,1.0070558786392212,0.504707396030426,0.4856012761592865,0.39153656363487244,0.37767165899276733,0.994497537612915,0.25521206855773926,0.96397465467453,0.5385547876358032,0.8837152123451233,0.9383894801139832,0.9980456233024597,0.5493529438972473,0.663478672504425,0.44515812397003174,1.0670298337936401,0.4956146478652954,0.9881089925765991,0.8890425562858582,0.9244933724403381,0.5630452632904053,0.5654885768890381,0.9631272554397583,0.5498438477516174,0.517654538154602,0.9113150835037231,0.7554236054420471,0.9750335216522217,0.914112389087677,0.4899445176124573,0.9338424205780029,0.5121630430221558,1.027786374092102,0.9693301320075989,0.8347864151000977,0.9037994146347046,1.0195823907852173,0.4602639973163605,0.43442869186401367,0.9596015810966492,0.8580155372619629,0.9786057472229004,0.8334957957267761,1.0805199963215273e-05,0.37970951199531555,0.5722396969795227,0.8956530690193176,1.0306928157806396,0.4925813674926758,0.30169403553009033,0.8762685060501099,0.9209321141242981,0.9166088104248047,0.8990809917449951,0.503890335559845,0.5191112756729126,0.30095019936561584,0.31445661187171936,0.5438288450241089,0.7864941358566284,0.8883893489837646,0.7926053404808044,0.8915289640426636,1.0128052234649658
/p/project1/hai_1252/toulouse1/flexcraft/data/adapt/full_run/2026-06-28_12:18:30_adapt_full_run_c4/5EU6+MAVMAPRTLV+TLMSAMTNL+CAVWGAQKLV+CAGVDRNYGY_0_279.pdb,0.7954045534133911,0.4602530002593994,0.9301000833511353,0.7656398415565491,0.907322347164154,0.5927597880363464,0.9160951375961304,0.3976117670536041,0.7897642850875854,0.9472867846488953,0.41718852519989014,0.42379260063171387,0.3497859239578247,0.9078958630561829,0.9393606781959534,0.8237625360488892,1.0002628564834595,0.9559967517852783,0.4322960674762726,0.9317947030067444,0.9296525716781616,0.25754988193511963,0.9182523488998413,0.38460901379585266,0.3579237759113312,1.0291438102722168,0.883163332939148,0.4204195737838745,0.9517280459403992,0.3824789226055145,0.391130656003952,0.29710713028907776,0.4265473783016205,0.9574311971664429,0.3008575439453125,0.9234820604324341,0.6034097075462341,0.8390969634056091,0.8816413879394531,0.9478875398635864,0.5483468174934387,0.5304690003395081,0.38938695192337036,1.0100973844528198,0.3988022804260254,0.915299654006958,0.8596152663230896,0.8824630975723267,0.4460046589374542,0.5658018589019775,0.9260930418968201,0.3530714213848114,0.4261351227760315,0.8641601204872131,0.7805988788604736,0.9398393630981445,0.8878087997436523,0.42603588104248047,0.9095009565353394,0.46933212876319885,0.8690499663352966,0.934678316116333,0.8496249914169312,0.8684220314025879,0.9513375759124756,0.35156863927841187,0.4395231008529663,0.9343087673187256,0.8512288928031921,0.9341034889221191,0.8046243786811829,0.379710853099823,6.686229880870087e-06,0.5336440801620483,0.8833252787590027,0.9684199094772339,0.42520850896835327,0.24366168677806854,0.8384416699409485,0.8823824524879456,0.8932382464408875,0.8557683825492859,0.4160875380039215,0.39407268166542053,0.3157719075679779,0.394655704498291,0.4412938058376312,0.8077670335769653,0.8558550477027893,0.6932410001754761,0.8787758350372314,0.9579501748085022
/p/project1/hai_1252/toulouse1/flexcraft/data/adapt/full_run/2026-06-28_12:18:30_adapt_full_run_c4/5EU6+MAVMAPRTLV+TLMSAMTNL+CAVWGAQKLV+CAGVDRNYGY_0_494.pdb,0.7935221791267395,0.585360050201416,0.7046482563018799,0.7427852153778076,0.6960183382034302,0.5152606964111328,0.6420065760612488,0.46274760365486145,0.5795644521713257,0.6576424241065979,0.5951592326164246,0.5698028802871704,0.562122642993927,0.6966382265090942,0.7156707048416138,0.5538070797920227,0.709642231464386,0.6530734896659851,0.5517316460609436,0.653407633304596,0.7311003804206848,0.5065440535545349,0.693466067314148,0.5847621560096741,0.6410844922065735,0.7913771867752075,0.6980785131454468,0.5000711679458618,0.6764200329780579,0.572094738483429,0.553280770778656,0.4180767834186554,0.7192575335502625,0.6609165668487549,0.5355855822563171,0.7227818369865417,0.7270307540893555,0.6140439510345459,0.6478697061538696,0.740332841873169,0.5589251518249512,0.5537494421005249,0.5969403386116028,0.7690627574920654,0.5974925756454468,0.6470327377319336,0.5983176231384277,0.7217735648155212,0.5385736227035522,0.53603595495224,0.7018384337425232,0.4854135811328888,0.6554909944534302,0.6332221627235413,0.5963406562805176,0.7217128276824951,0.6709773540496826,0.5124949812889099,0.6979233026504517,0.5467430353164673,0.8593640327453613,0.7262377142906189,0.5724422335624695,0.6244567632675171,0.6786089539527893,0.579208254814148,0.5147051215171814,0.7169079780578613,0.7349355220794678,0.721831738948822,0.6250513195991516,0.5722385048866272,0.5336437225341797,1.861032251326833e-05,0.682012677192688,0.6954748034477234,0.6605486869812012,0.6176784038543701,0.552606463432312,0.7106851935386658,0.7171895503997803,0.7174819111824036,0.6318460702896118,0.5407360196113586,0.5600438117980957,0.6547094583511353,0.6374434232711792,0.5802043080329895,0.6978912949562073,0.6791657209396362,0.7173829674720764,0.6662883162498474
/p/project1/hai_1252/toulouse1/flexcraft/data/adapt/full_run/2026-06-28_12:18:30_adapt_full_run_c4/5EU6+MAVMAPRTLV+TLMSAMTNL+CAVWGAQKLV+CAGVDRNYGY_0_492.pdb,0.78406822681427,0.9450785517692566,0.5228508710861206,0.7233412861824036,0.4897107779979706,0.5409706234931946,0.49735841155052185,0.8273556232452393,0.4765065908432007,0.543099582195282,0.8370190858840942,0.8185462355613708,0.8875709176063538,0.49704742431640625,0.5744146108627319,0.5235179662704468,0.5974522829055786,0.5620489120483398,0.8766317963600159,0.5151609182357788,0.4651504158973694,0.8762008547782898,0.4969763159751892,0.9244889616966248,0.959859311580658,0.5800930261611938,0.48052021861076355,0.8551256060600281,0.5593080520629883,0.8315490484237671,0.8996798396110535,0.809111475944519,0.996703565120697,0.592877984046936,0.8642308115959167,0.47348570823669434,0.8014287948608398,0.5859728455543518,0.4557306170463562,0.5057083964347839,0.8718889951705933,0.7523851990699768,0.9219105839729309,0.5648583769798279,0.8278940320014954,0.670846164226532,0.3748116195201874,0.47620847821235657,0.7872363328933716,0.8567911982536316,0.5276382565498352,0.7806277275085449,0.8879061341285706,0.3099600374698639,0.37404969334602356,0.4850863218307495,0.5047561526298523,0.8440670967102051,0.49830687046051025,0.8724532127380371,0.759221613407135,0.4799327552318573,0.5914584994316101,0.5490869879722595,0.7255867123603821,0.8401495814323425,0.8634458184242249,0.4810795783996582,0.5221235752105713,0.5032352805137634,0.5579991936683655,0.8956570625305176,0.8833230137825012,0.6820125579833984,6.345718247757759e-06,0.4689937233924866,0.9054737091064453,0.9395681619644165,0.5488970279693604,0.4786117672920227,0.5017377734184265,0.4772988557815552,0.8550946712493896,0.812892735004425,0.8926772475242615,0.9535560011863708,0.867262601852417,0.44155964255332947,0.5083826780319214,0.634125828742981,0.5074208378791809,0.5582196712493896
/p/project1/hai_1252/toulouse1/flexcraft/data/adapt/full_run/2026-06-28_12:18:30_adapt_full_run_c4/5EU6+MAVMAPRTLV+TLMSAMTNL+CAVWGAQKLV+CAGVDRNYGY_0_527.pdb,0.7838839888572693,0.9814941883087158,0.29722535610198975,0.7202445268630981,0.3364500403404236,0.6634406447410583,0.2446855753660202,0.8703163862228394,0.6527032852172852,0.2899450957775116,0.9511458277702332,0.9219408631324768,1.0181586742401123,0.3077690601348877,0.33161160349845886,0.521295964717865,0.354293555021286,0.3047896921634674,0.9114251732826233,0.2666350305080414,0.3248806893825531,0.9782896041870117,0.3512537479400635,1.0487910509109497,1.0842769145965576,0.3211888372898102,0.3527858853340149,0.8834159970283508,0.3500845432281494,0.9663575291633606,0.9229426383972168,0.8754068613052368,1.1606569290161133,0.35515081882476807,0.9810532331466675,0.3142097592353821,0.9731101393699646,0.3416401445865631,0.38116583228111267,0.3348845839500427,0.9019526839256287,0.7466317415237427,0.976061224937439,0.30388832092285156,0.9661552906036377,0.4078958034515381,0.36472824215888977,0.38209545612335205,0.8863850235939026,0.8864766359329224,0.30381056666374207,0.8433735370635986,1.0472999811172485,0.3512614369392395,0.636803150177002,0.29354268312454224,0.2966691851615906,0.8768076300621033,0.33359652757644653,0.896237850189209,0.6555065512657166,0.3227391541004181,0.6466821432113647,0.33233773708343506,0.46111273765563965,0.9669893383979797,0.9086858630180359,0.29891031980514526,0.4992259740829468,0.33314937353134155,0.38311895728111267,1.030693769454956,0.9684193134307861,0.6954745650291443,0.4689948856830597,1.6234669601544738e-05,1.0521326065063477,1.0703675746917725,0.4834566116333008,0.35039129853248596,0.40372443199157715,0.392075777053833,1.0013329982757568,0.9092180728912354,0.9736047387123108,1.1012262105941772,1.0015267133712769,0.6263408660888672,0.40783047676086426,0.5028020739555359,0.43708786368370056,0.30711549520492554
/p/project1/hai_1252/toulouse1/flexcraft/data/adapt/full_run/2026-06-28_12:18:30_adapt_full_run_c4/5EU6+MAVMAPRTLV+TLMSAMTNL+CAVWGAQKLV+CAGVDRNYGY_0_549.pdb,0.8921612501144409,0.6346218585968018,1.0148528814315796,0.850641667842865,0.971729040145874,0.5258811116218567,1.0249584913253784,0.5468394160270691,0.7707375884056091,1.0165753364562988,0.3649009168148041,0.3354492783546448,0.4820125699043274,0.9763090014457703,1.0545175075531006,0.8831610679626465,1.031424880027771,1.0464471578598022,0.6669793725013733,1.0154255628585815,0.96286541223526,0.5052154064178467,0.9539915919303894,0.5714744329452515,0.5803315043449402,1.0695514678955078,0.9322690367698669,0.6313601732254028,0.9860118627548218,0.21828341484069824,0.6176059246063232,0.4597582519054413,0.43264448642730713,1.054504632949829,0.4067881107330322,0.9780684113502502,0.7373692989349365,0.9724172949790955,1.0211374759674072,0.9898015260696411,0.7563744187355042,0.8070739507675171,0.5821138620376587,1.0551718473434448,0.19246606528759003,1.0445442199707031,0.9351750016212463,0.9123305082321167,0.3774602711200714,0.743678629398346,1.0182052850723267,0.4725962281227112,0.1824672520160675,0.9112560153007507,0.7448597550392151,0.9908984303474426,0.9571034908294678,0.6245946884155273,0.9607343077659607,0.7079806923866272,1.0420421361923218,0.9767725467681885,0.8623087406158447,0.9342380166053772,1.0881145000457764,0.22012320160865784,0.6520800590515137,0.9874822497367859,0.9111155867576599,0.9698787927627563,0.9167584180831909,0.4925821125507355,0.4252084195613861,0.6605473160743713,0.9054758548736572,1.0521323680877686,6.1960413404449355e-06,0.4594809114933014,0.9211493134498596,0.9327571392059326,0.9479072093963623,0.9055728912353516,0.1586238145828247,0.33420634269714355,0.5552123785018921,0.3392592966556549,0.16851088404655457,0.765716552734375,0.9096465110778809,0.869428277015686,0.9397557377815247,1.0172039270401
/p/project1/hai_1252/toulouse1/flexcraft/data/adapt/full_run/2026-06-28_12:18:30_adapt_full_run_c4/5EU6+MAVMAPRTLV+TLMSAMTNL+CAVWGAQKLV+CAGVDRNYGY_0_359.pdb,0.9361981749534607,0.5558719038963318,1.0218766927719116,0.9096019268035889,0.9747565388679504,0.6681547164916992,1.0137007236480713,0.49983876943588257,0.842729389667511,1.0555447340011597,0.5352487564086914,0.5546116828918457,0.30421024560928345,0.9914263486862183,1.0333240032196045,0.9407557845115662,1.1157146692276,1.0687682628631592,0.5457682609558105,1.0374925136566162,1.007707118988037,0.25142213702201843,0.990526020526886,0.306559294462204,0.26269423961639404,1.1376667022705078,0.9591636657714844,0.5365434288978577,1.0591472387313843,0.4346390962600708,0.5371258854866028,0.3885100781917572,0.2489425092935562,1.0637741088867188,0.3559052050113678,1.0088118314743042,0.5315805077552795,0.9462859034538269,0.9936039447784424,1.0381025075912476,0.627778172492981,0.6539765000343323,0.49114295840263367,1.1118310689926147,0.4732331931591034,1.027131199836731,0.9417098164558411,0.9610533118247986,0.5745981335639954,0.6440688967704773,1.0139557123184204,0.497457891702652,0.4433157444000244,0.9436463713645935,0.8135018944740295,1.023099660873413,0.9737524390220642,0.5503683686256409,0.9777817726135254,0.5798924565315247,0.9980316162109375,1.013985514640808,0.9388107657432556,0.9631825089454651,1.062905192375183,0.44864535331726074,0.5180225968360901,1.0110559463500977,0.8921013474464417,1.0181421041488647,0.8876851201057434,0.30169326066970825,0.2436605840921402,0.6176797747612,0.9395670294761658,1.0703701972961426,0.45948123931884766,2.1843716240255162e-05,0.9626756310462952,0.9593315124511719,0.9582437872886658,0.9300951361656189,0.4771367013454437,0.5287224054336548,0.3914509415626526,0.34420084953308105,0.5098779201507568,0.8599589467048645,0.9212355017662048,0.7915269136428833,0.9324915409088135,1.0703065395355225
/p/project1/hai_1252/toulouse1/flexcraft/data/adapt/full_run/2026-06-28_12:18:30_adapt_full_run_c4/5EU6+MAVMAPRTLV+TLMSAMTNL+CAVWGAQKLV+CAGVDRNYGY_0_222.pdb,0.5990748405456543,0.7883332371711731,0.5409019589424133,0.5619266629219055,0.5829802751541138,0.5922062993049622,0.4545585811138153,0.7083709239959717,0.49595069885253906,0.3809587061405182,0.806187093257904,0.7796940803527832,0.8540137410163879,0.5598894953727722,0.5555393695831299,0.17640715837478638,0.44004935026168823,0.36666426062583923,0.7400520443916321,0.37491247057914734,0.5740610361099243,0.8354513049125671,0.5910042524337769,0.9094877243041992,0.9508268237113953,0.5912120342254639,0.5752220749855042,0.7125294208526611,0.4306127429008484,0.8689306974411011,0.7430617809295654,0.7481293678283691,1.0605758428573608,0.4068865478038788,0.7987639904022217,0.5639439821243286,0.9164759516716003,0.43346405029296875,0.3545342683792114,0.5920848846435547,0.7459297776222229,0.6410619020462036,0.8106951713562012,0.5920432806015015,0.8439149260520935,0.5811607837677002,0.3882753252983093,0.5980935096740723,0.750278115272522,0.7301348447799683,0.5640923380851746,0.733444333076477,0.923757016658783,0.446567177772522,0.5987111926078796,0.5687260031700134,0.5124707221984863,0.7122276425361633,0.6009693741798401,0.7328243851661682,0.7582268118858337,0.5818240642547607,0.4122370481491089,0.4670597016811371,0.6261537075042725,0.8253952860832214,0.7397807836532593,0.572275698184967,0.6897515058517456,0.5831912755966187,0.5062294006347656,0.8762688040733337,0.8384441137313843,0.5526062846183777,0.5489028692245483,0.48345711827278137,0.9211506247520447,0.9626749157905579,8.002619324543048e-06,0.5909522175788879,0.6286592483520508,0.6108156442642212,0.8773173689842224,0.7456153035163879,0.8036272525787354,0.9386223554611206,0.8854489922523499,0.5248850584030151,0.6219930648803711,0.6302552223205566,0.6504390239715576,0.3880167305469513
/p/project1/hai_1252/toulouse1/flexcraft/data/adapt/full_run/2026-06-28_12:18:30_adapt_full_run_c4/5EU6+MAVMAPRTLV+TLMSAMTNL+CAVWGAQKLV+CAGVDRNYGY_0_546.pdb,0.7579382061958313,0.925525426864624,0.19161836802959442,0.7119251489639282,0.17035435140132904,0.6097148060798645,0.4196229577064514,0.810871958732605,0.6685048341751099,0.43113067746162415,0.8469161987304688,0.824728786945343,0.9100558161735535,0.1249174252152443,0.26917847990989685,0.6022548675537109,0.4767334759235382,0.4933268129825592,0.8573046326637268,0.42138561606407166,0.12951426208019257,0.8908512592315674,0.1852642297744751,0.9521859288215637,0.9742952585220337,0.2923191487789154,0.15348513424396515,0.8325799107551575,0.4402599334716797,0.8612716794013977,0.8693454265594482,0.8175346255302429,1.0331292152404785,0.5032707452774048,0.885221004486084,0.12413148581981659,0.9003204107284546,0.3460805416107178,0.4932730197906494,0.17264637351036072,0.8564400672912598,0.7638587355613708,0.896614134311676,0.25956565141677856,0.8505039215087891,0.5681729912757874,0.4447828233242035,0.18342325091362,0.7980829477310181,0.8415972590446472,0.19969609379768372,0.7791112065315247,0.9300714731216431,0.38734155893325806,0.6138998866081238,0.140146404504776,0.1868956834077835,0.8283900022506714,0.15831026434898376,0.8532108068466187,0.6449211239814758,0.1346902847290039,0.7192703485488892,0.3647712469100952,0.6143209338188171,0.8564690947532654,0.8581863045692444,0.14646226167678833,0.2650194466114044,0.16903413832187653,0.30003097653388977,0.9209346175193787,0.882382333278656,0.710684061050415,0.47860974073410034,0.35039156675338745,0.9327586889266968,0.9593290090560913,0.5909479856491089,7.066794751153793e-06,0.20535963773727417,0.12163636088371277,0.8810396790504456,0.8201122879981995,0.8876809477806091,0.9865436553955078,0.8838561773300171,0.6474429368972778,0.15897910296916962,0.46695858240127563,0.23102588951587677,0.4420555531978607
/p/project1/hai_1252/toulouse1/flexcraft/data/adapt/full_run/2026-06-28_12:18:30_adapt_full_run_c4/5EU6+MAVMAPRTLV+TLMSAMTNL+CAVWGAQKLV+CAGVDRNYGY_0_298.pdb,0.825992226600647,0.9665011763572693,0.22862815856933594,0.7850345969200134,0.17447106540203094,0.6450421214103699,0.42112934589385986,0.8393747806549072,0.6929379105567932,0.4680018723011017,0.8799636960029602,0.8643366694450378,0.9113733768463135,0.18721652030944824,0.3134635388851166,0.6496977210044861,0.5263028144836426,0.5161936283111572,0.8853164911270142,0.4495108425617218,0.24042053520679474,0.8931819796562195,0.16414400935173035,0.9461605548858643,0.9837532639503479,0.4054619371891022,0.19636090099811554,0.8608506917953491,0.4944148659706116,0.8736109137535095,0.9054645895957947,0.8175029754638672,1.0252093076705933,0.4945300221443176,0.8905450105667114,0.22962529957294464,0.8858165740966797,0.35686105489730835,0.5252418518066406,0.3025439977645874,0.8754341006278992,0.8156728148460388,0.9398691058158875,0.35652175545692444,0.8754437565803528,0.5873453617095947,0.4456721544265747,0.28521278500556946,0.8285123705863953,0.8645642399787903,0.2537737786769867,0.8145071864128113,0.9544109106063843,0.42369940876960754,0.6249344348907471,0.22952266037464142,0.22628436982631683,0.8602819442749023,0.22037151455879211,0.87671959400177,0.7340967655181885,0.23232118785381317,0.7618764042854309,0.35284942388534546,0.6270756125450134,0.880088746547699,0.8669559359550476,0.19183623790740967,0.1770513355731964,0.2583531141281128,0.29991722106933594,0.9166064858436584,0.8932353854179382,0.7171913981437683,0.5017373561859131,0.40372127294540405,0.9479087591171265,0.9582428336143494,0.6286665201187134,0.2053545117378235,1.434178830095334e-05,0.20993322134017944,0.9036402106285095,0.852529764175415,0.8888987898826599,0.9815162420272827,0.9092733263969421,0.6663873195648193,0.21831125020980835,0.5124577879905701,0.10047965496778488,0.48174813389778137
/p/project1/hai_1252/toulouse1/flexcraft/data/adapt/full_run/2026-06-28_12:18:30_adapt_full_run_c4/5EU6+MAVMAPRTLV+TLMSAMTNL+CAVWGAQKLV+CAGVDRNYGY_0_560.pdb,0.7509374022483826,0.9338327646255493,0.22700409591197968,0.7024258971214294,0.20323888957500458,0.5949904322624207,0.42770588397979736,0.8100694417953491,0.6519124507904053,0.46185630559921265,0.8301138877868652,0.8112272024154663,0.8916598558425903,0.1703944206237793,0.30094075202941895,0.6081585884094238,0.5154580473899841,0.5122690200805664,0.8504993915557861,0.4437686502933502,0.18220458924770355,0.8685027956962585,0.20985963940620422,0.9292689561843872,0.9571266770362854,0.35796913504600525,0.13631030917167664,0.8304492831230164,0.4779667556285858,0.8373848795890808,0.8659685254096985,0.8037387132644653,1.0002981424331665,0.5133854746818542,0.8568756580352783,0.1689779907464981,0.8570356369018555,0.36893415451049805,0.5025151371955872,0.24322590231895447,0.8563058376312256,0.7620502710342407,0.8963444232940674,0.33308738470077515,0.8296996355056763,0.5830473899841309,0.4489774703979492,0.2114599049091339,0.7811397910118103,0.847326397895813,0.24030065536499023,0.7741193175315857,0.9046483635902405,0.39706283807754517,0.5905625820159912,0.1892400085926056,0.22574211657047272,0.8227943778038025,0.22377635538578033,0.8456113934516907,0.6607750058174133,0.18070092797279358,0.7187807559967041,0.3608226776123047,0.6286343932151794,0.8336989879608154,0.8404527902603149,0.18449555337429047,0.235647052526474,0.20918777585029602,0.32099318504333496,0.8990811109542847,0.8557713627815247,0.7174810767173767,0.47730040550231934,0.39207154512405396,0.9055710434913635,0.9300938248634338,0.6108167767524719,0.12163849174976349,0.20993562042713165,1.2119080565753393e-05,0.8573543429374695,0.8086251020431519,0.8651469945907593,0.9525526762008667,0.863095760345459,0.6293091177940369,0.186374694108963,0.4609358310699463,0.22698569297790527,0.47329747676849365
/p/project1/hai_1252/toulouse1/flexcraft/data/adapt/full_run/2026-06-28_12:18:30_adapt_full_run_c4/5EU6+MAVMAPRTLV+TLMSAMTNL+CAVWGAQKLV+CAGVDRNYGY_0_487.pdb,0.8378645777702332,0.6132779717445374,0.9634532332420349,0.7984859347343445,0.9235568642616272,0.4838925004005432,0.98711097240448,0.5046311616897583,0.7437441945075989,0.9688621759414673,0.2640480399131775,0.22996792197227478,0.48401811718940735,0.9258526563644409,1.003585934638977,0.8417928218841553,0.9860469698905945,1.0100451707839966,0.6171545386314392,0.9702793955802917,0.9105179309844971,0.4893124997615814,0.9092856049537659,0.5773844122886658,0.5808405876159668,1.0047614574432373,0.8833281993865967,0.5842317342758179,0.9415703415870667,0.16255497932434082,0.5678648352622986,0.4317049980163574,0.490875244140625,1.0238125324249268,0.3866221308708191,0.9257197976112366,0.7522286176681519,0.9329298734664917,0.9766117334365845,0.9303848743438721,0.7183916568756104,0.7578403353691101,0.5502908825874329,0.9941586256027222,0.07024142146110535,1.008969783782959,0.9043781161308289,0.8629450798034668,0.27693212032318115,0.7098164558410645,0.9647248983383179,0.3995513617992401,0.17398393154144287,0.8693252205848694,0.7163498401641846,0.9368941187858582,0.9130041599273682,0.5707322359085083,0.9073344469070435,0.6582956314086914,0.9776210188865662,0.9205249547958374,0.8268827199935913,0.9021371603012085,1.0536073446273804,0.11678446829319,0.622392475605011,0.9384782910346985,0.8726820349693298,0.9133878946304321,0.8834872841835022,0.5038884878158569,0.4160877764225006,0.6318460702896118,0.8550955653190613,1.0013349056243896,0.15862344205379486,0.4771353304386139,0.8773157596588135,0.8810389637947083,0.9036394357681274,0.8573545813560486,2.081124512187671e-05,0.2522181570529938,0.5372412800788879,0.4114447832107544,0.08390730619430542,0.7428484559059143,0.8603824377059937,0.8277590870857239,0.8968080878257751,0.9698622226715088
/p/project1/hai_1252/toulouse1/flexcraft/data/adapt/full_run/2026-06-28_12:18:30_adapt_full_run_c4/5EU6+MAVMAPRTLV+TLMSAMTNL+CAVWGAQKLV+CAGVDRNYGY_0_394.pdb,0.7215327620506287,0.48119112849235535,0.8791884779930115,0.6890947222709656,0.8640258312225342,0.4767530858516693,0.8946965932846069,0.4012276828289032,0.712568461894989,0.8683226108551025,0.22389401495456696,0.18936187028884888,0.4797804355621338,0.8535498976707458,0.9087496399879456,0.7273756265640259,0.8856104612350464,0.9081587791442871,0.5137035846710205,0.8724481463432312,0.8496398329734802,0.46790623664855957,0.8506950736045837,0.5908125042915344,0.5812602639198303,0.9129665493965149,0.8253399729728699,0.47139185667037964,0.8487948179244995,0.30879464745521545,0.42838311195373535,0.3839106261730194,0.6140909194946289,0.9258083701133728,0.3668709397315979,0.8577672839164734,0.7862852811813354,0.8243944644927979,0.8620622158050537,0.8592953085899353,0.6395473480224609,0.6480288505554199,0.44383731484413147,0.9049600958824158,0.22171650826931,0.9168317317962646,0.8280548453330994,0.8037959337234497,0.22610849142074585,0.6360392570495605,0.8829485177993774,0.3063594400882721,0.3491758406162262,0.8076584339141846,0.7169337868690491,0.8683309555053711,0.8378323912620544,0.45987793803215027,0.8477426171302795,0.556267499923706,0.8574250340461731,0.8579770922660828,0.7497484683990479,0.83201003074646,0.9595617055892944,0.19431298971176147,0.5528662800788879,0.8740867972373962,0.842248260974884,0.8474031686782837,0.7996163368225098,0.5191081762313843,0.3940763473510742,0.5407399535179138,0.8128939270973206,0.9092199802398682,0.33421048521995544,0.5287215709686279,0.745614767074585,0.8201091289520264,0.8525305986404419,0.8086304068565369,0.252217173576355,4.889603133051423e-06,0.4786098897457123,0.49640342593193054,0.25913286209106445,0.725551426410675,0.8059148788452148,0.7464321255683899,0.8496658205986023,0.8683834075927734
/p/project1/hai_1252/toulouse1/flexcraft/data/adapt/full_run/2026-06-28_12:18:30_adapt_full_run_c4/5EU6+MAVMAPRTLV+TLMSAMTNL+CAVWGAQKLV+CAGVDRNYGY_0_431.pdb,0.8419956564903259,0.4396096467971802,0.9080817103385925,0.8233572840690613,0.891843855381012,0.6456810832023621,0.9042084217071533,0.3601413369178772,0.7785728573799133,0.9396017789840698,0.5058386921882629,0.5151314735412598,0.2744525969028473,0.8980425596237183,0.9045280814170837,0.807839572429657,1.0130655765533447,0.9446470737457275,0.33368369936943054,0.9197077751159668,0.9453336000442505,0.2727779448032379,0.9212347269058228,0.38839149475097656,0.3732779622077942,1.0373696088790894,0.8904719948768616,0.3391880691051483,0.9665656089782715,0.5473729372024536,0.32749855518341064,0.34767258167266846,0.5551203489303589,0.9273732900619507,0.256864458322525,0.9240373969078064,0.6180933713912964,0.8045228719711304,0.8516144156455994,0.9572821259498596,0.4436810314655304,0.5398931503295898,0.36399024724960327,1.011093020439148,0.5144450664520264,0.9014498591423035,0.8570536971092224,0.902551531791687,0.5106563568115234,0.47720178961753845,0.9042899012565613,0.4820593595504761,0.5956622958183289,0.8887571096420288,0.7982466816902161,0.9378402233123779,0.8700835108757019,0.3653687536716461,0.909805953502655,0.36275115609169006,0.9111587405204773,0.9404209852218628,0.8176128268241882,0.8512933850288391,0.9240521192550659,0.4550974667072296,0.3239063620567322,0.9254969954490662,0.8470675349235535,0.9459885954856873,0.7839617133140564,0.30094948410987854,0.31577178835868835,0.5600413084030151,0.8926812410354614,0.9736027717590332,0.5552130937576294,0.39144960045814514,0.8036266565322876,0.8876787424087524,0.8888967037200928,0.8651415109634399,0.5372406244277954,0.4786098301410675,3.1300336559070274e-05,0.44811490178108215,0.5681791305541992,0.8147367835044861,0.8623237013816833,0.7043567299842834,0.8742423057556152,0.9564881920814514
/p/project1/hai_1252/toulouse1/flexcraft/data/adapt/full_run/2026-06-28_12:18:30_adapt_full_run_c4/5EU6+MAVMAPRTLV+TLMSAMTNL+CAVWGAQKLV+CAGVDRNYGY_0_450.pdb,0.9599454402923584,0.5913263559341431,1.048321008682251,0.9338307976722717,0.9986143112182617,0.6451650857925415,1.0373286008834839,0.5286008715629578,0.7765670418739319,1.0578782558441162,0.5342140793800354,0.534170389175415,0.33146125078201294,1.014840841293335,1.0685889720916748,0.9101757407188416,1.100484013557434,1.069739818572998,0.6153297424316406,1.044560432434082,1.024011254310608,0.4042969048023224,0.9974753856658936,0.42132243514060974,0.45176607370376587,1.1598970890045166,0.9732102751731873,0.5918049812316895,1.0502947568893433,0.4248047173023224,0.6014730334281921,0.4757675528526306,0.30401191115379333,1.0552858114242554,0.34565797448158264,1.029219388961792,0.6152427196502686,0.9664739370346069,1.0249019861221313,1.0627721548080444,0.6918635964393616,0.7855349183082581,0.556404709815979,1.1345051527023315,0.430776983499527,1.0624034404754639,0.9461138844490051,0.9731082320213318,0.5545130372047424,0.6903760433197021,1.0474480390548706,0.6018375158309937,0.40103644132614136,0.9612368941307068,0.7808991074562073,1.0426125526428223,0.9833595156669617,0.6031719446182251,1.0113327503204346,0.6523941159248352,1.1095906496047974,1.034635066986084,0.869565486907959,0.9606472849845886,1.098500370979309,0.4056780934333801,0.5633799433708191,1.0279356241226196,0.928690493106842,1.0369337797164917,0.9088656902313232,0.31445634365081787,0.3946629464626312,0.6547083258628845,0.9535552263259888,1.1012251377105713,0.3392591178417206,0.3442061245441437,0.9386210441589355,0.9865431785583496,0.9815150499343872,0.9525530934333801,0.4114474654197693,0.4963997006416321,0.4481242895126343,1.3961805052531417e-05,0.44696903228759766,0.7982321381568909,0.9639928340911865,0.8761125802993774,0.9637426733970642,1.068065881729126
/p/project1/hai_1252/toulouse1/flexcraft/data/adapt/full_run/2026-06-28_12:18:30_adapt_full_run_c4/5EU6+MAVMAPRTLV+TLMSAMTNL+CAVWGAQKLV+CAGVDRNYGY_0_402.pdb,0.8458702564239502,0.6257727742195129,0.9654040932655334,0.8019872307777405,0.9284168481826782,0.49599120020866394,0.9913235306739807,0.5131203532218933,0.7686160802841187,0.9705041646957397,0.2788810729980469,0.23045116662979126,0.5267271399497986,0.9282018542289734,1.0052337646484375,0.853018581867218,0.9792591333389282,1.013323187828064,0.6382653117179871,0.976362407207489,0.9125708341598511,0.5275776386260986,0.9108468890190125,0.6186425089836121,0.6210336089134216,0.9980313777923584,0.8867181539535522,0.5978831052780151,0.9376469254493713,0.17922969162464142,0.5831456184387207,0.45739683508872986,0.5238010883331299,1.0295668840408325,0.4324135482311249,0.9287847280502319,0.7944633364677429,0.9393727779388428,0.9861152768135071,0.9283348917961121,0.7369382381439209,0.7741059064865112,0.5640023946762085,0.9879485964775085,0.08491987735033035,1.0099339485168457,0.913374125957489,0.8673630356788635,0.27266064286231995,0.7232635617256165,0.9663034081459045,0.4074845016002655,0.20417571067810059,0.8756923079490662,0.7370787262916565,0.9388706088066101,0.9182276725769043,0.584562361240387,0.9077410101890564,0.6762423515319824,0.9753910303115845,0.9222133159637451,0.8433381915092468,0.907668948173523,1.0533626079559326,0.14891870319843292,0.6431116461753845,0.9415731430053711,0.8837512731552124,0.9114652872085571,0.8924133777618408,0.5438297986984253,0.44129180908203125,0.6374437212944031,0.8672615885734558,1.001524806022644,0.1685122847557068,0.5098757147789001,0.8854479193687439,0.8838538527488708,0.9092760682106018,0.8630951642990112,0.08390699326992035,0.2591288089752197,0.5681789517402649,0.44697028398513794,8.121593964460772e-06,0.7598920464515686,0.8623045682907104,0.8356292843818665,0.904468297958374,0.968051016330719
/p/project1/hai_1252/toulouse1/flexcraft/data/adapt/full_run/2026-06-28_12:18:30_adapt_full_run_c4/5EU6+MAVMAPRTLV+TLMSAMTNL+CAVWGAQKLV+CAGVDRNYGY_0_563.pdb,0.7610093951225281,0.8730462193489075,0.6765434145927429,0.6799976825714111,0.6544615030288696,0.4285648763179779,0.5975656509399414,0.7555031776428223,0.19522017240524292,0.6258097887039185,0.7473123669624329,0.7235000729560852,0.7839927673339844,0.6556953191757202,0.7335696816444397,0.4364272952079773,0.6657456159591675,0.5924117565155029,0.825253427028656,0.5981799960136414,0.6184144616127014,0.7903997302055359,0.6446632146835327,0.8354426622390747,0.890192985534668,0.7312777638435364,0.6264560222625732,0.7978019714355469,0.6323623657226562,0.7304613590240479,0.8528945446014404,0.7020325064659119,0.8826109766960144,0.6254993081092834,0.7328165173530579,0.6385271549224854,0.703333854675293,0.6561523079872131,0.6077327132225037,0.6813703775405884,0.8207660913467407,0.7496127486228943,0.8759986162185669,0.7310225367546082,0.7247088551521301,0.6557067036628723,0.47308921813964844,0.6169779896736145,0.6980423331260681,0.7926861643791199,0.6977287530899048,0.7233210802078247,0.7622702121734619,0.4514971971511841,0.18523499369621277,0.6515316963195801,0.6232388019561768,0.7874709367752075,0.6715942621231079,0.8233501315116882,0.8917043805122375,0.6487537026405334,0.33425939083099365,0.542913019657135,0.7048803567886353,0.7312555313110352,0.7653627395629883,0.6447651386260986,0.6776927709579468,0.662686824798584,0.6414637565612793,0.786493182182312,0.8077689409255981,0.580207109451294,0.4415592849254608,0.6263431310653687,0.7657188177108765,0.8599554896354675,0.5248852968215942,0.647442638874054,0.6663878560066223,0.6293070912361145,0.7428482174873352,0.7255546450614929,0.8147310614585876,0.7982304096221924,0.7598973512649536,8.374544449907262e-06,0.6779869198799133,0.739687442779541,0.6748828887939453,0.6335299611091614
/p/project1/hai_1252/toulouse1/flexcraft/data/adapt/full_run/2026-06-28_12:18:30_adapt_full_run_c4/5EU6+MAVMAPRTLV+TLMSAMTNL+CAVWGAQKLV+CAGVDRNYGY_0_460.pdb,0.7764838337898254,0.9082826972007751,0.25605273246765137,0.7334725856781006,0.20569168031215668,0.6024661064147949,0.4471120238304138,0.7919599413871765,0.6986137628555298,0.4665871262550354,0.8288447856903076,0.8118522763252258,0.87993323802948,0.20500774681568146,0.32371458411216736,0.6358739733695984,0.516093909740448,0.5379413962364197,0.8386987447738647,0.46528610587120056,0.2243114411830902,0.858411967754364,0.22467385232448578,0.9188908338546753,0.9368236660957336,0.36547890305519104,0.21455469727516174,0.8136400580406189,0.4700950086116791,0.8382753729820251,0.8523734211921692,0.7930353879928589,0.9961011409759521,0.5418424606323242,0.8607015013694763,0.22251634299755096,0.886934757232666,0.38501352071762085,0.5304461121559143,0.24716758728027344,0.8419015407562256,0.7605800628662109,0.8761059045791626,0.3268967270851135,0.8289867043495178,0.6030803322792053,0.4747009575366974,0.2590021789073944,0.7839392423629761,0.8327669501304626,0.25801533460617065,0.7581837177276611,0.9095152616500854,0.42181283235549927,0.6377216577529907,0.22718755900859833,0.2449377030134201,0.8123263120651245,0.17754735052585602,0.8379843831062317,0.6651633977890015,0.21218204498291016,0.7643259167671204,0.39006945490837097,0.6499238610267639,0.8370949625968933,0.8411865234375,0.22305138409137726,0.21697108447551727,0.20097090303897858,0.3316519260406494,0.8883894085884094,0.8558535575866699,0.6978912949562073,0.5083866119384766,0.4078282117843628,0.9096459150314331,0.921234130859375,0.6219949126243591,0.1589788794517517,0.2183137685060501,0.18637457489967346,0.8603829145431519,0.8059152364730835,0.8623203635215759,0.9639920592308044,0.8623026013374329,0.6779875159263611,2.7794370907940902e-05,0.45792126655578613,0.21032777428627014,0.4774794578552246
/p/project1/hai_1252/toulouse1/flexcraft/data/adapt/full_run/2026-06-28_12:18:30_adapt_full_run_c4/5EU6+MAVMAPRTLV+TLMSAMTNL+CAVWGAQKLV+CAGVDRNYGY_0_551.pdb,0.6635639071464539,0.737451434135437,0.49140653014183044,0.6238663196563721,0.49037492275238037,0.6344819664955139,0.5127308368682861,0.6319864988327026,0.7339315414428711,0.5546209216117859,0.779679000377655,0.7660351395606995,0.7815656065940857,0.4798808693885803,0.48687100410461426,0.655494213104248,0.6345180869102478,0.5843199491500854,0.627330482006073,0.5322545170783997,0.5159969329833984,0.7333956360816956,0.5425848960876465,0.8060668110847473,0.8026673793792725,0.5857593417167664,0.4927797317504883,0.6284030079841614,0.5849776268005371,0.8060393333435059,0.6703199744224548,0.7030575275421143,0.9146396517753601,0.5917870998382568,0.7620239853858948,0.5053554773330688,0.7785979509353638,0.43900614976882935,0.5266470313072205,0.5300031900405884,0.6538686752319336,0.45595231652259827,0.6989808082580566,0.564507782459259,0.7959615588188171,0.5766971707344055,0.5561242699623108,0.5089855790138245,0.7560493350028992,0.6681309342384338,0.48061084747314453,0.677297830581665,0.8728668689727783,0.5583582520484924,0.7245230674743652,0.5083561539649963,0.45817694067955017,0.6258484125137329,0.4805760383605957,0.6186104416847229,0.4997754991054535,0.5200977325439453,0.770291805267334,0.5135990977287292,0.6195107102394104,0.7794297337532043,0.6419219374656677,0.5050081014633179,0.4966612458229065,0.5290693640708923,0.407569020986557,0.7926045656204224,0.6932428479194641,0.6791655421257019,0.6341220736503601,0.5027995705604553,0.8694287538528442,0.7915271520614624,0.6302551031112671,0.46696075797080994,0.5124579071998596,0.4609318971633911,0.8277590870857239,0.7464293837547302,0.7043581604957581,0.8761133551597595,0.8356293439865112,0.7396864295005798,0.4579205811023712,1.1642345270956866e-05,0.49992942810058594,0.575646162033081
/p/project1/hai_1252/toulouse1/flexcraft/data/adapt/full_run/2026-06-28_12:18:30_adapt_full_run_c4/5EU6+MAVMAPRTLV+TLMSAMTNL+CAVWGAQKLV+CAGVDRNYGY_0_399.pdb,0.8279010057449341,0.9507691264152527,0.27155327796936035,0.7919409871101379,0.20348918437957764,0.6491043567657471,0.4413459897041321,0.8297896981239319,0.6973069310188293,0.4966055452823639,0.8768723011016846,0.8649758100509644,0.8884279131889343,0.22629669308662415,0.3400619328022003,0.6662852168083191,0.5616347193717957,0.5502530932426453,0.8730216026306152,0.477520227432251,0.27301013469696045,0.8716596364974976,0.20400352776050568,0.921444833278656,0.9553658366203308,0.44969964027404785,0.22442372143268585,0.8504109978675842,0.5259087085723877,0.8670644164085388,0.8991461992263794,0.8114973902702332,0.99895179271698,0.5263542532920837,0.8766751289367676,0.2662135362625122,0.8595489859580994,0.3773098587989807,0.5414291024208069,0.33679237961769104,0.8684424161911011,0.805662989616394,0.9272180795669556,0.4029138684272766,0.8690869808197021,0.6176427006721497,0.46465134620666504,0.2984693646430969,0.829983651638031,0.8611205220222473,0.2848473787307739,0.8119940161705017,0.9447676539421082,0.44209158420562744,0.6278430223464966,0.2705012261867523,0.26386749744415283,0.8511101603507996,0.2395237684249878,0.8648844361305237,0.7309165596961975,0.2648753523826599,0.7763097882270813,0.3828730583190918,0.6579831838607788,0.8734797239303589,0.853182315826416,0.23659297823905945,0.13060396909713745,0.27959004044532776,0.30778056383132935,0.8915292024612427,0.8787743449211121,0.7173821926116943,0.5074204206466675,0.4370855391025543,0.939752459526062,0.9324893951416016,0.6504392027854919,0.2310309261083603,0.100479356944561,0.2269848883152008,0.896807849407196,0.8496603965759277,0.8742390871047974,0.9637413024902344,0.904464840888977,0.6748839020729065,0.21032996475696564,0.49992835521698,1.2406719179125503e-05,0.5125852823257446
/p/project1/hai_1252/toulouse1/flexcraft/data/adapt/full_run/2026-06-28_12:18:30_adapt_full_run_c4/5EU6+MAVMAPRTLV+TLMSAMTNL+CAVWGAQKLV+CAGVDRNYGY_0_584.pdb,0.696548342704773,0.9496231079101562,0.3793485760688782,0.6619497537612915,0.42545098066329956,0.6565470099449158,0.34466975927352905,0.8386715054512024,0.6496854424476624,0.07370457798242569,0.9135767817497253,0.8781864643096924,0.9993869662284851,0.3996450901031494,0.39642637968063354,0.43764135241508484,0.1199001595377922,0.23622623085975647,0.8829827904701233,0.1485617458820343,0.42163556814193726,0.9645543098449707,0.42677628993988037,1.0393799543380737,1.0805853605270386,0.3885767459869385,0.423713743686676,0.8546947240829468,0.1467512995004654,0.9438493847846985,0.8934120535850525,0.868887186050415,1.1560909748077393,0.2717461884021759,0.9458284378051758,0.40031367540359497,1.039023518562317,0.38410791754722595,0.3736603856086731,0.40210214257240295,0.8810285925865173,0.7569875121116638,0.9534464478492737,0.38205328583717346,0.9356335401535034,0.5464376211166382,0.3689146935939789,0.4582357704639435,0.8421437740325928,0.8608790636062622,0.38939523696899414,0.8347396850585938,1.0132533311843872,0.41532307863235474,0.6942336559295654,0.3862919807434082,0.36915323138237,0.8481115698814392,0.42774996161460876,0.8707416653633118,0.7586850523948669,0.40096721053123474,0.5885653495788574,0.36849552392959595,0.5928418040275574,0.93321692943573,0.8839463591575623,0.3996947407722473,0.5739779472351074,0.3924563527107239,0.46314653754234314,1.0128060579299927,0.9579527974128723,0.6662889122962952,0.5582218766212463,0.3071152865886688,1.0172038078308105,1.0703047513961792,0.38801681995391846,0.44205591082572937,0.4817480742931366,0.47329750657081604,0.9698624610900879,0.868382453918457,0.9564893245697021,1.068066954612732,0.9680494666099548,0.6335306763648987,0.47747933864593506,0.5756433606147766,0.5125882029533386,1.815532050386537e-05