,/p/project1/hai_1252/toulouse1/flexcraft/data/adapt/full_run_seed/2026-06-27_10:57:16_adapt_full_run_c4_/3QDG+MAVMAPRTLV+TLMSAMTNL+CALSAPNSGN+CASSYSKEGG_0_433.pdb,/p/project1/hai_1252/toulouse1/flexcraft/data/adapt/full_run_seed/2026-06-27_10:57:16_adapt_full_run_c4_/3QDG+MAVMAPRTLV+TLMSAMTNL+CALSAPNSGN+CASSYSKEGG_0_375.pdb,/p/project1/hai_1252/toulouse1/flexcraft/data/adapt/full_run_seed/2026-06-27_10:57:16_adapt_full_run_c4_/3QDG+MAVMAPRTLV+TLMSAMTNL+CALSAPNSGN+CASSYSKEGG_0_437.pdb,/p/project1/hai_1252/toulouse1/flexcraft/data/adapt/full_run_seed/2026-06-27_10:57:16_adapt_full_run_c4_/3QDG+MAVMAPRTLV+TLMSAMTNL+CALSAPNSGN+CASSYSKEGG_0_531.pdb,/p/project1/hai_1252/toulouse1/flexcraft/data/adapt/full_run_seed/2026-06-27_10:57:16_adapt_full_run_c4_/3QDG+MAVMAPRTLV+TLMSAMTNL+CALSAPNSGN+CASSYSKEGG_0_387.pdb,/p/project1/hai_1252/toulouse1/flexcraft/data/adapt/full_run_seed/2026-06-27_10:57:16_adapt_full_run_c4_/3QDG+MAVMAPRTLV+TLMSAMTNL+CALSAPNSGN+CASSYSKEGG_0_508.pdb,/p/project1/hai_1252/toulouse1/flexcraft/data/adapt/full_run_seed/2026-06-27_10:57:16_adapt_full_run_c4_/3QDG+MAVMAPRTLV+TLMSAMTNL+CALSAPNSGN+CASSYSKEGG_0_385.pdb,/p/project1/hai_1252/toulouse1/flexcraft/data/adapt/full_run_seed/2026-06-27_10:57:16_adapt_full_run_c4_/3QDG+MAVMAPRTLV+TLMSAMTNL+CALSAPNSGN+CASSYSKEGG_0_302.pdb,/p/project1/hai_1252/toulouse1/flexcraft/data/adapt/full_run_seed/2026-06-27_10:57:16_adapt_full_run_c4_/3QDG+MAVMAPRTLV+TLMSAMTNL+CALSAPNSGN+CASSYSKEGG_0_526.pdb,/p/project1/hai_1252/toulouse1/flexcraft/data/adapt/full_run_seed/2026-06-27_10:57:16_adapt_full_run_c4_/3QDG+MAVMAPRTLV+TLMSAMTNL+CALSAPNSGN+CASSYSKEGG_0_453.pdb,/p/project1/hai_1252/toulouse1/flexcraft/data/adapt/full_run_seed/2026-06-27_10:57:16_adapt_full_run_c4_/3QDG+MAVMAPRTLV+TLMSAMTNL+CALSAPNSGN+CASSYSKEGG_0_442.pdb,/p/project1/hai_1252/toulouse1/flexcraft/data/adapt/full_run_seed/2026-06-27_10:57:16_adapt_full_run_c4_/3QDG+MAVMAPRTLV+TLMSAMTNL+CALSAPNSGN+CASSYSKEGG_0_369.pdb,/p/project1/hai_1252/toulouse1/flexcraft/data/adapt/full_run_seed/2026-06-27_10:57:16_adapt_full_run_c4_/3QDG+MAVMAPRTLV+TLMSAMTNL+CALSAPNSGN+CASSYSKEGG_0_64.pdb,/p/project1/hai_1252/toulouse1/flexcraft/data/adapt/full_run_seed/2026-06-27_10:57:16_adapt_full_run_c4_/3QDG+MAVMAPRTLV+TLMSAMTNL+CALSAPNSGN+CASSYSKEGG_0_147.pdb,/p/project1/hai_1252/toulouse1/flexcraft/data/adapt/full_run_seed/2026-06-27_10:57:16_adapt_full_run_c4_/3QDG+MAVMAPRTLV+TLMSAMTNL+CALSAPNSGN+CASSYSKEGG_0_171.pdb,/p/project1/hai_1252/toulouse1/flexcraft/data/adapt/full_run_seed/2026-06-27_10:57:16_adapt_full_run_c4_/3QDG+MAVMAPRTLV+TLMSAMTNL+CALSAPNSGN+CASSYSKEGG_0_303.pdb,/p/project1/hai_1252/toulouse1/flexcraft/data/adapt/full_run_seed/2026-06-27_10:57:16_adapt_full_run_c4_/3QDG+MAVMAPRTLV+TLMSAMTNL+CALSAPNSGN+CASSYSKEGG_0_614.pdb,/p/project1/hai_1252/toulouse1/flexcraft/data/adapt/full_run_seed/2026-06-27_10:57:16_adapt_full_run_c4_/3QDG+MAVMAPRTLV+TLMSAMTNL+CALSAPNSGN+CASSYSKEGG_0_501.pdb,/p/project1/hai_1252/toulouse1/flexcraft/data/adapt/full_run_seed/2026-06-27_10:57:16_adapt_full_run_c4_/3QDG+MAVMAPRTLV+TLMSAMTNL+CALSAPNSGN+CASSYSKEGG_0_389.pdb,/p/project1/hai_1252/toulouse1/flexcraft/data/adapt/full_run_seed/2026-06-27_10:57:16_adapt_full_run_c4_/3QDG+MAVMAPRTLV+TLMSAMTNL+CALSAPNSGN+CASSYSKEGG_0_381.pdb,/p/project1/hai_1252/toulouse1/flexcraft/data/adapt/full_run_seed/2026-06-27_10:57:16_adapt_full_run_c4_/3QDG+MAVMAPRTLV+TLMSAMTNL+CALSAPNSGN+CASSYSKEGG_0_646.pdb,/p/project1/hai_1252/toulouse1/flexcraft/data/adapt/full_run_seed/2026-06-27_10:57:16_adapt_full_run_c4_/3QDG+MAVMAPRTLV+TLMSAMTNL+CALSAPNSGN+CASSYSKEGG_0_497.pdb,/p/project1/hai_1252/toulouse1/flexcraft/data/adapt/full_run_seed/2026-06-27_10:57:16_adapt_full_run_c4_/3QDG+MAVMAPRTLV+TLMSAMTNL+CALSAPNSGN+CASSYSKEGG_0_172.pdb,/p/project1/hai_1252/toulouse1/flexcraft/data/adapt/full_run_seed/2026-06-27_10:57:16_adapt_full_run_c4_/3QDG+MAVMAPRTLV+TLMSAMTNL+CALSAPNSGN+CASSYSKEGG_0_377.pdb,/p/project1/hai_1252/toulouse1/flexcraft/data/adapt/full_run_seed/2026-06-27_10:57:16_adapt_full_run_c4_/3QDG+MAVMAPRTLV+TLMSAMTNL+CALSAPNSGN+CASSYSKEGG_0_388.pdb,/p/project1/hai_1252/toulouse1/flexcraft/data/adapt/full_run_seed/2026-06-27_10:57:16_adapt_full_run_c4_/3QDG+MAVMAPRTLV+TLMSAMTNL+CALSAPNSGN+CASSYSKEGG_0_305.pdb,/p/project1/hai_1252/toulouse1/flexcraft/data/adapt/full_run_seed/2026-06-27_10:57:16_adapt_full_run_c4_/3QDG+MAVMAPRTLV+TLMSAMTNL+CALSAPNSGN+CASSYSKEGG_0_598.pdb,/p/project1/hai_1252/toulouse1/flexcraft/data/adapt/full_run_seed/2026-06-27_10:57:16_adapt_full_run_c4_/3QDG+MAVMAPRTLV+TLMSAMTNL+CALSAPNSGN+CASSYSKEGG_0_391.pdb,/p/project1/hai_1252/toulouse1/flexcraft/data/adapt/full_run_seed/2026-06-27_10:57:16_adapt_full_run_c4_/3QDG+MAVMAPRTLV+TLMSAMTNL+CALSAPNSGN+CASSYSKEGG_0_432.pdb,/p/project1/hai_1252/toulouse1/flexcraft/data/adapt/full_run_seed/2026-06-27_10:57:16_adapt_full_run_c4_/3QDG+MAVMAPRTLV+TLMSAMTNL+CALSAPNSGN+CASSYSKEGG_0_525.pdb,/p/project1/hai_1252/toulouse1/flexcraft/data/adapt/full_run_seed/2026-06-27_10:57:16_adapt_full_run_c4_/3QDG+MAVMAPRTLV+TLMSAMTNL+CALSAPNSGN+CASSYSKEGG_0_561.pdb,/p/project1/hai_1252/toulouse1/flexcraft/data/adapt/full_run_seed/2026-06-27_10:57:16_adapt_full_run_c4_/3QDG+MAVMAPRTLV+TLMSAMTNL+CALSAPNSGN+CASSYSKEGG_0_114.pdb,/p/project1/hai_1252/toulouse1/flexcraft/data/adapt/full_run_seed/2026-06-27_10:57:16_adapt_full_run_c4_/3QDG+MAVMAPRTLV+TLMSAMTNL+CALSAPNSGN+CASSYSKEGG_0_383.pdb,/p/project1/hai_1252/toulouse1/flexcraft/data/adapt/full_run_seed/2026-06-27_10:57:16_adapt_full_run_c4_/3QDG+MAVMAPRTLV+TLMSAMTNL+CALSAPNSGN+CASSYSKEGG_0_198.pdb,/p/project1/hai_1252/toulouse1/flexcraft/data/adapt/full_run_seed/2026-06-27_10:57:16_adapt_full_run_c4_/3QDG+MAVMAPRTLV+TLMSAMTNL+CALSAPNSGN+CASSYSKEGG_0_451.pdb,/p/project1/hai_1252/toulouse1/flexcraft/data/adapt/full_run_seed/2026-06-27_10:57:16_adapt_full_run_c4_/3QDG+MAVMAPRTLV+TLMSAMTNL+CALSAPNSGN+CASSYSKEGG_0_136.pdb,/p/project1/hai_1252/toulouse1/flexcraft/data/adapt/full_run_seed/2026-06-27_10:57:16_adapt_full_run_c4_/3QDG+MAVMAPRTLV+TLMSAMTNL+CALSAPNSGN+CASSYSKEGG_0_560.pdb,/p/project1/hai_1252/toulouse1/flexcraft/data/adapt/full_run_seed/2026-06-27_10:57:16_adapt_full_run_c4_/3QDG+MAVMAPRTLV+TLMSAMTNL+CALSAPNSGN+CASSYSKEGG_0_617.pdb,/p/project1/hai_1252/toulouse1/flexcraft/data/adapt/full_run_seed/2026-06-27_10:57:16_adapt_full_run_c4_/3QDG+MAVMAPRTLV+TLMSAMTNL+CALSAPNSGN+CASSYSKEGG_0_434.pdb,/p/project1/hai_1252/toulouse1/flexcraft/data/adapt/full_run_seed/2026-06-27_10:57:16_adapt_full_run_c4_/3QDG+MAVMAPRTLV+TLMSAMTNL+CALSAPNSGN+CASSYSKEGG_0_612.pdb,/p/project1/hai_1252/toulouse1/flexcraft/data/adapt/full_run_seed/2026-06-27_10:57:16_adapt_full_run_c4_/3QDG+MAVMAPRTLV+TLMSAMTNL+CALSAPNSGN+CASSYSKEGG_0_440.pdb,/p/project1/hai_1252/toulouse1/flexcraft/data/adapt/full_run_seed/2026-06-27_10:57:16_adapt_full_run_c4_/3QDG+MAVMAPRTLV+TLMSAMTNL+CALSAPNSGN+CASSYSKEGG_0_486.pdb,/p/project1/hai_1252/toulouse1/flexcraft/data/adapt/full_run_seed/2026-06-27_10:57:16_adapt_full_run_c4_/3QDG+MAVMAPRTLV+TLMSAMTNL+CALSAPNSGN+CASSYSKEGG_0_494.pdb,/p/project1/hai_1252/toulouse1/flexcraft/data/adapt/full_run_seed/2026-06-27_10:57:16_adapt_full_run_c4_/3QDG+MAVMAPRTLV+TLMSAMTNL+CALSAPNSGN+CASSYSKEGG_0_492.pdb,/p/project1/hai_1252/toulouse1/flexcraft/data/adapt/full_run_seed/2026-06-27_10:57:16_adapt_full_run_c4_/3QDG+MAVMAPRTLV+TLMSAMTNL+CALSAPNSGN+CASSYSKEGG_0_578.pdb,/p/project1/hai_1252/toulouse1/flexcraft/data/adapt/full_run_seed/2026-06-27_10:57:16_adapt_full_run_c4_/3QDG+MAVMAPRTLV+TLMSAMTNL+CALSAPNSGN+CASSYSKEGG_0_616.pdb,/p/project1/hai_1252/toulouse1/flexcraft/data/adapt/full_run_seed/2026-06-27_10:57:16_adapt_full_run_c4_/3QDG+MAVMAPRTLV+TLMSAMTNL+CALSAPNSGN+CASSYSKEGG_0_427.pdb,/p/project1/hai_1252/toulouse1/flexcraft/data/adapt/full_run_seed/2026-06-27_10:57:16_adapt_full_run_c4_/3QDG+MAVMAPRTLV+TLMSAMTNL+CALSAPNSGN+CASSYSKEGG_0_542.pdb,/p/project1/hai_1252/toulouse1/flexcraft/data/adapt/full_run_seed/2026-06-27_10:57:16_adapt_full_run_c4_/3QDG+MAVMAPRTLV+TLMSAMTNL+CALSAPNSGN+CASSYSKEGG_0_196.pdb,/p/project1/hai_1252/toulouse1/flexcraft/data/adapt/full_run_seed/2026-06-27_10:57:16_adapt_full_run_c4_/3QDG+MAVMAPRTLV+TLMSAMTNL+CALSAPNSGN+CASSYSKEGG_0_146.pdb,/p/project1/hai_1252/toulouse1/flexcraft/data/adapt/full_run_seed/2026-06-27_10:57:16_adapt_full_run_c4_/3QDG+MAVMAPRTLV+TLMSAMTNL+CALSAPNSGN+CASSYSKEGG_0_595.pdb,/p/project1/hai_1252/toulouse1/flexcraft/data/adapt/full_run_seed/2026-06-27_10:57:16_adapt_full_run_c4_/3QDG+MAVMAPRTLV+TLMSAMTNL+CALSAPNSGN+CASSYSKEGG_0_512.pdb,/p/project1/hai_1252/toulouse1/flexcraft/data/adapt/full_run_seed/2026-06-27_10:57:16_adapt_full_run_c4_/3QDG+MAVMAPRTLV+TLMSAMTNL+CALSAPNSGN+CASSYSKEGG_0_306.pdb,/p/project1/hai_1252/toulouse1/flexcraft/data/adapt/full_run_seed/2026-06-27_10:57:16_adapt_full_run_c4_/3QDG+MAVMAPRTLV+TLMSAMTNL+CALSAPNSGN+CASSYSKEGG_0_522.pdb,/p/project1/hai_1252/toulouse1/flexcraft/data/adapt/full_run_seed/2026-06-27_10:57:16_adapt_full_run_c4_/3QDG+MAVMAPRTLV+TLMSAMTNL+CALSAPNSGN+CASSYSKEGG_0_402.pdb,/p/project1/hai_1252/toulouse1/flexcraft/data/adapt/full_run_seed/2026-06-27_10:57:16_adapt_full_run_c4_/3QDG+MAVMAPRTLV+TLMSAMTNL+CALSAPNSGN+CASSYSKEGG_0_39.pdb,/p/project1/hai_1252/toulouse1/flexcraft/data/adapt/full_run_seed/2026-06-27_10:57:16_adapt_full_run_c4_/3QDG+MAVMAPRTLV+TLMSAMTNL+CALSAPNSGN+CASSYSKEGG_0_195.pdb,/p/project1/hai_1252/toulouse1/flexcraft/data/adapt/full_run_seed/2026-06-27_10:57:16_adapt_full_run_c4_/3QDG+MAVMAPRTLV+TLMSAMTNL+CALSAPNSGN+CASSYSKEGG_0_321.pdb,/p/project1/hai_1252/toulouse1/flexcraft/data/adapt/full_run_seed/2026-06-27_10:57:16_adapt_full_run_c4_/3QDG+MAVMAPRTLV+TLMSAMTNL+CALSAPNSGN+CASSYSKEGG_0_148.pdb,/p/project1/hai_1252/toulouse1/flexcraft/data/adapt/full_run_seed/2026-06-27_10:57:16_adapt_full_run_c4_/3QDG+MAVMAPRTLV+TLMSAMTNL+CALSAPNSGN+CASSYSKEGG_0_513.pdb,/p/project1/hai_1252/toulouse1/flexcraft/data/adapt/full_run_seed/2026-06-27_10:57:16_adapt_full_run_c4_/3QDG+MAVMAPRTLV+TLMSAMTNL+CALSAPNSGN+CASSYSKEGG_0_557.pdb,/p/project1/hai_1252/toulouse1/flexcraft/data/adapt/full_run_seed/2026-06-27_10:57:16_adapt_full_run_c4_/3QDG+MAVMAPRTLV+TLMSAMTNL+CALSAPNSGN+CASSYSKEGG_0_620.pdb,/p/project1/hai_1252/toulouse1/flexcraft/data/adapt/full_run_seed/2026-06-27_10:57:16_adapt_full_run_c4_/3QDG+MAVMAPRTLV+TLMSAMTNL+CALSAPNSGN+CASSYSKEGG_0_429.pdb,/p/project1/hai_1252/toulouse1/flexcraft/data/adapt/full_run_seed/2026-06-27_10:57:16_adapt_full_run_c4_/3QDG+MAVMAPRTLV+TLMSAMTNL+CALSAPNSGN+CASSYSKEGG_0_509.pdb,/p/project1/hai_1252/toulouse1/flexcraft/data/adapt/full_run_seed/2026-06-27_10:57:16_adapt_full_run_c4_/3QDG+MAVMAPRTLV+TLMSAMTNL+CALSAPNSGN+CASSYSKEGG_0_619.pdb,/p/project1/hai_1252/toulouse1/flexcraft/data/adapt/full_run_seed/2026-06-27_10:57:16_adapt_full_run_c4_/3QDG+MAVMAPRTLV+TLMSAMTNL+CALSAPNSGN+CASSYSKEGG_0_365.pdb,/p/project1/hai_1252/toulouse1/flexcraft/data/adapt/full_run_seed/2026-06-27_10:57:16_adapt_full_run_c4_/3QDG+MAVMAPRTLV+TLMSAMTNL+CALSAPNSGN+CASSYSKEGG_0_491.pdb,/p/project1/hai_1252/toulouse1/flexcraft/data/adapt/full_run_seed/2026-06-27_10:57:16_adapt_full_run_c4_/3QDG+MAVMAPRTLV+TLMSAMTNL+CALSAPNSGN+CASSYSKEGG_0_555.pdb,/p/project1/hai_1252/toulouse1/flexcraft/data/adapt/full_run_seed/2026-06-27_10:57:16_adapt_full_run_c4_/3QDG+MAVMAPRTLV+TLMSAMTNL+CALSAPNSGN+CASSYSKEGG_0_197.pdb,/p/project1/hai_1252/toulouse1/flexcraft/data/adapt/full_run_seed/2026-06-27_10:57:16_adapt_full_run_c4_/3QDG+MAVMAPRTLV+TLMSAMTNL+CALSAPNSGN+CASSYSKEGG_0_563.pdb,/p/project1/hai_1252/toulouse1/flexcraft/data/adapt/full_run_seed/2026-06-27_10:57:16_adapt_full_run_c4_/3QDG+MAVMAPRTLV+TLMSAMTNL+CALSAPNSGN+CASSYSKEGG_0_484.pdb,/p/project1/hai_1252/toulouse1/flexcraft/data/adapt/full_run_seed/2026-06-27_10:57:16_adapt_full_run_c4_/3QDG+MAVMAPRTLV+TLMSAMTNL+CALSAPNSGN+CASSYSKEGG_0_533.pdb,/p/project1/hai_1252/toulouse1/flexcraft/data/adapt/full_run_seed/2026-06-27_10:57:16_adapt_full_run_c4_/3QDG+MAVMAPRTLV+TLMSAMTNL+CALSAPNSGN+CASSYSKEGG_0_376.pdb,/p/project1/hai_1252/toulouse1/flexcraft/data/adapt/full_run_seed/2026-06-27_10:57:16_adapt_full_run_c4_/3QDG+MAVMAPRTLV+TLMSAMTNL+CALSAPNSGN+CASSYSKEGG_0_405.pdb,/p/project1/hai_1252/toulouse1/flexcraft/data/adapt/full_run_seed/2026-06-27_10:57:16_adapt_full_run_c4_/3QDG+MAVMAPRTLV+TLMSAMTNL+CALSAPNSGN+CASSYSKEGG_0_436.pdb,/p/project1/hai_1252/toulouse1/flexcraft/data/adapt/full_run_seed/2026-06-27_10:57:16_adapt_full_run_c4_/3QDG+MAVMAPRTLV+TLMSAMTNL+CALSAPNSGN+CASSYSKEGG_0_547.pdb,/p/project1/hai_1252/toulouse1/flexcraft/data/adapt/full_run_seed/2026-06-27_10:57:16_adapt_full_run_c4_/3QDG+MAVMAPRTLV+TLMSAMTNL+CALSAPNSGN+CASSYSKEGG_0_145.pdb
/p/project1/hai_1252/toulouse1/flexcraft/data/adapt/full_run_seed/2026-06-27_10:57:16_adapt_full_run_c4_/3QDG+MAVMAPRTLV+TLMSAMTNL+CALSAPNSGN+CASSYSKEGG_0_433.pdb,7.573070433863904e-06,0.34594953060150146,0.31829074025154114,0.19829824566841125,0.12161116302013397,0.42695996165275574,0.4997921586036682,0.4931328296661377,0.4470621943473816,0.16408641636371613,1.0158354043960571,0.3493278920650482,0.5937850475311279,0.44275614619255066,0.6294673681259155,0.1864847093820572,0.9632473587989807,0.8055019378662109,0.6449702978134155,0.8392429947853088,0.5921251177787781,0.3800658881664276,0.5969221591949463,0.3080257475376129,0.7953974008560181,0.5784185528755188,0.5877601504325867,0.5572036504745483,0.4848216474056244,0.5235849618911743,0.35317566990852356,0.7735461592674255,0.3330683708190918,0.21248522400856018,0.5182808637619019,0.36281874775886536,0.711920440196991,0.05705900490283966,0.6199596524238586,0.30194157361984253,0.33641043305397034,0.47606679797172546,0.2575395107269287,0.5875707268714905,0.7703770399093628,0.6113349199295044,0.5075293779373169,0.5935746431350708,0.5060874223709106,0.14241017401218414,0.2287270873785019,0.5227648019790649,0.3346315026283264,0.5517595410346985,0.5413962006568909,0.5494376420974731,0.4003388583660126,0.307328999042511,0.44197267293930054,0.6715410947799683,0.16491392254829407,0.9427246451377869,0.1135394424200058,0.22538459300994873,0.21688133478164673,0.4965284466743469,0.7235487699508667,0.9802634119987488,0.6475119590759277,0.5147504806518555,0.3280668258666992,0.4174392819404602,0.1539812535047531,0.33713701367378235,0.1471613347530365,0.17444798350334167,0.1424112468957901
/p/project1/hai_1252/toulouse1/flexcraft/data/adapt/full_run_seed/2026-06-27_10:57:16_adapt_full_run_c4_/3QDG+MAVMAPRTLV+TLMSAMTNL+CALSAPNSGN+CASSYSKEGG_0_375.pdb,0.34595268964767456,9.75415878201602e-06,0.5262446403503418,0.4051910638809204,0.36357682943344116,0.4978746175765991,0.546112060546875,0.5786943435668945,0.638721227645874,0.41138970851898193,1.0271612405776978,0.3418880105018616,0.6235257387161255,0.5219632983207703,0.6147927045822144,0.40644529461860657,0.9809473752975464,0.7895166277885437,0.6793278455734253,0.9038442373275757,0.600371241569519,0.45710989832878113,0.6629870533943176,0.4911852777004242,0.8296317458152771,0.650580883026123,0.5862568616867065,0.43212953209877014,0.543219268321991,0.5584958791732788,0.4375292956829071,0.8308431506156921,0.39977124333381653,0.37379390001296997,0.6170891523361206,0.44616156816482544,0.7094058394432068,0.36465057730674744,0.5481131672859192,0.28432849049568176,0.4200901389122009,0.45647716522216797,0.4184950888156891,0.634386420249939,0.7255434989929199,0.5672456622123718,0.539047360420227,0.6278943419456482,0.5636245608329773,0.3816429674625397,0.47392186522483826,0.5865764617919922,0.4519791901111603,0.6389276385307312,0.5948630571365356,0.6252995133399963,0.49524348974227905,0.5015347599983215,0.4389697015285492,0.6938292384147644,0.38758885860443115,0.8353981375694275,0.3793015778064728,0.4043903648853302,0.41126006841659546,0.554328441619873,0.6498811841011047,0.8672579526901245,0.6798270344734192,0.5381464958190918,0.4384365379810333,0.5621959567070007,0.38489189743995667,0.5071626901626587,0.40996885299682617,0.356794148683548,0.38164302706718445
/p/project1/hai_1252/toulouse1/flexcraft/data/adapt/full_run_seed/2026-06-27_10:57:16_adapt_full_run_c4_/3QDG+MAVMAPRTLV+TLMSAMTNL+CALSAPNSGN+CASSYSKEGG_0_437.pdb,0.3182907700538635,0.526241660118103,4.756266207550652e-06,0.3649808466434479,0.34372180700302124,0.4826470613479614,0.6373488903045654,0.5810872316360474,0.18296556174755096,0.29391542077064514,1.0090200901031494,0.38666224479675293,0.7797099947929382,0.5495624542236328,0.7707394361495972,0.3645375669002533,1.0170273780822754,0.9007095694541931,0.6647652387619019,0.9481124877929688,0.5794528126716614,0.4845203757286072,0.665752649307251,0.285224050283432,0.8234297633171082,0.6746383905410767,0.7025861740112305,0.6411895751953125,0.6344311237335205,0.4833214282989502,0.49935290217399597,0.9112919569015503,0.29304060339927673,0.4614655673503876,0.6335130929946899,0.483882874250412,0.8027961850166321,0.28403690457344055,0.7271390557289124,0.4674471616744995,0.27917689085006714,0.46897438168525696,0.35411402583122253,0.6070110201835632,0.8167253136634827,0.6973254680633545,0.5369185209274292,0.6397632360458374,0.6066229343414307,0.38719630241394043,0.17120245099067688,0.6102424263954163,0.563515305519104,0.6141198873519897,0.689477264881134,0.6914705038070679,0.5254631042480469,0.4357236325740814,0.4890769124031067,0.5864079594612122,0.30963993072509766,0.9885438084602356,0.31940704584121704,0.43941280245780945,0.3204745352268219,0.5628917217254639,0.7515780329704285,1.0398198366165161,0.7486645579338074,0.6434615850448608,0.5357998609542847,0.37060827016830444,0.31239765882492065,0.3046385943889618,0.27741387486457825,0.39030590653419495,0.3872005045413971
/p/project1/hai_1252/toulouse1/flexcraft/data/adapt/full_run_seed/2026-06-27_10:57:16_adapt_full_run_c4_/3QDG+MAVMAPRTLV+TLMSAMTNL+CALSAPNSGN+CASSYSKEGG_0_531.pdb,0.19829478859901428,0.40519198775291443,0.36498358845710754,2.014851816056762e-05,0.2216120809316635,0.44223034381866455,0.45309633016586304,0.4321838319301605,0.46603700518608093,0.28504830598831177,1.04848313331604,0.4064430892467499,0.5359039306640625,0.3386029601097107,0.5769690871238708,0.28654780983924866,1.014286994934082,0.8099150657653809,0.6933718323707581,0.8059791326522827,0.6756327748298645,0.3814002573490143,0.5789103507995605,0.386819064617157,0.782053530216217,0.5323254466056824,0.5278247594833374,0.5999999046325684,0.435134619474411,0.4965757429599762,0.42240989208221436,0.7456857562065125,0.35876986384391785,0.19769324362277985,0.44027239084243774,0.38983258605003357,0.7195472121238708,0.19441883265972137,0.6148778200149536,0.2859809100627899,0.35735687613487244,0.5334236025810242,0.2787950336933136,0.678100049495697,0.8117605447769165,0.6342958211898804,0.5460991263389587,0.6215948462486267,0.4856654405593872,0.27178755402565,0.26990941166877747,0.5123491287231445,0.3600182831287384,0.481879860162735,0.48857906460762024,0.5327983498573303,0.3298138976097107,0.3843359351158142,0.5220968127250671,0.7250505089759827,0.2857150435447693,0.9632900953292847,0.2212749719619751,0.14741985499858856,0.18276657164096832,0.5334275364875793,0.7643868923187256,0.9927254319190979,0.6162449717521667,0.4661892354488373,0.399300754070282,0.4189039468765259,0.2241448611021042,0.390195369720459,0.1586264967918396,0.1987738013267517,0.2717856764793396
/p/project1/hai_1252/toulouse1/flexcraft/data/adapt/full_run_seed/2026-06-27_10:57:16_adapt_full_run_c4_/3QDG+MAVMAPRTLV+TLMSAMTNL+CALSAPNSGN+CASSYSKEGG_0_387.pdb,0.12161194533109665,0.3635757565498352,0.34371668100357056,0.2216099053621292,1.2405990673869383e-05,0.4845287501811981,0.48932507634162903,0.4845144748687744,0.47083044052124023,0.1826806515455246,1.0428779125213623,0.38026005029678345,0.5728621482849121,0.45117127895355225,0.6158117651939392,0.20512349903583527,0.9178274273872375,0.7644128203392029,0.6916336417198181,0.8082274198532104,0.6154812574386597,0.3528379797935486,0.6235171556472778,0.337211012840271,0.787609338760376,0.5636641383171082,0.5876738429069519,0.598393976688385,0.4564632475376129,0.5688298344612122,0.3840865194797516,0.7425682544708252,0.36507004499435425,0.23113411664962769,0.5015899538993835,0.3255940079689026,0.7236476540565491,0.13732728362083435,0.6033943891525269,0.3145134449005127,0.36332768201828003,0.5170422792434692,0.23058752715587616,0.6108359694480896,0.7374616861343384,0.6319969892501831,0.5194073915481567,0.5653268694877625,0.4631761312484741,0.16062037646770477,0.26757144927978516,0.47724810242652893,0.321492463350296,0.5292609333992004,0.521045446395874,0.5219798684120178,0.3859664499759674,0.2966903746128082,0.4593569338321686,0.7035709619522095,0.17428800463676453,0.913691520690918,0.12123158574104309,0.2622745931148529,0.2581557333469391,0.4592973291873932,0.7024288177490234,0.9498526453971863,0.5922943353652954,0.5143992304801941,0.3278005123138428,0.43685224652290344,0.20526467263698578,0.3685217499732971,0.1929151713848114,0.16817887127399445,0.1606215089559555
/p/project1/hai_1252/toulouse1/flexcraft/data/adapt/full_run_seed/2026-06-27_10:57:16_adapt_full_run_c4_/3QDG+MAVMAPRTLV+TLMSAMTNL+CALSAPNSGN+CASSYSKEGG_0_508.pdb,0.4269576668739319,0.4978749752044678,0.4826444983482361,0.4422260522842407,0.4845331609249115,1.1227711183892097e-05,0.6939894556999207,0.7267059683799744,0.5451762080192566,0.4383985698223114,0.9457555413246155,0.4191025495529175,0.795076310634613,0.657612144947052,0.8146123886108398,0.42325490713119507,1.1309829950332642,0.9865960478782654,0.5665177702903748,1.0286366939544678,0.6683152914047241,0.6224441528320312,0.7115073800086975,0.42500123381614685,0.8507437109947205,0.7547266483306885,0.7757274508476257,0.6379643678665161,0.7026314735412598,0.578317403793335,0.5442507863044739,0.9848114848136902,0.38266849517822266,0.4566212296485901,0.7236170768737793,0.6069818735122681,0.7806849479675293,0.4100711941719055,0.6819636821746826,0.48209306597709656,0.3948163092136383,0.49430471658706665,0.4848991334438324,0.677308976650238,0.8836389780044556,0.7308852076530457,0.6375706791877747,0.7684218883514404,0.7447386980056763,0.4434356987476349,0.4385216534137726,0.7536469101905823,0.5165198445320129,0.7902612686157227,0.7564740777015686,0.6811885833740234,0.6244240999221802,0.5238073468208313,0.5519378781318665,0.6710594892501831,0.43311256170272827,1.111304759979248,0.46468690037727356,0.43180233240127563,0.45371484756469727,0.7219091653823853,0.8878934979438782,1.1402013301849365,0.8800342082977295,0.6961249113082886,0.5340415835380554,0.4731062948703766,0.4005929231643677,0.4321455955505371,0.4056786596775055,0.48365962505340576,0.443432092666626
/p/project1/hai_1252/toulouse1/flexcraft/data/adapt/full_run_seed/2026-06-27_10:57:16_adapt_full_run_c4_/3QDG+MAVMAPRTLV+TLMSAMTNL+CALSAPNSGN+CASSYSKEGG_0_385.pdb,0.49979367852211,0.5461175441741943,0.6373487710952759,0.45309796929359436,0.48932406306266785,0.693987250328064,1.0111371921084356e-05,0.22454413771629333,0.7197880148887634,0.5758568048477173,0.9981200695037842,0.677614688873291,0.260433167219162,0.35420292615890503,0.22254212200641632,0.6021457314491272,1.0841729640960693,0.6079747080802917,0.6966518759727478,0.68822181224823,0.891789436340332,0.2859480082988739,0.6076903343200684,0.6854642033576965,0.709674060344696,0.25125932693481445,0.4792789816856384,0.8052849769592285,0.36577609181404114,0.7393983006477356,0.6221397519111633,0.6255584359169006,0.6261590123176575,0.4791741967201233,0.3503713309764862,0.3155876696109772,0.6132591366767883,0.5169835090637207,0.5737842917442322,0.38828855752944946,0.645526647567749,0.8202270865440369,0.4525761604309082,0.8891412615776062,0.7429811954498291,0.5578917264938354,0.574275016784668,0.4947538375854492,0.22411294281482697,0.5633378624916077,0.5688322186470032,0.4492504298686981,0.550919234752655,0.2793249785900116,0.16562658548355103,0.5255013704299927,0.23499347269535065,0.6959121823310852,0.7363699078559875,0.8365674614906311,0.542801558971405,1.0607926845550537,0.5475624799728394,0.48566195368766785,0.4416966140270233,0.41840609908103943,0.899097740650177,1.0836446285247803,0.38015714287757874,0.33839794993400574,0.5999531745910645,0.5806232690811157,0.5603887438774109,0.634433388710022,0.5366524457931519,0.4440065026283264,0.5633351802825928
/p/project1/hai_1252/toulouse1/flexcraft/data/adapt/full_run_seed/2026-06-27_10:57:16_adapt_full_run_c4_/3QDG+MAVMAPRTLV+TLMSAMTNL+CALSAPNSGN+CASSYSKEGG_0_302.pdb,0.49312931299209595,0.5786962509155273,0.5810863971710205,0.43218696117401123,0.4845089912414551,0.7267006635665894,0.2245364636182785,2.220825626864098e-05,0.6615834832191467,0.5572507977485657,1.0537406206130981,0.6608740091323853,0.3344675600528717,0.2799983322620392,0.30950403213500977,0.594480574131012,1.0928544998168945,0.6514252424240112,0.7555263638496399,0.7212569713592529,0.8981701135635376,0.3043402135372162,0.6173266172409058,0.6699013113975525,0.719186544418335,0.28199610114097595,0.45108622312545776,0.7930493354797363,0.4032253324985504,0.6865237355232239,0.6195089221000671,0.666500449180603,0.6091524958610535,0.48748472332954407,0.36035725474357605,0.3484220504760742,0.6877874135971069,0.5011426210403442,0.629810631275177,0.4321802258491516,0.6124868392944336,0.8038769364356995,0.4609243869781494,0.8843896985054016,0.7884970903396606,0.5861393809318542,0.5737370848655701,0.5364055037498474,0.24433816969394684,0.5636513829231262,0.5298458337783813,0.46430063247680664,0.5824704170227051,0.1225045844912529,0.22469200193881989,0.5777321457862854,0.2206818014383316,0.6745061874389648,0.7508315443992615,0.8366029262542725,0.5417899489402771,1.0462929010391235,0.5288257598876953,0.4817464351654053,0.4157455563545227,0.44291260838508606,0.8996552228927612,1.0860393047332764,0.382634699344635,0.3782943785190582,0.6265168786048889,0.5842443108558655,0.5563769936561584,0.6325706243515015,0.5102878212928772,0.43887001276016235,0.5636503100395203
/p/project1/hai_1252/toulouse1/flexcraft/data/adapt/full_run_seed/2026-06-27_10:57:16_adapt_full_run_c4_/3QDG+MAVMAPRTLV+TLMSAMTNL+CALSAPNSGN+CASSYSKEGG_0_526.pdb,0.4470609724521637,0.6387192010879517,0.18296733498573303,0.4660300612449646,0.4708266854286194,0.5451672673225403,0.7197852730751038,0.6615858674049377,2.6389810955151916e-05,0.4091585576534271,1.016810417175293,0.47225654125213623,0.8746535181999207,0.6251571178436279,0.8450338840484619,0.5011863112449646,1.0995362997055054,0.972290575504303,0.70915287733078,1.0163203477859497,0.6031199097633362,0.5781884789466858,0.7161975502967834,0.376431941986084,0.8528329730033875,0.7388403415679932,0.7768940925598145,0.7229442000389099,0.7201350331306458,0.5141148567199707,0.6145458221435547,0.9874587655067444,0.36538031697273254,0.5880693197250366,0.6988295912742615,0.5796954035758972,0.8550968170166016,0.4103032350540161,0.8032338619232178,0.5621764659881592,0.3297446072101593,0.5343079566955566,0.45812365412712097,0.6919581890106201,0.8805027604103088,0.7686921954154968,0.6101810932159424,0.6805537343025208,0.687325656414032,0.5157256722450256,0.287842720746994,0.6883233189582825,0.6903387904167175,0.6831560134887695,0.7750061750411987,0.7714402675628662,0.6173487901687622,0.5659907460212708,0.5645017623901367,0.6113336682319641,0.42152318358421326,1.0206011533737183,0.4465733468532562,0.550849437713623,0.404250830411911,0.6393460035324097,0.7800502777099609,1.0624101161956787,0.8110772967338562,0.7289033532142639,0.6562014222145081,0.4076251685619354,0.4333913326263428,0.3675665855407715,0.3943953812122345,0.5265174508094788,0.5157252550125122
/p/project1/hai_1252/toulouse1/flexcraft/data/adapt/full_run_seed/2026-06-27_10:57:16_adapt_full_run_c4_/3QDG+MAVMAPRTLV+TLMSAMTNL+CALSAPNSGN+CASSYSKEGG_0_453.pdb,0.16408593952655792,0.41138604283332825,0.29390808939933777,0.28505197167396545,0.18268196284770966,0.43839946389198303,0.5758573412895203,0.5572507977485657,0.4091562032699585,1.0731613656389527e-05,1.021870732307434,0.3473568558692932,0.6748092770576477,0.5247029066085815,0.7115973234176636,0.20758803188800812,0.9575789570808411,0.8436969518661499,0.6513906717300415,0.8741584420204163,0.576324462890625,0.4361364543437958,0.6509237289428711,0.22331809997558594,0.8250497579574585,0.6269481778144836,0.657288134098053,0.6006823778152466,0.5449193120002747,0.5652247667312622,0.39859601855278015,0.8228344321250916,0.31924203038215637,0.3044905960559845,0.5799131393432617,0.4035376012325287,0.7566369771957397,0.14692935347557068,0.6391059756278992,0.3809005916118622,0.32526594400405884,0.47798773646354675,0.2714977264404297,0.5718092918395996,0.7726832032203674,0.6552334427833557,0.5245049595832825,0.5909180045127869,0.5495784282684326,0.182458758354187,0.22953522205352783,0.5514947772026062,0.379978209733963,0.6063012480735779,0.6144498586654663,0.5727453827857971,0.4664877951145172,0.2958992123603821,0.449176549911499,0.6444459557533264,0.1231294795870781,0.9714229702949524,0.19680830836296082,0.32059288024902344,0.29852497577667236,0.5106859803199768,0.7450465559959412,1.0153961181640625,0.6863982081413269,0.588478147983551,0.3661641478538513,0.4191848039627075,0.2195572555065155,0.3208222985267639,0.20445649325847626,0.274156391620636,0.1824566274881363
/p/project1/hai_1252/toulouse1/flexcraft/data/adapt/full_run_seed/2026-06-27_10:57:16_adapt_full_run_c4_/3QDG+MAVMAPRTLV+TLMSAMTNL+CALSAPNSGN+CASSYSKEGG_0_442.pdb,1.015835165977478,1.0271614789962769,1.0090179443359375,1.0484826564788818,1.0428823232650757,0.9457568526268005,0.9981219172477722,1.0537400245666504,1.0168074369430542,1.021867036819458,1.2873289051640313e-05,1.0616493225097656,1.1659544706344604,1.096139669418335,1.077276587486267,1.0719190835952759,1.3029202222824097,0.8973835706710815,0.5089019536972046,1.1568138599395752,1.0943543910980225,0.944622278213501,0.8601292371749878,0.9942156672477722,0.6086858510971069,1.0216237306594849,1.1266107559204102,1.0975881814956665,1.0787291526794434,1.1179453134536743,0.9971680045127869,1.1481945514678955,1.0195701122283936,1.0791091918945312,1.0761690139770508,0.9307310581207275,0.6915019750595093,1.0139222145080566,0.9750967621803284,0.9528976678848267,0.984129786491394,1.0914913415908813,0.9845883250236511,1.0976864099502563,0.8357375860214233,0.8167585134506226,0.7963512539863586,0.7433804869651794,1.0086296796798706,1.0712355375289917,0.9981827139854431,1.0095657110214233,1.112467885017395,1.115163803100586,1.1043249368667603,0.8990920186042786,1.0282845497131348,1.1737046241760254,1.1005125045776367,0.7594683766365051,1.0045051574707031,1.5442010164260864,1.0587494373321533,1.0784448385238647,0.9832371473312378,0.8693123459815979,1.3219709396362305,1.5517401695251465,1.0356627702713013,1.0153157711029053,1.0022000074386597,0.9176603555679321,1.0133039951324463,0.9273680448532104,1.029272198677063,1.0224318504333496,1.07123601436615
/p/project1/hai_1252/toulouse1/flexcraft/data/adapt/full_run_seed/2026-06-27_10:57:16_adapt_full_run_c4_/3QDG+MAVMAPRTLV+TLMSAMTNL+CALSAPNSGN+CASSYSKEGG_0_369.pdb,0.34933000802993774,0.34188729524612427,0.3866721987724304,0.40644311904907227,0.38025927543640137,0.4191017150878906,0.6776171326637268,0.6608741879463196,0.47225528955459595,0.34735655784606934,1.0616545677185059,7.604582151543582e-06,0.7779896259307861,0.6032876968383789,0.7806869149208069,0.36732223629951477,1.0555338859558105,0.939664363861084,0.707960844039917,1.0349420309066772,0.5573180913925171,0.5658215284347534,0.7366628646850586,0.39883753657341003,0.870277464389801,0.7274726033210754,0.6961809396743774,0.45658794045448303,0.6833897233009338,0.4826696813106537,0.5007695555686951,0.9805436134338379,0.2872631847858429,0.43388426303863525,0.7316741347312927,0.5415352582931519,0.8190599679946899,0.3342868387699127,0.6216102242469788,0.45316433906555176,0.22308294475078583,0.3517226278781891,0.42062222957611084,0.6173827052116394,0.8454486727714539,0.714523434638977,0.6054718494415283,0.7205837965011597,0.667025625705719,0.37383341789245605,0.38089895248413086,0.6931270360946655,0.5180838704109192,0.7062664031982422,0.7223653197288513,0.6851659417152405,0.583813488483429,0.4319083094596863,0.43731340765953064,0.66631680727005,0.35841861367225647,0.892899751663208,0.34686002135276794,0.43390220403671265,0.40783384442329407,0.6489576697349548,0.6985378861427307,0.9449729919433594,0.7941563725471497,0.6786006689071655,0.5144597291946411,0.5080065727233887,0.3721165359020233,0.42345234751701355,0.35496756434440613,0.4158403277397156,0.37383443117141724
/p/project1/hai_1252/toulouse1/flexcraft/data/adapt/full_run_seed/2026-06-27_10:57:16_adapt_full_run_c4_/3QDG+MAVMAPRTLV+TLMSAMTNL+CALSAPNSGN+CASSYSKEGG_0_64.pdb,0.5937879681587219,0.6235279440879822,0.7797120809555054,0.5359033942222595,0.5728621482849121,0.795077919960022,0.26043227314949036,0.3344646990299225,0.8746517300605774,0.6748101711273193,1.165956974029541,0.7779875993728638,6.04384467806085e-06,0.43538007140159607,0.2669433653354645,0.6624024510383606,1.1645352840423584,0.6917993426322937,0.8792421817779541,0.7532345056533813,1.0157099962234497,0.4407965838909149,0.7424072623252869,0.8088818192481995,0.8345158100128174,0.34288376569747925,0.5493674874305725,0.8944624662399292,0.4402675926685333,0.8450326919555664,0.7037363052368164,0.6727690696716309,0.760174036026001,0.5095545649528503,0.43502387404441833,0.45264169573783875,0.7629687786102295,0.6161974668502808,0.6621712446212769,0.4992453157901764,0.7725945115089417,0.9334080815315247,0.5856431722640991,1.0045983791351318,0.8711985349655151,0.691596269607544,0.728632926940918,0.648429811000824,0.3579806685447693,0.6177347898483276,0.6968176960945129,0.5755256414413452,0.5447074174880981,0.3821653723716736,0.15614277124404907,0.5716149210929871,0.34994393587112427,0.7408639788627625,0.8409090638160706,1.0167326927185059,0.6516583561897278,1.1095412969589233,0.6329001784324646,0.5249260067939758,0.5651453733444214,0.578977108001709,0.9872924089431763,1.1273458003997803,0.43582478165626526,0.4586132764816284,0.6573595404624939,0.7450812458992004,0.6586334705352783,0.7831419110298157,0.6338542699813843,0.5200442671775818,0.6177375912666321
/p/project1/hai_1252/toulouse1/flexcraft/data/adapt/full_run_seed/2026-06-27_10:57:16_adapt_full_run_c4_/3QDG+MAVMAPRTLV+TLMSAMTNL+CALSAPNSGN+CASSYSKEGG_0_147.pdb,0.4427548348903656,0.5219589471817017,0.5495634078979492,0.33860209584236145,0.45116883516311646,0.6576150059700012,0.3541998863220215,0.27999863028526306,0.6251554489135742,0.5247007012367249,1.0961354970932007,0.6032851934432983,0.43538156151771545,1.1575328244362026e-05,0.4464750289916992,0.544040322303772,1.085879921913147,0.7617765069007874,0.7671584486961365,0.7225823402404785,0.8157113790512085,0.392894446849823,0.6078776717185974,0.6216777563095093,0.7667232751846313,0.4455718696117401,0.3555876910686493,0.7034709453582764,0.37733882665634155,0.5761250853538513,0.5640906691551208,0.6642099618911743,0.528558611869812,0.4147177040576935,0.33842477202415466,0.43940284848213196,0.714844822883606,0.4477950930595398,0.6361846327781677,0.3726705312728882,0.5523842573165894,0.6954232454299927,0.43347859382629395,0.8171068429946899,0.8446044325828552,0.6097487807273865,0.5879495739936829,0.6373291611671448,0.3993397355079651,0.5227351784706116,0.48065856099128723,0.47709277272224426,0.5375195145606995,0.30544233322143555,0.38019901514053345,0.6037735939025879,0.2432716339826584,0.6170738935470581,0.6709383130073547,0.8149886131286621,0.50318843126297,0.9666994214057922,0.46513819694519043,0.3826574385166168,0.3439349830150604,0.5326735377311707,0.811939001083374,1.0013333559036255,0.5156026482582092,0.3698107600212097,0.5874850749969482,0.5642552375793457,0.48679959774017334,0.5940637588500977,0.43123430013656616,0.40053609013557434,0.5227357745170593
/p/project1/hai_1252/toulouse1/flexcraft/data/adapt/full_run_seed/2026-06-27_10:57:16_adapt_full_run_c4_/3QDG+MAVMAPRTLV+TLMSAMTNL+CALSAPNSGN+CASSYSKEGG_0_171.pdb,0.6294637322425842,0.6147944331169128,0.7707417607307434,0.5769683718681335,0.6158092617988586,0.8146067261695862,0.22254402935504913,0.3095014989376068,0.8450327515602112,0.7115983963012695,1.077276349067688,0.780684769153595,0.26694372296333313,0.446474552154541,1.1080663171014749e-05,0.7394998669624329,1.1966801881790161,0.6366856098175049,0.8351926207542419,0.7677870392799377,0.9782249331474304,0.4234454035758972,0.6757181882858276,0.8275401592254639,0.7638486623764038,0.32169532775878906,0.5315816402435303,0.8728509545326233,0.47256866097450256,0.8011420965194702,0.7433164119720459,0.6946554780006409,0.7475884556770325,0.6074579954147339,0.4598943293094635,0.45329588651657104,0.7052867412567139,0.6477170586585999,0.6611505150794983,0.481623113155365,0.7540905475616455,0.9171645045280457,0.6007591485977173,1.018426537513733,0.8080329895019531,0.6238264441490173,0.6901258230209351,0.5684078931808472,0.3204120099544525,0.6909967660903931,0.7067443132400513,0.5784755945205688,0.6805291771888733,0.34365716576576233,0.20100955665111542,0.642089307308197,0.3928152918815613,0.8401526808738708,0.8349460363388062,0.9621397256851196,0.6864919662475586,1.0495706796646118,0.6731332540512085,0.6073107719421387,0.5530542731285095,0.5489948391914368,0.9286765456199646,1.0638587474822998,0.38083121180534363,0.45178285241127014,0.7289087176322937,0.7180313467979431,0.6920355558395386,0.7800320982933044,0.6729881167411804,0.5772686004638672,0.690997302532196
/p/project1/hai_1252/toulouse1/flexcraft/data/adapt/full_run_seed/2026-06-27_10:57:16_adapt_full_run_c4_/3QDG+MAVMAPRTLV+TLMSAMTNL+CALSAPNSGN+CASSYSKEGG_0_303.pdb,0.18648310005664825,0.406446248292923,0.3645363748073578,0.28654998540878296,0.205123633146286,0.4232565462589264,0.6021453142166138,0.5944867730140686,0.501189112663269,0.20758624374866486,1.0719174146652222,0.3673226535320282,0.6624036431312561,0.5440388917922974,0.7395032048225403,2.0540765035548247e-05,0.9432035088539124,0.8734381198883057,0.6943975687026978,0.9069031476974487,0.6542251110076904,0.4753081202507019,0.6969805359840393,0.3003982901573181,0.8608769178390503,0.6698837280273438,0.6944295167922974,0.5985761284828186,0.5633141398429871,0.6063831448554993,0.3660626709461212,0.8444523811340332,0.38005712628364563,0.21460507810115814,0.5989574790000916,0.4418005645275116,0.7984945774078369,0.18539294600486755,0.669221043586731,0.4107998311519623,0.38326093554496765,0.5041787028312683,0.341105192899704,0.585530698299408,0.818610429763794,0.6893286108970642,0.5631972551345825,0.6811618208885193,0.6017614006996155,0.11239606887102127,0.28724172711372375,0.5985608100891113,0.260145366191864,0.6510028839111328,0.6336091160774231,0.5534225702285767,0.4809432923793793,0.1805179864168167,0.4807606637477875,0.7083843946456909,0.2167532742023468,1.026961326599121,0.1955624669790268,0.24896372854709625,0.35850173234939575,0.5740078687667847,0.8064318895339966,1.065276861190796,0.7360309362411499,0.6063622236251831,0.3072395920753479,0.49008047580718994,0.19182823598384857,0.3820766806602478,0.19361752271652222,0.23054572939872742,0.11240044236183167
/p/project1/hai_1252/toulouse1/flexcraft/data/adapt/full_run_seed/2026-06-27_10:57:16_adapt_full_run_c4_/3QDG+MAVMAPRTLV+TLMSAMTNL+CALSAPNSGN+CASSYSKEGG_0_614.pdb,0.963249146938324,0.980946958065033,1.0170282125473022,1.0142837762832642,0.9178262948989868,1.130982518196106,1.0841732025146484,1.0928593873977661,1.0995426177978516,0.9575799703598022,1.3029175996780396,1.0555353164672852,1.1645359992980957,1.0858761072158813,1.1966779232025146,0.9432032704353333,5.6417252380924765e-06,0.8648724555969238,1.0883079767227173,1.0308393239974976,1.0472466945648193,0.9097777009010315,1.0946346521377563,0.9777500629425049,1.1118801832199097,1.150455117225647,1.0895991325378418,0.9993706941604614,0.9454686045646667,1.20326828956604,0.8155515193939209,1.0013723373413086,1.0481711626052856,0.9812237024307251,1.017289161682129,0.8982338309288025,1.0072370767593384,0.9805364012718201,1.0106607675552368,0.9935545325279236,1.0610568523406982,1.0469356775283813,0.9349734783172607,0.8246541023254395,0.7363443970680237,0.9502727389335632,0.8163170218467712,0.9767313599586487,1.0226815938949585,0.9504197835922241,1.0109031200408936,0.8200199007987976,0.9641088843345642,1.1069903373718262,1.137272834777832,0.9449300169944763,1.0120478868484497,0.9030720591545105,0.898238480091095,0.9319428205490112,0.9282059073448181,1.2943462133407593,0.9481502175331116,1.0376827716827393,1.0543992519378662,0.8617900609970093,1.0614486932754517,1.2781543731689453,1.0683209896087646,0.9796805381774902,0.8692254424095154,1.0451037883758545,0.9614359736442566,0.9859133958816528,0.9914957284927368,0.913554847240448,0.9504196047782898
/p/project1/hai_1252/toulouse1/flexcraft/data/adapt/full_run_seed/2026-06-27_10:57:16_adapt_full_run_c4_/3QDG+MAVMAPRTLV+TLMSAMTNL+CALSAPNSGN+CASSYSKEGG_0_501.pdb,0.8055040240287781,0.7895159125328064,0.9007115960121155,0.8099135756492615,0.7644113898277283,0.9865955114364624,0.6079750061035156,0.6514256000518799,0.9722795486450195,0.8436988592147827,0.8973759412765503,0.9396643042564392,0.6917992234230042,0.7617712616920471,0.6366891860961914,0.8734374642372131,0.8648701310157776,6.222623596841004e-06,0.8089922070503235,0.7722518444061279,1.0180917978286743,0.5721778273582458,0.7752950191497803,0.9222179651260376,0.5922759771347046,0.6373605728149414,0.7747179865837097,0.9491190314292908,0.6712620258331299,1.01558256149292,0.7661702036857605,0.7346867322921753,0.9240597486495972,0.8096727132797241,0.7078149318695068,0.5713338255882263,0.6481874585151672,0.8250693678855896,0.7259697914123535,0.7042193412780762,0.9098041653633118,1.0264440774917603,0.7315793633460999,1.0025447607040405,0.42767107486724854,0.6152335405349731,0.6173496246337891,0.5037974119186401,0.5710315704345703,0.8444365859031677,0.863315999507904,0.6164324879646301,0.8302966356277466,0.6784621477127075,0.6521535515785217,0.6033002734184265,0.66843581199646,0.9369989037513733,0.911504864692688,0.8661714792251587,0.8183755278587341,1.192662000656128,0.8275987505912781,0.8446573615074158,0.7923251986503601,0.526634156703949,1.0223084688186646,1.1809784173965454,0.5279350280761719,0.6643973588943481,0.776095449924469,0.8407466411590576,0.84693443775177,0.8690893054008484,0.8503239750862122,0.7402015924453735,0.8444375991821289
/p/project1/hai_1252/toulouse1/flexcraft/data/adapt/full_run_seed/2026-06-27_10:57:16_adapt_full_run_c4_/3QDG+MAVMAPRTLV+TLMSAMTNL+CALSAPNSGN+CASSYSKEGG_0_389.pdb,0.6449702382087708,0.6793291568756104,0.6647617220878601,0.6933678388595581,0.6916236877441406,0.5665156245231628,0.696648120880127,0.7555326819419861,0.7091625332832336,0.6513897776603699,0.5089017748832703,0.707962691783905,0.879245400428772,0.7671564817428589,0.8351942300796509,0.69439697265625,1.0883082151412964,0.8089934587478638,9.59895896812668e-06,0.9489505887031555,0.8209884762763977,0.6302338242530823,0.6559052467346191,0.6224542260169983,0.6334468126296997,0.7677427530288696,0.8335822820663452,0.7955328226089478,0.7649399042129517,0.8300484418869019,0.6567937731742859,0.9309338331222534,0.64655601978302,0.7057350873947144,0.7720023989677429,0.6192609071731567,0.5535793900489807,0.6439169645309448,0.7111328840255737,0.6195722818374634,0.6569027304649353,0.7566400170326233,0.62611985206604,0.7644890546798706,0.7167665958404541,0.5844547748565674,0.5270655751228333,0.599274754524231,0.7360778450965881,0.7008240222930908,0.6397388577461243,0.7216812372207642,0.7463903427124023,0.8276717066764832,0.8167211413383484,0.6780425906181335,0.6914739012718201,0.7954179048538208,0.7682074904441833,0.5186678767204285,0.6262833476066589,1.3072798252105713,0.7048130035400391,0.710952639579773,0.6480249166488647,0.5996688008308411,1.069926381111145,1.3362356424331665,0.8524925112724304,0.6962370276451111,0.6630625128746033,0.5958382487297058,0.6440606117248535,0.580396294593811,0.6615102291107178,0.6633751392364502,0.700823187828064
/p/project1/hai_1252/toulouse1/flexcraft/data/adapt/full_run_seed/2026-06-27_10:57:16_adapt_full_run_c4_/3QDG+MAVMAPRTLV+TLMSAMTNL+CALSAPNSGN+CASSYSKEGG_0_381.pdb,0.8392420411109924,0.9038453698158264,0.9481136798858643,0.8059784173965454,0.8082279562950134,1.028638243675232,0.6882212162017822,0.7212592363357544,1.0163241624832153,0.8741577863693237,1.156816005706787,1.0349419116973877,0.753235936164856,0.7225823402404785,0.7677847743034363,0.9069026112556458,1.0308371782302856,0.7722529768943787,0.9489481449127197,2.4507686248398386e-05,1.1194390058517456,0.7022258043289185,0.705339789390564,0.9531547427177429,0.9149284958839417,0.7564138174057007,0.6418748497962952,1.094730019569397,0.5086121559143066,1.0609722137451172,0.9018512964248657,0.20989863574504852,0.9535839557647705,0.8147598505020142,0.5496580004692078,0.7190858125686646,0.7506667971611023,0.857964813709259,0.7515228986740112,0.7404133677482605,0.981622040271759,1.0970865488052368,0.7518817186355591,0.9801773428916931,0.8650226593017578,0.8355579972267151,0.8419821858406067,0.7571933269500732,0.6707467436790466,0.8829498291015625,0.8777981996536255,0.5404736399650574,0.8383588790893555,0.716731071472168,0.7307315468788147,0.7872205376625061,0.6620000004768372,0.9316027164459229,1.0047953128814697,1.0277670621871948,0.8415877223014832,1.2441542148590088,0.8587287068367004,0.8363302946090698,0.811567485332489,0.7014408111572266,1.113891839981079,1.2842479944229126,0.6719432473182678,0.5544243454933167,0.8378103971481323,0.8836272358894348,0.8775945901870728,0.9108746647834778,0.8601534962654114,0.7955368161201477,0.8829505443572998
/p/project1/hai_1252/toulouse1/flexcraft/data/adapt/full_run_seed/2026-06-27_10:57:16_adapt_full_run_c4_/3QDG+MAVMAPRTLV+TLMSAMTNL+CALSAPNSGN+CASSYSKEGG_0_646.pdb,0.5921242833137512,0.6003697514533997,0.5794583559036255,0.6756331324577332,0.615482747554779,0.6683134436607361,0.8917882442474365,0.8981696963310242,0.6031233072280884,0.5763247013092041,1.0943570137023926,0.5573187470436096,1.015711784362793,0.8157115578651428,0.9782249331474304,0.6542244553565979,1.0472451448440552,1.018091082572937,0.8209851384162903,1.1194384098052979,3.8420952478190884e-05,0.7556094527244568,0.862947404384613,0.5727469325065613,0.9982682466506958,0.954879879951477,0.8596457839012146,0.5951460003852844,0.8552071452140808,0.602806806564331,0.6605604887008667,1.0569781064987183,0.5566465258598328,0.7266830205917358,0.9029594659805298,0.7366423010826111,0.9168952107429504,0.5858337879180908,0.8578706979751587,0.6594182252883911,0.5520601272583008,0.4438307285308838,0.6533285975456238,0.6719973683357239,0.8602504730224609,0.772387683391571,0.6879228949546814,0.7813810110092163,0.8723665475845337,0.6307950019836426,0.5984687209129333,0.8183889389038086,0.7926949858665466,0.9315943121910095,0.9489250183105469,0.9288774132728577,0.8332003355026245,0.7116245031356812,0.3378501832485199,0.6653947830200195,0.5884014368057251,0.7614783644676208,0.5876241326332092,0.7247487902641296,0.6106709241867065,0.7979069948196411,0.4976699948310852,0.8060137629508972,0.9736546277999878,0.8584405779838562,0.7067548036575317,0.6799184083938599,0.6010895371437073,0.6099635362625122,0.6298363208770752,0.6838659048080444,0.6307953596115112
/p/project1/hai_1252/toulouse1/flexcraft/data/adapt/full_run_seed/2026-06-27_10:57:16_adapt_full_run_c4_/3QDG+MAVMAPRTLV+TLMSAMTNL+CALSAPNSGN+CASSYSKEGG_0_497.pdb,0.380066841840744,0.4571162760257721,0.48452338576316833,0.38140052556991577,0.35283732414245605,0.6224453449249268,0.2859467566013336,0.3043399751186371,0.5781874060630798,0.43613573908805847,0.944618821144104,0.5658203363418579,0.44079726934432983,0.3928934633731842,0.4234434962272644,0.4753076136112213,0.909779965877533,0.5721759796142578,0.630241334438324,0.7022251486778259,0.7556097507476807,2.4014118025661446e-05,0.5906786322593689,0.5306464433670044,0.6780367493629456,0.38341230154037476,0.5216818451881409,0.7064050436019897,0.3728598654270172,0.674780011177063,0.48787862062454224,0.6347211599349976,0.5165690183639526,0.4176262617111206,0.3886314332485199,0.13346582651138306,0.58077472448349,0.39494308829307556,0.541095495223999,0.3219786584377289,0.5191143751144409,0.6957114934921265,0.3434498906135559,0.7536003589630127,0.6342957615852356,0.5047972798347473,0.42914772033691406,0.4059756398200989,0.2707834243774414,0.44465190172195435,0.4379129409790039,0.35541582107543945,0.49705708026885986,0.3565240204334259,0.3521372377872467,0.4940679669380188,0.2502264678478241,0.554844081401825,0.5998036861419678,0.6954808235168457,0.40235692262649536,0.986868679523468,0.41812145709991455,0.4406062066555023,0.36869633197784424,0.286761999130249,0.7783481478691101,1.002901315689087,0.423570841550827,0.36755430698394775,0.48930156230926514,0.4659362733364105,0.42722299695014954,0.48980480432510376,0.42291852831840515,0.32363834977149963,0.4446517825126648
/p/project1/hai_1252/toulouse1/flexcraft/data/adapt/full_run_seed/2026-06-27_10:57:16_adapt_full_run_c4_/3QDG+MAVMAPRTLV+TLMSAMTNL+CALSAPNSGN+CASSYSKEGG_0_172.pdb,0.5969215035438538,0.6629881262779236,0.6657524108886719,0.5789086222648621,0.6235184073448181,0.7115061283111572,0.6076882481575012,0.6173283457756042,0.7161936163902283,0.6509243845939636,0.8601316213607788,0.7366624474525452,0.7424066066741943,0.6078770160675049,0.6757215857505798,0.6969800591468811,1.09463632106781,0.7752969861030579,0.6559051275253296,0.7053403258323669,0.8629473447799683,0.5906789302825928,1.1625825209193863e-05,0.6863906979560852,0.6987825036048889,0.6681540012359619,0.6325459480285645,0.7430356740951538,0.5816417336463928,0.6707586050033569,0.6279551386833191,0.6905850768089294,0.6579858064651489,0.6418511271476746,0.5719952583312988,0.6145930886268616,0.5801597833633423,0.6049709320068359,0.6989070773124695,0.5281253457069397,0.6574693918228149,0.7681148052215576,0.585057258605957,0.7428995966911316,0.7829217314720154,0.5854952335357666,0.5744934678077698,0.6398938298225403,0.6333779096603394,0.6792157888412476,0.613353431224823,0.6097326874732971,0.7315055131912231,0.6659275889396667,0.6820052862167358,0.689884603023529,0.609242856502533,0.7952734231948853,0.7759780883789062,0.6995973587036133,0.6388987898826599,1.160317301750183,0.6334907412528992,0.619351863861084,0.5282436013221741,0.6287161111831665,0.9607383608818054,1.175802230834961,0.7111645936965942,0.5520654320716858,0.6314483880996704,0.600753128528595,0.6127668023109436,0.6273195743560791,0.6093587875366211,0.5991101861000061,0.6792153716087341
/p/project1/hai_1252/toulouse1/flexcraft/data/adapt/full_run_seed/2026-06-27_10:57:16_adapt_full_run_c4_/3QDG+MAVMAPRTLV+TLMSAMTNL+CALSAPNSGN+CASSYSKEGG_0_377.pdb,0.30802616477012634,0.4911836087703705,0.2852219343185425,0.38681760430336,0.33721035718917847,0.42500394582748413,0.6854647994041443,0.6699054837226868,0.3764429986476898,0.22331711649894714,0.9942067861557007,0.39883628487586975,0.808880090713501,0.6216779947280884,0.8275389075279236,0.300398588180542,0.9777492880821228,0.9222182035446167,0.6224398612976074,0.9531557559967041,0.5727439522743225,0.5306466221809387,0.6863900423049927,2.1628626200254075e-05,0.8640739917755127,0.741262674331665,0.7678937315940857,0.6406300663948059,0.6547761559486389,0.589594841003418,0.45629775524139404,0.9175833463668823,0.3169074058532715,0.421825110912323,0.6709627509117126,0.511769711971283,0.8072184324264526,0.2819472849369049,0.7341343760490417,0.46956852078437805,0.34100353717803955,0.4611956477165222,0.3607954680919647,0.5652302503585815,0.7917184829711914,0.70048588514328,0.5451951026916504,0.654261589050293,0.6652868986129761,0.33420178294181824,0.2646001875400543,0.637730062007904,0.4949279725551605,0.7167394161224365,0.7445608973503113,0.6672645807266235,0.5774275064468384,0.3795672655105591,0.4842890501022339,0.5794950127601624,0.2535248100757599,1.048035740852356,0.33185794949531555,0.4209091365337372,0.3917642831802368,0.5784313678741455,0.8051607608795166,1.0926579236984253,0.8078553676605225,0.687828004360199,0.45271798968315125,0.4005575478076935,0.244423970580101,0.2738114297389984,0.28955692052841187,0.38613349199295044,0.33420273661613464
/p/project1/hai_1252/toulouse1/flexcraft/data/adapt/full_run_seed/2026-06-27_10:57:16_adapt_full_run_c4_/3QDG+MAVMAPRTLV+TLMSAMTNL+CALSAPNSGN+CASSYSKEGG_0_388.pdb,0.79539954662323,0.8296334147453308,0.8234303593635559,0.7820510864257812,0.7876108288764954,0.8507459759712219,0.7096775770187378,0.7191959023475647,0.8528410792350769,0.8250460028648376,0.608689546585083,0.8702778816223145,0.8345198035240173,0.7667192816734314,0.763841450214386,0.8608793020248413,1.1118806600570679,0.5922766327857971,0.6334470510482788,0.9149320721626282,0.9982690811157227,0.6780404448509216,0.6987800002098083,0.8640767335891724,1.09059137685108e-05,0.7135869264602661,0.8213538527488708,0.9327276945114136,0.7909066081047058,0.8895226716995239,0.7954741716384888,0.886598527431488,0.8504256010055542,0.8243957161903381,0.7815656661987305,0.6765542030334473,0.6110956072807312,0.7964048981666565,0.7717920541763306,0.7276244163513184,0.7864258289337158,0.9350842833518982,0.7497761249542236,0.9936384558677673,0.6895205974578857,0.67808997631073,0.6391984820365906,0.5619394779205322,0.6814312934875488,0.8526622653007507,0.798374354839325,0.7382505536079407,0.8691422343254089,0.7589064836502075,0.7798983454704285,0.6177129149436951,0.726571798324585,0.9465124011039734,0.9419756531715393,0.7872125506401062,0.8169482946395874,1.2721173763275146,0.8052036166191101,0.819507360458374,0.7326814532279968,0.6444967985153198,1.0999681949615479,1.285446047782898,0.6624550819396973,0.753434419631958,0.8111823797225952,0.7718418836593628,0.8149469494819641,0.8052415251731873,0.7994884848594666,0.7605629563331604,0.8526633977890015
/p/project1/hai_1252/toulouse1/flexcraft/data/adapt/full_run_seed/2026-06-27_10:57:16_adapt_full_run_c4_/3QDG+MAVMAPRTLV+TLMSAMTNL+CALSAPNSGN+CASSYSKEGG_0_305.pdb,0.5784201622009277,0.6505831480026245,0.6746377944946289,0.5323249697685242,0.5636614561080933,0.7547239661216736,0.2512541711330414,0.2819952964782715,0.7388423681259155,0.6269528865814209,1.0216206312179565,0.7274719476699829,0.3428870141506195,0.4455717206001282,0.3216930031776428,0.669887125492096,1.1504563093185425,0.6373584270477295,0.7677444815635681,0.7564122676849365,0.9548829197883606,0.38341256976127625,0.6681512594223022,0.7412626147270203,0.7135859727859497,1.0872147868212778e-05,0.5620512366294861,0.8798192739486694,0.4723106920719147,0.7845563292503357,0.6997851729393005,0.7055609822273254,0.6850808262825012,0.5682608485221863,0.4404180347919464,0.3965916633605957,0.6304228901863098,0.5858946442604065,0.6215425133705139,0.49892929196357727,0.6826131939888,0.8860887289047241,0.5223602652549744,0.9612535834312439,0.7979905605316162,0.6331030130386353,0.6368958950042725,0.5292038917541504,0.2939484715461731,0.6318297982215881,0.6174821257591248,0.534692645072937,0.6308831572532654,0.32008203864097595,0.2507714033126831,0.5390055179595947,0.3375912308692932,0.7552664279937744,0.8080196976661682,0.8898687958717346,0.6072497963905334,1.123923420906067,0.6136588454246521,0.5688223242759705,0.510954737663269,0.48050832748413086,0.9651616811752319,1.1423420906066895,0.3979039788246155,0.4548666775226593,0.6859399676322937,0.5705894231796265,0.6417704224586487,0.6490438580513,0.6029967665672302,0.537848174571991,0.6318358182907104
/p/project1/hai_1252/toulouse1/flexcraft/data/adapt/full_run_seed/2026-06-27_10:57:16_adapt_full_run_c4_/3QDG+MAVMAPRTLV+TLMSAMTNL+CALSAPNSGN+CASSYSKEGG_0_598.pdb,0.5877605676651001,0.586256206035614,0.7025881409645081,0.5278272032737732,0.5876743197441101,0.775728702545166,0.479278564453125,0.451088011264801,0.7768973708152771,0.6572868227958679,1.1266021728515625,0.6961836814880371,0.5493665933609009,0.35558947920799255,0.5315805673599243,0.6944270730018616,1.0895979404449463,0.7747222185134888,0.8335729241371155,0.6418740153312683,0.8596456050872803,0.5216825008392334,0.6325466632843018,0.767890989780426,0.8213600516319275,0.5620512962341309,1.9129282009089366e-05,0.7486512064933777,0.4153079092502594,0.6876281499862671,0.6895654201507568,0.5797761678695679,0.648517370223999,0.5692611932754517,0.44759154319763184,0.5591244101524353,0.653371274471283,0.6025364398956299,0.5207685828208923,0.479876846075058,0.676482617855072,0.7720794677734375,0.5507248640060425,0.8230945467948914,0.8645285964012146,0.6486744284629822,0.6859751343727112,0.6788393259048462,0.4879083037376404,0.6631715893745422,0.6418756246566772,0.4481976330280304,0.6658561825752258,0.4562985599040985,0.509056568145752,0.7197813987731934,0.4240349233150482,0.7407937049865723,0.7413527369499207,0.8826976418495178,0.6344177722930908,0.9102200865745544,0.604129433631897,0.5692669749259949,0.5035150051116943,0.6029596328735352,0.8144932389259338,0.9713884592056274,0.5622878670692444,0.3334958851337433,0.6922991871833801,0.6929644346237183,0.6604452729225159,0.723668098449707,0.6072118878364563,0.5518001914024353,0.6631731986999512
/p/project1/hai_1252/toulouse1/flexcraft/data/adapt/full_run_seed/2026-06-27_10:57:16_adapt_full_run_c4_/3QDG+MAVMAPRTLV+TLMSAMTNL+CALSAPNSGN+CASSYSKEGG_0_391.pdb,0.557207465171814,0.4321288764476776,0.6411810517311096,0.5999934077262878,0.5983945727348328,0.6379661560058594,0.8052831292152405,0.7930476069450378,0.7229463458061218,0.6006847620010376,1.0975888967514038,0.45658761262893677,0.8944599628448486,0.7034719586372375,0.872850239276886,0.5985806584358215,0.9993706345558167,0.9491190314292908,0.7955326437950134,1.0947271585464478,0.5951486825942993,0.7064049243927002,0.7430359125137329,0.6406390070915222,0.9327274560928345,0.879819929599762,0.7486537098884583,4.5619954107678495e-06,0.7961616516113281,0.524766743183136,0.4433463215827942,1.0264461040496826,0.5449579358100891,0.6097630858421326,0.8484553098678589,0.6974232196807861,0.8377648591995239,0.5619674921035767,0.7422367334365845,0.5745673775672913,0.5337666273117065,0.4335215985774994,0.6500401496887207,0.5939955115318298,0.8508718013763428,0.6134135723114014,0.5586069822311401,0.8307896852493286,0.8179009556770325,0.5921574234962463,0.6225592494010925,0.8047568798065186,0.6899436712265015,0.845699667930603,0.8576453924179077,0.8031197786331177,0.736600935459137,0.659270703792572,0.44932398200035095,0.6381871104240417,0.5961184501647949,0.9030037522315979,0.5611081123352051,0.613252580165863,0.5914493799209595,0.7775571942329407,0.6744381189346313,0.9078173041343689,0.9184930920600891,0.7574182152748108,0.5823358297348022,0.7082033157348633,0.5724926590919495,0.6457430124282837,0.581746518611908,0.586114227771759,0.5921606421470642
/p/project1/hai_1252/toulouse1/flexcraft/data/adapt/full_run_seed/2026-06-27_10:57:16_adapt_full_run_c4_/3QDG+MAVMAPRTLV+TLMSAMTNL+CALSAPNSGN+CASSYSKEGG_0_432.pdb,0.4848213791847229,0.5432114601135254,0.6344335675239563,0.43513497710227966,0.4564627408981323,0.7026270031929016,0.3657758831977844,0.4032250940799713,0.7201347351074219,0.544920027256012,1.078731894493103,0.6833884119987488,0.44026699662208557,0.37733951210975647,0.47256791591644287,0.5633151531219482,0.9454670548439026,0.6712595820426941,0.7649320363998413,0.5086121559143066,0.8552051782608032,0.3728596568107605,0.5816398859024048,0.654776394367218,0.790907621383667,0.47230908274650574,0.415306955575943,0.7961589097976685,9.074533409147989e-06,0.7355785369873047,0.6009585857391357,0.4458332061767578,0.6145568490028381,0.4461580216884613,0.21079809963703156,0.3990938067436218,0.6245020031929016,0.5044127702713013,0.5359803438186646,0.3760496973991394,0.6400984525680542,0.7776660323143005,0.4379259943962097,0.7711293697357178,0.7464707493782043,0.6318030953407288,0.6066295504570007,0.5729072690010071,0.3946211040019989,0.532035768032074,0.5611560940742493,0.2937749922275543,0.5097545385360718,0.42093589901924133,0.4089972972869873,0.5432231426239014,0.2935619354248047,0.6069193482398987,0.6967281103134155,0.8395304679870605,0.5119870901107788,1.0045177936553955,0.5118412375450134,0.4641999900341034,0.4575308561325073,0.48072847723960876,0.8419263958930969,1.0230225324630737,0.47626975178718567,0.23380470275878906,0.5499811172485352,0.6020073294639587,0.5373960137367249,0.6224456429481506,0.5060267448425293,0.4353771209716797,0.5320372581481934
/p/project1/hai_1252/toulouse1/flexcraft/data/adapt/full_run_seed/2026-06-27_10:57:16_adapt_full_run_c4_/3QDG+MAVMAPRTLV+TLMSAMTNL+CALSAPNSGN+CASSYSKEGG_0_525.pdb,0.5235880017280579,0.5584856271743774,0.48332270979881287,0.49657541513442993,0.5688303112983704,0.5783226490020752,0.7393991947174072,0.6865222454071045,0.5141167640686035,0.5652241706848145,1.1179392337799072,0.4826664924621582,0.8450321555137634,0.5761253833770752,0.8011409044265747,0.6063875555992126,1.203262448310852,1.0155783891677856,0.8300454616546631,1.0609742403030396,0.6028079986572266,0.6747804284095764,0.6707587242126465,0.5895977020263672,0.8895266056060791,0.7845559120178223,0.6876277923583984,0.5247729420661926,0.7355778813362122,2.0288736777729355e-05,0.6032628417015076,1.0136067867279053,0.4342798590660095,0.6026208400726318,0.7490004301071167,0.7010276317596436,0.8893288373947144,0.5060184597969055,0.7884415984153748,0.5290780663490295,0.4233855605125427,0.3924657702445984,0.5844180583953857,0.7216216921806335,0.9519509673118591,0.7517310976982117,0.6711633801460266,0.8279963135719299,0.7565309405326843,0.6031277179718018,0.49238431453704834,0.7830557227134705,0.7377386093139648,0.7159712910652161,0.7797033786773682,0.8324588537216187,0.661469578742981,0.6793700456619263,0.533132016658783,0.7206614017486572,0.5831142663955688,0.8608146905899048,0.5157293677330017,0.5489615201950073,0.43048396706581116,0.792749285697937,0.6654370427131653,0.8894013166427612,0.8659754395484924,0.719243586063385,0.6924946904182434,0.5752038955688477,0.5270005464553833,0.5760279297828674,0.4968492388725281,0.5845550894737244,0.6031252145767212
/p/project1/hai_1252/toulouse1/flexcraft/data/adapt/full_run_seed/2026-06-27_10:57:16_adapt_full_run_c4_/3QDG+MAVMAPRTLV+TLMSAMTNL+CALSAPNSGN+CASSYSKEGG_0_561.pdb,0.35317790508270264,0.43752869963645935,0.499355673789978,0.4224069118499756,0.3840864896774292,0.54425048828125,0.6221395134925842,0.6195054054260254,0.6145482659339905,0.3985954225063324,0.9971694946289062,0.5007683038711548,0.7037367820739746,0.564082682132721,0.7433143258094788,0.36606189608573914,0.8155506253242493,0.7661707401275635,0.6567957401275635,0.9018522500991821,0.6605610847473145,0.48788750171661377,0.6279535293579102,0.45630234479904175,0.7954725623130798,0.6997880935668945,0.6895611882209778,0.4433459937572479,0.6009587049484253,0.6032602787017822,1.3030810805503279e-05,0.8333935141563416,0.49665287137031555,0.3902113139629364,0.6387107968330383,0.475801557302475,0.7137711048126221,0.3672766089439392,0.6884037852287292,0.4442690908908844,0.5120826959609985,0.5303562879562378,0.4607548117637634,0.4966762065887451,0.7032297849655151,0.4963403344154358,0.35974088311195374,0.6575168371200562,0.6359180212020874,0.36686086654663086,0.44470077753067017,0.612381637096405,0.45289018750190735,0.6858364343643188,0.6709674596786499,0.5478022694587708,0.5373719930648804,0.4332471787929535,0.4482461214065552,0.5682015419006348,0.38217002153396606,1.0578242540359497,0.3768186867237091,0.4164298176765442,0.4497339427471161,0.5689632892608643,0.7795394659042358,1.0496623516082764,0.7508668303489685,0.6054038405418396,0.34204283356666565,0.5564491152763367,0.3588313162326813,0.48452112078666687,0.38794058561325073,0.3535608947277069,0.36686065793037415
/p/project1/hai_1252/toulouse1/flexcraft/data/adapt/full_run_seed/2026-06-27_10:57:16_adapt_full_run_c4_/3QDG+MAVMAPRTLV+TLMSAMTNL+CALSAPNSGN+CASSYSKEGG_0_114.pdb,0.7735455632209778,0.8308412432670593,0.911293625831604,0.7456867694854736,0.7425684928894043,0.9848119616508484,0.625557005405426,0.666499137878418,0.9874565601348877,0.822833776473999,1.1481934785842896,0.9805437922477722,0.6727697253227234,0.664212167263031,0.6946538090705872,0.8444515466690063,1.0013704299926758,0.7346869707107544,0.9309315085411072,0.2098972201347351,1.056977391242981,0.6347198486328125,0.6905855536460876,0.9175832867622375,0.8865996599197388,0.7055628895759583,0.5797776579856873,1.026445984840393,0.4458302855491638,1.013606309890747,0.833392322063446,1.109267850551987e-05,0.9222230911254883,0.7446381449699402,0.4945622682571411,0.650559663772583,0.7055776119232178,0.7966873645782471,0.699346661567688,0.6757261753082275,0.9370244741439819,1.050024151802063,0.7244663834571838,0.953376054763794,0.8599434494972229,0.7765519618988037,0.7955835461616516,0.7083031535148621,0.620349645614624,0.8121630549430847,0.8350749611854553,0.49324047565460205,0.7687613368034363,0.6707110404968262,0.6614860892295837,0.7350121140480042,0.5966269969940186,0.8667600154876709,0.9390727281570435,1.0210621356964111,0.7925684452056885,1.172045350074768,0.7921324372291565,0.7710411548614502,0.7530227899551392,0.6686283349990845,1.0381981134414673,1.2000755071640015,0.6214898228645325,0.48192402720451355,0.7699877023696899,0.8597116470336914,0.816796600818634,0.8824784755706787,0.8045712113380432,0.7220087647438049,0.8121627569198608
/p/project1/hai_1252/toulouse1/flexcraft/data/adapt/full_run_seed/2026-06-27_10:57:16_adapt_full_run_c4_/3QDG+MAVMAPRTLV+TLMSAMTNL+CALSAPNSGN+CASSYSKEGG_0_383.pdb,0.333067387342453,0.3997713327407837,0.29303938150405884,0.3587677776813507,0.3650711476802826,0.38266608119010925,0.6261596083641052,0.6091560125350952,0.3653718829154968,0.3192421495914459,1.0195666551589966,0.28726279735565186,0.7601740956306458,0.5285609364509583,0.7475920915603638,0.3800562620162964,1.0481728315353394,0.9240578413009644,0.646554172039032,0.9535839557647705,0.5566481351852417,0.5165720582008362,0.6579855680465698,0.3169064521789551,0.8504267930984497,0.6850787401199341,0.6485190391540527,0.5449557304382324,0.6145558953285217,0.4342813789844513,0.49665185809135437,0.9222226142883301,2.196022978750989e-05,0.4339975118637085,0.6374169588088989,0.5118857026100159,0.7811226844787598,0.30390241742134094,0.6365786194801331,0.39056190848350525,0.2121412456035614,0.34649932384490967,0.3174171447753906,0.5620684027671814,0.8074210286140442,0.6802837252616882,0.5453048944473267,0.6795328855514526,0.6139870285987854,0.39620232582092285,0.28951212763786316,0.6175224781036377,0.525216281414032,0.6475702524185181,0.6874300241470337,0.6813516020774841,0.5273483395576477,0.46702849864959717,0.426863431930542,0.5711944103240967,0.29831886291503906,0.9322555065155029,0.34460902214050293,0.4095907211303711,0.324256956577301,0.5916706323623657,0.7041342258453369,0.9812020659446716,0.7623143196105957,0.6232213377952576,0.5187690854072571,0.385542094707489,0.3345963954925537,0.3305545747280121,0.30698955059051514,0.40757617354393005,0.39620241522789
/p/project1/hai_1252/toulouse1/flexcraft/data/adapt/full_run_seed/2026-06-27_10:57:16_adapt_full_run_c4_/3QDG+MAVMAPRTLV+TLMSAMTNL+CALSAPNSGN+CASSYSKEGG_0_198.pdb,0.212485671043396,0.3737952709197998,0.4614599943161011,0.19770614802837372,0.2311379462480545,0.45662060379981995,0.4791710376739502,0.4874911904335022,0.5880761742591858,0.3044925034046173,1.079106330871582,0.4338846206665039,0.5095514059066772,0.41472166776657104,0.6074556708335876,0.214605450630188,0.9812260270118713,0.8096722364425659,0.7057381272315979,0.814760148525238,0.7266826629638672,0.417625367641449,0.641850471496582,0.42182645201683044,0.8243959546089172,0.5682641863822937,0.5692640542984009,0.6097643375396729,0.44615572690963745,0.6026195287704468,0.39021268486976624,0.7446382641792297,0.43399760127067566,7.475778602383798e-06,0.478490948677063,0.402719110250473,0.7389370203018188,0.23124916851520538,0.6076588034629822,0.32213401794433594,0.4496237337589264,0.5750311613082886,0.3302927315235138,0.6682535409927368,0.8170514702796936,0.6473484635353088,0.5767928957939148,0.6588365435600281,0.5194368362426758,0.20399153232574463,0.35548490285873413,0.5367114543914795,0.20307990908622742,0.5502990484237671,0.5029851198196411,0.49404796957969666,0.3608452081680298,0.30927541851997375,0.5454160571098328,0.7739611864089966,0.2965012788772583,1.0124566555023193,0.2432747334241867,0.10782209038734436,0.3141153156757355,0.5541587471961975,0.8243768215179443,1.0467703342437744,0.6484167575836182,0.48253217339515686,0.3093184530735016,0.510356068611145,0.24708819389343262,0.4524877667427063,0.22448459267616272,0.1805373579263687,0.20399080216884613
/p/project1/hai_1252/toulouse1/flexcraft/data/adapt/full_run_seed/2026-06-27_10:57:16_adapt_full_run_c4_/3QDG+MAVMAPRTLV+TLMSAMTNL+CALSAPNSGN+CASSYSKEGG_0_451.pdb,0.518281877040863,0.6170868277549744,0.6335130929946899,0.44027262926101685,0.5015900135040283,0.7236171364784241,0.3503698706626892,0.36035585403442383,0.6988340020179749,0.5799157023429871,1.0761743783950806,0.7316725254058838,0.43502503633499146,0.33842507004737854,0.4598937928676605,0.5989590883255005,1.017288327217102,0.7078151702880859,0.771996259689331,0.5496534705162048,0.9029628038406372,0.3886314332485199,0.5719947218894958,0.670964241027832,0.7815672755241394,0.44041842222213745,0.4475911557674408,0.8484527468681335,0.21079453825950623,0.7489997148513794,0.6387153267860413,0.49455633759498596,0.6374176144599915,0.47849345207214355,1.1362883924448397e-05,0.418780654668808,0.6470478177070618,0.5278715491294861,0.618009626865387,0.42774903774261475,0.6583948731422424,0.8271346688270569,0.47633591294288635,0.8361508846282959,0.8102182745933533,0.6334388256072998,0.6166689991950989,0.5831425189971924,0.3890133798122406,0.5736510157585144,0.5547987818717957,0.3452151417732239,0.5537357330322266,0.37535491585731506,0.3899691700935364,0.5682680010795593,0.2776638865470886,0.6611130833625793,0.7540254592895508,0.8541591167449951,0.5449345111846924,1.0761059522628784,0.5487311482429504,0.47109562158584595,0.45653659105300903,0.49482467770576477,0.9118292927742004,1.0945451259613037,0.47713062167167664,0.27457180619239807,0.5955617427825928,0.5991929769515991,0.5504482388496399,0.6336185932159424,0.5128597617149353,0.4696437418460846,0.5736467838287354
/p/project1/hai_1252/toulouse1/flexcraft/data/adapt/full_run_seed/2026-06-27_10:57:16_adapt_full_run_c4_/3QDG+MAVMAPRTLV+TLMSAMTNL+CALSAPNSGN+CASSYSKEGG_0_136.pdb,0.362819641828537,0.44615840911865234,0.4838848114013672,0.3898319602012634,0.3255934715270996,0.6069796681404114,0.3155886232852936,0.348419725894928,0.57969731092453,0.40353742241859436,0.9307354092597961,0.5415346026420593,0.4526417553424835,0.4394034743309021,0.453298419713974,0.44179922342300415,0.8982329368591309,0.5713351964950562,0.6192567944526672,0.7190853953361511,0.7366420030593872,0.1334684044122696,0.6145915389060974,0.5117689967155457,0.6765519976615906,0.39658960700035095,0.5591270327568054,0.6974217891693115,0.3990929126739502,0.7010277509689331,0.4757997691631317,0.6505596041679382,0.5118846893310547,0.40272027254104614,0.4187820851802826,1.3793454854749143e-05,0.5893595814704895,0.3766878843307495,0.5292946696281433,0.34697791934013367,0.5083253383636475,0.692450761795044,0.3294559717178345,0.7355687022209167,0.6196458339691162,0.5014308094978333,0.42131850123405457,0.37482619285583496,0.2766444981098175,0.4038873016834259,0.42976903915405273,0.3745739758014679,0.45175492763519287,0.4034159481525421,0.371286004781723,0.45332446694374084,0.2800534963607788,0.5243406891822815,0.5762891173362732,0.6856156587600708,0.3616669178009033,1.0016272068023682,0.39975109696388245,0.4372078478336334,0.3861865699291229,0.27312520146369934,0.7869413495063782,1.022652268409729,0.4127393364906311,0.41215699911117554,0.4438699781894684,0.4809047281742096,0.4156976342201233,0.4815000295639038,0.41466665267944336,0.3216930031776428,0.40388569235801697
/p/project1/hai_1252/toulouse1/flexcraft/data/adapt/full_run_seed/2026-06-27_10:57:16_adapt_full_run_c4_/3QDG+MAVMAPRTLV+TLMSAMTNL+CALSAPNSGN+CASSYSKEGG_0_560.pdb,0.7119184136390686,0.7094050645828247,0.8027912378311157,0.7195481061935425,0.723646342754364,0.7806869745254517,0.6132581233978271,0.6877835392951965,0.855096697807312,0.7566352486610413,0.6914998292922974,0.8190621137619019,0.7629647850990295,0.7148447632789612,0.7052822709083557,0.7984922528266907,1.0072358846664429,0.6481879353523254,0.5535833239555359,0.7506685853004456,0.9168954491615295,0.580772340297699,0.5801539421081543,0.8072184920310974,0.6110959649085999,0.6304194927215576,0.6533781886100769,0.8377649188041687,0.624500572681427,0.8893341422080994,0.7137698531150818,0.7055785655975342,0.7811272740364075,0.738938570022583,0.6470483541488647,0.5893612504005432,1.928849087562412e-05,0.7269501090049744,0.5573928356170654,0.6045588850975037,0.7710959315299988,0.896349310874939,0.6657992601394653,0.828821063041687,0.7011876106262207,0.5668118000030518,0.5766621232032776,0.5447217226028442,0.631700336933136,0.7746486663818359,0.754631757736206,0.5444819331169128,0.784819483757019,0.7407919764518738,0.7152838706970215,0.641583263874054,0.6361659169197083,0.8770624995231628,0.8344141840934753,0.720095694065094,0.7213937640190125,1.21260666847229,0.7507398128509521,0.753685712814331,0.6793432235717773,0.5401962399482727,1.013428807258606,1.2152849435806274,0.6972030401229858,0.5322383642196655,0.6920262575149536,0.6371830701828003,0.7477293014526367,0.6769415140151978,0.7443678379058838,0.682701587677002,0.7746489644050598
/p/project1/hai_1252/toulouse1/flexcraft/data/adapt/full_run_seed/2026-06-27_10:57:16_adapt_full_run_c4_/3QDG+MAVMAPRTLV+TLMSAMTNL+CALSAPNSGN+CASSYSKEGG_0_617.pdb,0.057062190026044846,0.3646467924118042,0.28404271602630615,0.19442225992679596,0.13732747733592987,0.4100642204284668,0.516983151435852,0.5011404752731323,0.4103017747402191,0.14692969620227814,1.0139172077178955,0.334283709526062,0.6161971092224121,0.44779494404792786,0.6477161645889282,0.18539322912693024,0.9805377721786499,0.8250669240951538,0.6439070105552673,0.8579664826393127,0.5858306884765625,0.3949410915374756,0.6049701571464539,0.2819474935531616,0.7964051365852356,0.585896372795105,0.6025363206863403,0.5619702935218811,0.5044138431549072,0.5060190558433533,0.3672812581062317,0.7966880798339844,0.30390486121177673,0.23124349117279053,0.5278710722923279,0.37668776512145996,0.7269547581672668,2.345466236874927e-05,0.6296394467353821,0.31669262051582336,0.3032951056957245,0.46223512291908264,0.25542351603507996,0.5915371179580688,0.7827834486961365,0.6210809350013733,0.5099385380744934,0.6003766655921936,0.518637478351593,0.15507495403289795,0.19231168925762177,0.5379862189292908,0.35154807567596436,0.557546079158783,0.5583674907684326,0.5576755404472351,0.40939605236053467,0.3090723156929016,0.4413878917694092,0.659733235836029,0.1535712629556656,0.951255202293396,0.11731652915477753,0.23119908571243286,0.20558539032936096,0.509451687335968,0.7297760844230652,0.9902893900871277,0.659000039100647,0.5334293842315674,0.347286194562912,0.3990219831466675,0.1450134962797165,0.31604617834091187,0.12061330676078796,0.198780357837677,0.1550699919462204
/p/project1/hai_1252/toulouse1/flexcraft/data/adapt/full_run_seed/2026-06-27_10:57:16_adapt_full_run_c4_/3QDG+MAVMAPRTLV+TLMSAMTNL+CALSAPNSGN+CASSYSKEGG_0_434.pdb,0.6199606657028198,0.5481128692626953,0.7271330952644348,0.6148769855499268,0.6033969521522522,0.6819635033607483,0.5737828016281128,0.6298096179962158,0.8032364845275879,0.6391045451164246,0.9750924706459045,0.6216089129447937,0.6621726751327515,0.636187732219696,0.6611487865447998,0.6692203283309937,1.0106604099273682,0.7259700894355774,0.711129903793335,0.7515239119529724,0.8578697443008423,0.5410968661308289,0.6989065408706665,0.7341351509094238,0.771791398525238,0.621540904045105,0.5207671523094177,0.7422375082969666,0.5359789133071899,0.788439154624939,0.688402533531189,0.6993468403816223,0.6365783214569092,0.6076601147651672,0.6180130243301392,0.5292941331863403,0.5573961734771729,0.6296433210372925,1.5345578503911383e-05,0.4988115727901459,0.6367311477661133,0.7713130116462708,0.5400006771087646,0.8021499514579773,0.7482046484947205,0.6656634211540222,0.6583486795425415,0.6199722290039062,0.5745240449905396,0.6451360583305359,0.6722017526626587,0.518089771270752,0.6296665668487549,0.6632768511772156,0.6352517604827881,0.5788572430610657,0.5342279672622681,0.7051248550415039,0.7185196876525879,0.8048648238182068,0.6047898530960083,1.010528326034546,0.6415848731994629,0.6409260034561157,0.6147187948226929,0.5885407328605652,0.8665787577629089,1.0342878103256226,0.637452244758606,0.4696865975856781,0.6304272413253784,0.6669654250144958,0.6771695613861084,0.6847331523895264,0.6457030773162842,0.5934538841247559,0.6451355218887329
/p/project1/hai_1252/toulouse1/flexcraft/data/adapt/full_run_seed/2026-06-27_10:57:16_adapt_full_run_c4_/3QDG+MAVMAPRTLV+TLMSAMTNL+CALSAPNSGN+CASSYSKEGG_0_612.pdb,0.30194175243377686,0.2843337655067444,0.4674420952796936,0.28597986698150635,0.3145180344581604,0.48209112882614136,0.3882891833782196,0.4321869909763336,0.5621725916862488,0.38089922070503235,0.9529007077217102,0.4531638026237488,0.49924561381340027,0.3726741075515747,0.4816255271434784,0.41080042719841003,0.9935540556907654,0.7042196989059448,0.6195672750473022,0.7404130697250366,0.6594171524047852,0.3219830393791199,0.5281243920326233,0.4695684015750885,0.7276226878166199,0.49892765283584595,0.4798790216445923,0.5745735764503479,0.3760514557361603,0.5290771126747131,0.4442724883556366,0.675725519657135,0.3905624747276306,0.3221340477466583,0.4277489185333252,0.34697720408439636,0.6045600771903992,0.3166915774345398,0.4988107681274414,9.550738468533382e-06,0.4165763258934021,0.5510891079902649,0.3109424114227295,0.6870996952056885,0.6914771795272827,0.5264461040496826,0.4923984706401825,0.5144855380058289,0.4320017397403717,0.37904953956604004,0.39012250304222107,0.45993608236312866,0.43164604902267456,0.49045759439468384,0.45238298177719116,0.5153070092201233,0.33024436235427856,0.5182348489761353,0.5060385465621948,0.6791620254516602,0.34914863109588623,0.9014554619789124,0.3534872233867645,0.322424978017807,0.27254995703697205,0.46344292163848877,0.7001110315322876,0.9137675762176514,0.5499513149261475,0.38819631934165955,0.424162894487381,0.45160916447639465,0.34274935722351074,0.4482109546661377,0.3361130654811859,0.29651084542274475,0.3790503442287445
/p/project1/hai_1252/toulouse1/flexcraft/data/adapt/full_run_seed/2026-06-27_10:57:16_adapt_full_run_c4_/3QDG+MAVMAPRTLV+TLMSAMTNL+CALSAPNSGN+CASSYSKEGG_0_440.pdb,0.3364097774028778,0.420096755027771,0.27917489409446716,0.35735687613487244,0.3633275032043457,0.3948194086551666,0.6455272436141968,0.6124885082244873,0.3297567665576935,0.32526537775993347,0.9841212630271912,0.22308222949504852,0.7725943326950073,0.55238276720047,0.7540890574455261,0.38326260447502136,1.0610616207122803,0.9098042845726013,0.6569004058837891,0.9816217422485352,0.5520625114440918,0.519114077091217,0.6574701070785522,0.3410033583641052,0.7864158153533936,0.6826127767562866,0.6764814853668213,0.5337678790092468,0.6400978565216064,0.4233836829662323,0.5120822787284851,0.937024712562561,0.21213911473751068,0.44962382316589355,0.6583954691886902,0.508324384689331,0.771091878414154,0.30329570174217224,0.6367291808128357,0.41657555103302,7.464755071850959e-06,0.3662356436252594,0.3723864257335663,0.6238187551498413,0.8165494203567505,0.6877428889274597,0.5499420166015625,0.6557948589324951,0.623973548412323,0.39310821890830994,0.2918538451194763,0.6395522356033325,0.547611653804779,0.6530191898345947,0.6978949904441833,0.6599976420402527,0.5411509871482849,0.4666169285774231,0.4604249596595764,0.6002259254455566,0.3335917592048645,0.9281690120697021,0.33354681730270386,0.4213120937347412,0.3174033463001251,0.6026524305343628,0.713545024394989,0.96980220079422,0.744928777217865,0.6462981700897217,0.5281206965446472,0.4080054759979248,0.33655402064323425,0.33887943625450134,0.3029216229915619,0.4061472713947296,0.3931087553501129
/p/project1/hai_1252/toulouse1/flexcraft/data/adapt/full_run_seed/2026-06-27_10:57:16_adapt_full_run_c4_/3QDG+MAVMAPRTLV+TLMSAMTNL+CALSAPNSGN+CASSYSKEGG_0_486.pdb,0.47606950998306274,0.45647692680358887,0.46897563338279724,0.5334240794181824,0.5170426368713379,0.4943047761917114,0.8202273845672607,0.8038776516914368,0.5343120694160461,0.4779852628707886,1.0914918184280396,0.3517228662967682,0.9334080219268799,0.6954216957092285,0.9171656370162964,0.5041794776916504,1.0469335317611694,1.0264439582824707,0.7566368579864502,1.0970878601074219,0.4438292980194092,0.6957117915153503,0.7681134939193726,0.4611946940422058,0.9350859522819519,0.8860859274864197,0.7720803022384644,0.4335209131240845,0.7776690125465393,0.3924575746059418,0.5303570628166199,1.050024390220642,0.3465004861354828,0.5750296115875244,0.8271335959434509,0.6924505233764648,0.8963502645492554,0.4622344970703125,0.7713152170181274,0.5510908961296082,0.36623331904411316,1.2057585990987718e-05,0.5484702587127686,0.5407977104187012,0.876304566860199,0.7549580931663513,0.6335808634757996,0.8320626020431519,0.8131709694862366,0.5192473530769348,0.484909325838089,0.7770823240280151,0.6655597686767578,0.8455630540847778,0.8775413036346436,0.8221098780632019,0.7308265566825867,0.559474527835846,0.35992762446403503,0.6273638606071472,0.49080005288124084,0.8647397756576538,0.4615066647529602,0.5595067143440247,0.49669456481933594,0.7663847804069519,0.6282006502151489,0.9071657657623291,0.9425428509712219,0.7747618556022644,0.6263270378112793,0.5845748782157898,0.4640764594078064,0.5055772066116333,0.4760286211967468,0.5521803498268127,0.5192463994026184
/p/project1/hai_1252/toulouse1/flexcraft/data/adapt/full_run_seed/2026-06-27_10:57:16_adapt_full_run_c4_/3QDG+MAVMAPRTLV+TLMSAMTNL+CALSAPNSGN+CASSYSKEGG_0_494.pdb,0.25753912329673767,0.4184911549091339,0.35410386323928833,0.2787955105304718,0.23058795928955078,0.4848982095718384,0.45257556438446045,0.4609327018260956,0.4581301808357239,0.271498441696167,0.9845931529998779,0.4206233620643616,0.5856432318687439,0.4334779977798462,0.600760281085968,0.3411043584346771,0.9349718689918518,0.7315811514854431,0.6261167526245117,0.75188148021698,0.6533288359642029,0.3434496223926544,0.5850574374198914,0.3607960343360901,0.7497736215591431,0.5223550200462341,0.5507239699363708,0.6500393748283386,0.4379276633262634,0.5844159126281738,0.4607551693916321,0.7244664430618286,0.3174172043800354,0.3302922546863556,0.4763357639312744,0.32945728302001953,0.6658005714416504,0.25542229413986206,0.5400009751319885,0.310940682888031,0.37238648533821106,0.548471212387085,9.163062713923864e-06,0.6204771399497986,0.6803472638130188,0.6258901953697205,0.5045543313026428,0.5346924066543579,0.4234756827354431,0.3241306245326996,0.2890537679195404,0.43599316477775574,0.4080905616283417,0.4964752495288849,0.514156699180603,0.5137212872505188,0.3647136986255646,0.42245930433273315,0.509297788143158,0.6416414976119995,0.22339984774589539,0.9567134976387024,0.27204832434654236,0.34220466017723083,0.2771325409412384,0.4096771776676178,0.7496719360351562,0.9994003176689148,0.567497193813324,0.48388487100601196,0.4071877598762512,0.3614777624607086,0.30848339200019836,0.3369330167770386,0.2772299647331238,0.28055956959724426,0.32413092255592346
/p/project1/hai_1252/toulouse1/flexcraft/data/adapt/full_run_seed/2026-06-27_10:57:16_adapt_full_run_c4_/3QDG+MAVMAPRTLV+TLMSAMTNL+CALSAPNSGN+CASSYSKEGG_0_492.pdb,0.5875697135925293,0.6343873143196106,0.6070107221603394,0.6781079769134521,0.6108349561691284,0.6773102283477783,0.8891416788101196,0.8843852877616882,0.6919584274291992,0.5718094110488892,1.0976858139038086,0.6173803210258484,1.004599690437317,0.817108690738678,1.018427848815918,0.5855270028114319,0.8246538043022156,1.0025461912155151,0.7644875049591064,0.9801780581474304,0.6720007061958313,0.7536054849624634,0.7429003119468689,0.5652315020561218,0.9936380982398987,0.9612538814544678,0.8231030702590942,0.5939975380897522,0.7711331844329834,0.7216207385063171,0.4966755211353302,0.9533769488334656,0.5620670318603516,0.6682507395744324,0.8361437320709229,0.735571563243866,0.8288202285766602,0.5915414690971375,0.8021484613418579,0.687101423740387,0.6238152980804443,0.5407984852790833,0.6204783916473389,1.4442190149566159e-05,0.8270714282989502,0.7451098561286926,0.5863413214683533,0.858780562877655,0.8614595532417297,0.6034330129623413,0.6066415309906006,0.7177113890647888,0.701951265335083,0.9279447793960571,0.9541617035865784,0.836496114730835,0.8038768768310547,0.5938302874565125,0.5306268334388733,0.5658752918243408,0.5565503835678101,1.1092804670333862,0.5861166715621948,0.6907591223716736,0.6730301380157471,0.7579091787338257,0.8419351577758789,1.1465481519699097,0.9911804795265198,0.7740823030471802,0.606903076171875,0.6843897104263306,0.595559298992157,0.5954610109329224,0.6123332381248474,0.6350862979888916,0.6034305095672607
/p/project1/hai_1252/toulouse1/flexcraft/data/adapt/full_run_seed/2026-06-27_10:57:16_adapt_full_run_c4_/3QDG+MAVMAPRTLV+TLMSAMTNL+CALSAPNSGN+CASSYSKEGG_0_578.pdb,0.770384669303894,0.7255446314811707,0.816733181476593,0.8117615580558777,0.7374585270881653,0.8836395740509033,0.7429808378219604,0.7885046601295471,0.8805050849914551,0.77268385887146,0.8357357978820801,0.8454509377479553,0.8711956739425659,0.8446073532104492,0.8080314993858337,0.8186082243919373,0.7363435626029968,0.4276754558086395,0.7167665958404541,0.8650268316268921,0.8602527379989624,0.6342961192131042,0.7829201817512512,0.7917283773422241,0.6895198225975037,0.79799485206604,0.8645251393318176,0.850870668888092,0.746468722820282,0.9519516825675964,0.7032269835472107,0.8599427342414856,0.807422935962677,0.8170491456985474,0.8102169036865234,0.6196426153182983,0.7011862993240356,0.7827820777893066,0.7482002973556519,0.6914785504341125,0.8165507316589355,0.8763071298599243,0.6803485155105591,0.8270706534385681,1.2570532817335334e-05,0.6084817051887512,0.5410438179969788,0.5308645367622375,0.692270815372467,0.8053205609321594,0.8049640655517578,0.6692780256271362,0.835294783115387,0.8191901445388794,0.8127161860466003,0.687252938747406,0.7647634744644165,0.8834895491600037,0.7673869132995605,0.6477926969528198,0.7391141653060913,1.1493505239486694,0.7958822846412659,0.8548799157142639,0.787282407283783,0.5441011786460876,0.9298189282417297,1.1470191478729248,0.6929633617401123,0.7665373086929321,0.734685480594635,0.7717317938804626,0.7854717969894409,0.7563673257827759,0.8171391487121582,0.7428556680679321,0.8053247332572937
/p/project1/hai_1252/toulouse1/flexcraft/data/adapt/full_run_seed/2026-06-27_10:57:16_adapt_full_run_c4_/3QDG+MAVMAPRTLV+TLMSAMTNL+CALSAPNSGN+CASSYSKEGG_0_616.pdb,0.6113383173942566,0.5672456622123718,0.6973365545272827,0.6342936158180237,0.6319947838783264,0.7308862805366516,0.5578921437263489,0.5861436724662781,0.7686938643455505,0.6552342772483826,0.8167568445205688,0.7145244479179382,0.6915984749794006,0.6097489595413208,0.6238296031951904,0.6893282532691956,0.9502730369567871,0.615232527256012,0.5844553112983704,0.8355609178543091,0.7723892331123352,0.5047960877418518,0.5854952335357666,0.7004855275154114,0.6780871152877808,0.6331037878990173,0.648674726486206,0.6134135127067566,0.6318068504333496,0.7517340183258057,0.4963393211364746,0.7765518426895142,0.6802852153778076,0.6473492383956909,0.6334401965141296,0.5014275312423706,0.5668126344680786,0.6210812330245972,0.665662944316864,0.5264436602592468,0.6877411603927612,0.7549578547477722,0.6258881688117981,0.7451092600822449,0.6084827780723572,1.4372287296282593e-05,0.3254537582397461,0.5031679272651672,0.5835509300231934,0.668181300163269,0.6490204930305481,0.6133566498756409,0.7039978504180908,0.6509939432144165,0.6331328749656677,0.63175368309021,0.5681949853897095,0.7903047204017639,0.6453814506530762,0.5618413090705872,0.6252558827400208,1.11526620388031,0.6622644662857056,0.6615760326385498,0.5943245887756348,0.5312124490737915,0.8743481040000916,1.1173021793365479,0.6494810581207275,0.566419243812561,0.6007500290870667,0.6718723773956299,0.6351950168609619,0.6719948649406433,0.6514305472373962,0.5937114953994751,0.6681804656982422
/p/project1/hai_1252/toulouse1/flexcraft/data/adapt/full_run_seed/2026-06-27_10:57:16_adapt_full_run_c4_/3QDG+MAVMAPRTLV+TLMSAMTNL+CALSAPNSGN+CASSYSKEGG_0_427.pdb,0.5075315237045288,0.5390487313270569,0.5369211435317993,0.5460997819900513,0.5194051861763,0.6375706195831299,0.5742756724357605,0.573739767074585,0.6101894378662109,0.5245080590248108,0.7963528633117676,0.6054708957672119,0.7286316752433777,0.5879532098770142,0.6901253461837769,0.5631980895996094,0.8163155317306519,0.6173492670059204,0.5270658135414124,0.8419815897941589,0.6879245638847351,0.42913973331451416,0.5744942426681519,0.5451943874359131,0.6391995549201965,0.6368997693061829,0.6859791874885559,0.5586071610450745,0.6066296696662903,0.6711684465408325,0.35974130034446716,0.7955831289291382,0.5453050136566162,0.5767932534217834,0.6166703104972839,0.4213193356990814,0.5766610503196716,0.5099403262138367,0.6583473086357117,0.4923984706401825,0.549945056438446,0.6335811018943787,0.50455242395401,0.5863428115844727,0.5410457849502563,0.3254537582397461,2.6989346224581823e-05,0.47324448823928833,0.5558202862739563,0.5609822273254395,0.521776556968689,0.5425136685371399,0.6288957595825195,0.6312094926834106,0.6554579734802246,0.5601209402084351,0.5307997465133667,0.6460133194923401,0.5370272397994995,0.3734115958213806,0.4938022792339325,1.1102720499038696,0.543126106262207,0.5886880159378052,0.5108999609947205,0.43823543190956116,0.8255978226661682,1.1089719533920288,0.6499675512313843,0.5776941180229187,0.5043888688087463,0.5405496954917908,0.5156056880950928,0.5184739828109741,0.5298665165901184,0.49179449677467346,0.5609819889068604
/p/project1/hai_1252/toulouse1/flexcraft/data/adapt/full_run_seed/2026-06-27_10:57:16_adapt_full_run_c4_/3QDG+MAVMAPRTLV+TLMSAMTNL+CALSAPNSGN+CASSYSKEGG_0_542.pdb,0.5935772061347961,0.6278955936431885,0.639765202999115,0.6215947866439819,0.5653268694877625,0.7684221267700195,0.4947553277015686,0.5364166498184204,0.6805494427680969,0.5909186601638794,0.7433803081512451,0.7205833792686462,0.6484298706054688,0.6373306512832642,0.5684064030647278,0.6811627149581909,0.9767311215400696,0.5037978887557983,0.5992816686630249,0.7571938037872314,0.7813812494277954,0.40597599744796753,0.6398952007293701,0.654262900352478,0.561934232711792,0.5292031764984131,0.678838849067688,0.8307886719703674,0.5729082226753235,0.8279980421066284,0.6575183868408203,0.7083034515380859,0.6795328855514526,0.6588355302810669,0.5831429362297058,0.3748282492160797,0.5447263717651367,0.6003789901733398,0.619973361492157,0.5144861340522766,0.6557940244674683,0.8320620656013489,0.5346919298171997,0.8587815761566162,0.5308627486228943,0.5031675696372986,0.4732425808906555,1.0465627383382525e-05,0.4238017201423645,0.6464809775352478,0.6136598587036133,0.4865775406360626,0.6989355683326721,0.5702677965164185,0.5625423789024353,0.554480791091919,0.5242838859558105,0.771392822265625,0.7213249206542969,0.6603004932403564,0.5708034634590149,1.0724250078201294,0.6315904259681702,0.6809566020965576,0.5623362064361572,0.3363052010536194,0.8659566044807434,1.0903489589691162,0.4208439886569977,0.5709789991378784,0.6273806095123291,0.613029420375824,0.635595440864563,0.6230696439743042,0.6356071829795837,0.5795758366584778,0.6464807987213135
/p/project1/hai_1252/toulouse1/flexcraft/data/adapt/full_run_seed/2026-06-27_10:57:16_adapt_full_run_c4_/3QDG+MAVMAPRTLV+TLMSAMTNL+CALSAPNSGN+CASSYSKEGG_0_196.pdb,0.5060875415802002,0.5636218190193176,0.6066224575042725,0.48566582798957825,0.4631747007369995,0.7447381019592285,0.2241123616695404,0.24433983862400055,0.6873264908790588,0.5495774149894714,1.0086321830749512,0.6670240759849548,0.3579801917076111,0.3993394374847412,0.3204113245010376,0.6017614006996155,1.022680401802063,0.5710300207138062,0.7360730171203613,0.6707475185394287,0.8723670840263367,0.27078375220298767,0.6333799958229065,0.6652875542640686,0.6814274787902832,0.2939508259296417,0.48790791630744934,0.8179004192352295,0.39462101459503174,0.7565319538116455,0.6359198689460754,0.6203493475914001,0.6139854192733765,0.519439160823822,0.3890143632888794,0.27664265036582947,0.6316964030265808,0.5186368227005005,0.5745238065719604,0.43199941515922546,0.6239734888076782,0.8131685256958008,0.42347922921180725,0.8614570498466492,0.6922769546508789,0.5835496187210083,0.5558156371116638,0.4238012135028839,1.3300315004016738e-05,0.5626076459884644,0.5586780905723572,0.3723694384098053,0.5726954936981201,0.25740236043930054,0.25046342611312866,0.5378516912460327,0.2831622362136841,0.6802869439125061,0.727145254611969,0.815531313419342,0.5172640085220337,1.0105761289596558,0.5330195426940918,0.5366859436035156,0.45805689692497253,0.3059205710887909,0.8611382842063904,1.0521202087402344,0.2682604193687439,0.4073023498058319,0.604010283946991,0.5846030712127686,0.5743948221206665,0.6255686283111572,0.5472814440727234,0.4480437636375427,0.5626078844070435
/p/project1/hai_1252/toulouse1/flexcraft/data/adapt/full_run_seed/2026-06-27_10:57:16_adapt_full_run_c4_/3QDG+MAVMAPRTLV+TLMSAMTNL+CALSAPNSGN+CASSYSKEGG_0_146.pdb,0.1424170732498169,0.38163772225379944,0.3872050642967224,0.271791934967041,0.16062207520008087,0.4434344470500946,0.5633377432823181,0.5636526942253113,0.5157223343849182,0.18245621025562286,1.0712370872497559,0.3738335371017456,0.6177363991737366,0.5227340459823608,0.6909995079040527,0.11239682883024216,0.950416624546051,0.8444377779960632,0.7008250951766968,0.8829503059387207,0.6307940483093262,0.44465193152427673,0.6792154908180237,0.33420220017433167,0.8526600003242493,0.6318325996398926,0.6631753444671631,0.5921568870544434,0.5320379734039307,0.6031274199485779,0.36686429381370544,0.8121639490127563,0.3962016999721527,0.2039899379014969,0.5736488103866577,0.403886079788208,0.7746462821960449,0.15507258474826813,0.6451354026794434,0.3790492117404938,0.3931068778038025,0.5192479491233826,0.3241311311721802,0.6034325361251831,0.8053199052810669,0.6681799292564392,0.5609813332557678,0.646481454372406,0.562608540058136,1.1312999959045555e-05,0.298257052898407,0.575223982334137,0.2560150623321533,0.6223955154418945,0.5874126553535461,0.5401265621185303,0.4573541581630707,0.23013673722743988,0.4616391658782959,0.7273676991462708,0.18853069841861725,0.983863115310669,0.16824878752231598,0.2460273802280426,0.3315001130104065,0.5501046776771545,0.7669377326965332,1.0177994966506958,0.6928592324256897,0.5803837180137634,0.29375484585762024,0.4941243827342987,0.20368197560310364,0.3965391516685486,0.20987696945667267,0.2211601585149765,2.2124040697235614e-05
/p/project1/hai_1252/toulouse1/flexcraft/data/adapt/full_run_seed/2026-06-27_10:57:16_adapt_full_run_c4_/3QDG+MAVMAPRTLV+TLMSAMTNL+CALSAPNSGN+CASSYSKEGG_0_595.pdb,0.22872664034366608,0.47391822934150696,0.17120087146759033,0.26990944147109985,0.26757174730300903,0.43851903080940247,0.5688308477401733,0.5298451781272888,0.28785204887390137,0.22953341901302338,0.998184084892273,0.38089677691459656,0.696820080280304,0.4806596338748932,0.7067439556121826,0.28724852204322815,1.010901927947998,0.8633110523223877,0.6397377252578735,0.8777998089790344,0.598472535610199,0.437913179397583,0.6133516430854797,0.2645972669124603,0.7983776330947876,0.6174818277359009,0.6418755650520325,0.6225565671920776,0.5611557960510254,0.4923854470252991,0.4446992874145508,0.8350753784179688,0.2895148992538452,0.35548627376556396,0.5547991394996643,0.42976921796798706,0.7546272277832031,0.19230931997299194,0.6721998453140259,0.39012178778648376,0.29185599088668823,0.48490646481513977,0.2890489995479584,0.6066418290138245,0.8049646615982056,0.6490142941474915,0.5217769742012024,0.6136592626571655,0.5586776733398438,0.29824885725975037,8.773378795012832e-06,0.5682238340377808,0.4610728323459625,0.5730935335159302,0.619339108467102,0.6105627417564392,0.45231562852859497,0.3841935992240906,0.48125454783439636,0.6164737939834595,0.23545484244823456,0.9943804144859314,0.2446659505367279,0.33176177740097046,0.2475789189338684,0.5368771553039551,0.7624415755271912,1.0401438474655151,0.6983557939529419,0.5748916268348694,0.4482679069042206,0.35927754640579224,0.22325026988983154,0.29183638095855713,0.1778918355703354,0.3122859299182892,0.29824766516685486
/p/project1/hai_1252/toulouse1/flexcraft/data/adapt/full_run_seed/2026-06-27_10:57:16_adapt_full_run_c4_/3QDG+MAVMAPRTLV+TLMSAMTNL+CALSAPNSGN+CASSYSKEGG_0_512.pdb,0.5227648019790649,0.5865769386291504,0.6102417707443237,0.5123490691184998,0.4772493839263916,0.7536479234695435,0.4492510259151459,0.4643057882785797,0.6883283853530884,0.5514947772026062,1.0095669031143188,0.6931257843971252,0.5755261778831482,0.47709524631500244,0.5784754157066345,0.5985634326934814,0.8200204372406006,0.6164348125457764,0.7216869592666626,0.5404713153839111,0.8183894753456116,0.3554163873195648,0.6097345948219299,0.6377294063568115,0.7382409572601318,0.5346919894218445,0.44819802045822144,0.8047583103179932,0.2937750816345215,0.7830579876899719,0.6123772263526917,0.4932399094104767,0.6175220608711243,0.5367132425308228,0.3452143967151642,0.37457311153411865,0.5444780588150024,0.5379875302314758,0.5180909633636475,0.4599350392818451,0.6395525336265564,0.7770807147026062,0.4359927475452423,0.7177168726921082,0.6692713499069214,0.6133573055267334,0.5425105690956116,0.48657748103141785,0.3723698556423187,0.5752231478691101,0.5682233572006226,1.8253391317557544e-05,0.5852314233779907,0.4675188660621643,0.51523357629776,0.5843033790588379,0.38033944368362427,0.6287584900856018,0.6869784593582153,0.7558293342590332,0.5122308731079102,0.9901214241981506,0.5351200103759766,0.5667782425880432,0.5051205158233643,0.33817797899246216,0.8216590285301208,1.0281882286071777,0.4744429290294647,0.3192031979560852,0.5663169026374817,0.586233913898468,0.571358859539032,0.597807765007019,0.5474423766136169,0.4654165506362915,0.575225293636322
/p/project1/hai_1252/toulouse1/flexcraft/data/adapt/full_run_seed/2026-06-27_10:57:16_adapt_full_run_c4_/3QDG+MAVMAPRTLV+TLMSAMTNL+CALSAPNSGN+CASSYSKEGG_0_306.pdb,0.3346303403377533,0.4519798159599304,0.5635244846343994,0.36001208424568176,0.3214929699897766,0.5165202021598816,0.5509194731712341,0.5824679136276245,0.690341055393219,0.37998875975608826,1.1124674081802368,0.5180869698524475,0.544709324836731,0.5375255942344666,0.6805251240730286,0.2601500153541565,0.964109480381012,0.8302973508834839,0.7463889122009277,0.8383622765541077,0.7926953434944153,0.4970551133155823,0.7315070629119873,0.4949301481246948,0.8691427707672119,0.6308777332305908,0.6658636927604675,0.689943790435791,0.5097550749778748,0.7377495169639587,0.45288872718811035,0.7687620520591736,0.5252193808555603,0.20308084785938263,0.5537387132644653,0.45175543427467346,0.7848201394081116,0.3515525460243225,0.6296652555465698,0.43164581060409546,0.5476111173629761,0.665561318397522,0.40808752179145813,0.7019522190093994,0.8352965712547302,0.703997790813446,0.6288951635360718,0.6989328265190125,0.5726898908615112,0.2560174763202667,0.46107494831085205,0.5852267742156982,1.1342313882778399e-05,0.6429621577262878,0.5648106932640076,0.47676047682762146,0.44693422317504883,0.32303354144096375,0.599797248840332,0.8244507908821106,0.35950225591659546,1.0915454626083374,0.3551691174507141,0.2680530846118927,0.460307776927948,0.5920449495315552,0.9023604393005371,1.125030755996704,0.6863604187965393,0.5660169124603271,0.29303115606307983,0.6100939512252808,0.36570969223976135,0.5404449105262756,0.35429251194000244,0.29661980271339417,0.2560162842273712
/p/project1/hai_1252/toulouse1/flexcraft/data/adapt/full_run_seed/2026-06-27_10:57:16_adapt_full_run_c4_/3QDG+MAVMAPRTLV+TLMSAMTNL+CALSAPNSGN+CASSYSKEGG_0_522.pdb,0.551755964756012,0.6389290690422058,0.6141179800033569,0.481879323720932,0.5292662978172302,0.7902565598487854,0.27932047843933105,0.12250251322984695,0.6831560730934143,0.6063051223754883,1.1151539087295532,0.7062612771987915,0.38217198848724365,0.3054428696632385,0.3436608910560608,0.6510076522827148,1.1069941520690918,0.6784573793411255,0.8276718854904175,0.7167372703552246,0.9315958619117737,0.35652416944503784,0.6659228801727295,0.7167403697967529,0.7588925361633301,0.32007935643196106,0.45629745721817017,0.8456956148147583,0.42092812061309814,0.7159721851348877,0.6858304738998413,0.6707083582878113,0.6475676894187927,0.5503021478652954,0.3753538131713867,0.4034123122692108,0.7407951951026917,0.5575442910194397,0.6632754802703857,0.4904554784297943,0.6530191898345947,0.8455642461776733,0.4964793920516968,0.9279487729072571,0.8191901445388794,0.6510041952133179,0.6312018632888794,0.5702712535858154,0.25740233063697815,0.6223869919776917,0.5730971693992615,0.4675193130970001,0.6429639458656311,1.115903341997182e-05,0.27267250418663025,0.6348048448562622,0.2678837478160858,0.7165011167526245,0.790147066116333,0.8835846185684204,0.5909571647644043,1.024450659751892,0.5741618871688843,0.5427044034004211,0.4646690785884857,0.4734395146369934,0.8962030410766602,1.0688132047653198,0.37286806106567383,0.41339489817619324,0.6888012290000916,0.621077299118042,0.6137666702270508,0.6795030832290649,0.5602720975875854,0.49882861971855164,0.6223844885826111
/p/project1/hai_1252/toulouse1/flexcraft/data/adapt/full_run_seed/2026-06-27_10:57:16_adapt_full_run_c4_/3QDG+MAVMAPRTLV+TLMSAMTNL+CALSAPNSGN+CASSYSKEGG_0_402.pdb,0.5413932204246521,0.594855010509491,0.6894761323928833,0.48857808113098145,0.5210432410240173,0.7564742565155029,0.1656334400177002,0.2246910184621811,0.7750059366226196,0.6144515872001648,1.1043239831924438,0.7223639488220215,0.15613619983196259,0.38020002841949463,0.2010103166103363,0.6336047053337097,1.1372721195220947,0.6521561145782471,0.8167255520820618,0.7307307720184326,0.9489234089851379,0.3521365523338318,0.6820042729377747,0.7445616722106934,0.7798939347267151,0.25077125430107117,0.5090569853782654,0.8576439023017883,0.4089963436126709,0.7797038555145264,0.6709736585617065,0.6614872217178345,0.6874327659606934,0.5029870867729187,0.3899686634540558,0.3712814748287201,0.7152835726737976,0.5583667755126953,0.6352488398551941,0.45238474011421204,0.6978964805603027,0.8775404095649719,0.5141574144363403,0.9541584253311157,0.8127129673957825,0.6331226825714111,0.6554607152938843,0.5625411868095398,0.2504625618457794,0.5874122381210327,0.6193382143974304,0.5152327418327332,0.5648021697998047,0.27267950773239136,1.957840140676126e-05,0.566424548625946,0.28635162115097046,0.7203105092048645,0.7858676314353943,0.9342235922813416,0.5909557938575745,1.0677266120910645,0.5824788808822632,0.5107161402702332,0.48966243863105774,0.4940679967403412,0.9295217394828796,1.0915553569793701,0.36473947763442993,0.4166267514228821,0.6470232605934143,0.6593161821365356,0.6105865240097046,0.7081189155578613,0.5813504457473755,0.48286932706832886,0.5874102115631104
/p/project1/hai_1252/toulouse1/flexcraft/data/adapt/full_run_seed/2026-06-27_10:57:16_adapt_full_run_c4_/3QDG+MAVMAPRTLV+TLMSAMTNL+CALSAPNSGN+CASSYSKEGG_0_39.pdb,0.5494393706321716,0.6253020763397217,0.691466212272644,0.5327971577644348,0.5219841003417969,0.6811885237693787,0.5254999995231628,0.5777328014373779,0.7714422345161438,0.5727500915527344,0.899092972278595,0.6851666569709778,0.5716087818145752,0.603778064250946,0.64208984375,0.553421676158905,0.9449301958084106,0.6032998561859131,0.678043782711029,0.7872199416160583,0.9288779497146606,0.4940683841705322,0.6898857355117798,0.6672702431678772,0.6177126169204712,0.5390007495880127,0.7197780013084412,0.803120493888855,0.5432320833206177,0.8324633836746216,0.5477988719940186,0.7350103259086609,0.6813503503799438,0.494054913520813,0.5682687759399414,0.45333367586135864,0.6415837407112122,0.5576791763305664,0.5788581371307373,0.515299916267395,0.6599979400634766,0.8221116662025452,0.513719916343689,0.8364962339401245,0.6872527003288269,0.6317524909973145,0.5601196885108948,0.5544848442077637,0.5378502607345581,0.5401265025138855,0.6105682849884033,0.5842933654785156,0.47676146030426025,0.6348090767860413,0.5664273500442505,2.4040396965574473e-05,0.4739375710487366,0.6128841638565063,0.751487135887146,0.7893629670143127,0.545708417892456,1.2259103059768677,0.5684540867805481,0.5205909013748169,0.5828584432601929,0.5369676947593689,1.0025827884674072,1.203201413154602,0.5724645853042603,0.5793900489807129,0.4999083876609802,0.6497629284858704,0.573322057723999,0.641552746295929,0.5517422556877136,0.5001009106636047,0.5401321053504944
/p/project1/hai_1252/toulouse1/flexcraft/data/adapt/full_run_seed/2026-06-27_10:57:16_adapt_full_run_c4_/3QDG+MAVMAPRTLV+TLMSAMTNL+CALSAPNSGN+CASSYSKEGG_0_195.pdb,0.40033870935440063,0.49524298310279846,0.5254596471786499,0.32981452345848083,0.38596537709236145,0.6244208216667175,0.23499402403831482,0.22068215906620026,0.6173515915870667,0.46649041771888733,1.02827787399292,0.5838131904602051,0.3499460518360138,0.24327389895915985,0.3928162157535553,0.4809447228908539,1.0120466947555542,0.6684378385543823,0.691478967666626,0.6619986891746521,0.8332003951072693,0.25022637844085693,0.6092393398284912,0.577429473400116,0.7265702486038208,0.33759254217147827,0.42403438687324524,0.7365944981575012,0.2935616970062256,0.6614699363708496,0.5373735427856445,0.596626341342926,0.5273509621620178,0.3608483076095581,0.2776638865470886,0.28005504608154297,0.6361673474311829,0.4093950092792511,0.5342243313789368,0.33023858070373535,0.5411508679389954,0.7308244109153748,0.36470961570739746,0.8038739562034607,0.7647660970687866,0.5681968331336975,0.5308012962341309,0.5242854952812195,0.2831607460975647,0.45735132694244385,0.4523148834705353,0.38034096360206604,0.446933776140213,0.2678866684436798,0.2863508462905884,0.4739355444908142,9.149724974122364e-06,0.5479137301445007,0.6672618389129639,0.783052921295166,0.43486425280570984,1.0260634422302246,0.4360542595386505,0.36651742458343506,0.3583940863609314,0.4119364321231842,0.8530445694923401,1.0551414489746094,0.42847740650177,0.2964049279689789,0.5030579566955566,0.515357494354248,0.45123055577278137,0.5435667634010315,0.40480464696884155,0.33574163913726807,0.457349568605423
/p/project1/hai_1252/toulouse1/flexcraft/data/adapt/full_run_seed/2026-06-27_10:57:16_adapt_full_run_c4_/3QDG+MAVMAPRTLV+TLMSAMTNL+CALSAPNSGN+CASSYSKEGG_0_321.pdb,0.3073289692401886,0.5015373826026917,0.4357220530509949,0.3843345642089844,0.296691358089447,0.523800790309906,0.6959110498428345,0.6745111346244812,0.565989077091217,0.2958986461162567,1.1737079620361328,0.43190860748291016,0.7408661842346191,0.6170722842216492,0.8401517868041992,0.18051886558532715,0.9030696153640747,0.936996579170227,0.7954124212265015,0.9316036105155945,0.7116237878799438,0.5548453330993652,0.7952734231948853,0.3795680105686188,0.9465124011039734,0.7552670836448669,0.7407944798469543,0.6592711210250854,0.6069205403327942,0.6793698668479919,0.4332432746887207,0.8667605519294739,0.46702808141708374,0.3092772364616394,0.6611126065254211,0.5243401527404785,0.877064049243927,0.30907130241394043,0.7051262259483337,0.5182358026504517,0.46661660075187683,0.559473991394043,0.42245885729789734,0.5938412547111511,0.8834846019744873,0.7903057336807251,0.6460154056549072,0.7713930010795593,0.6802898049354553,0.2301359921693802,0.384197473526001,0.6287610530853271,0.32303348183631897,0.7165032029151917,0.7203116416931152,0.6128827929496765,0.5479154586791992,8.098526450339705e-06,0.5354753136634827,0.7824224829673767,0.3130013346672058,1.0454529523849487,0.2793329358100891,0.3551877439022064,0.46882542967796326,0.6449668407440186,0.8354822993278503,1.0859246253967285,0.8057300448417664,0.661777675151825,0.37951377034187317,0.5746368765830994,0.31424859166145325,0.46668729186058044,0.3059651553630829,0.3224414885044098,0.23013491928577423
/p/project1/hai_1252/toulouse1/flexcraft/data/adapt/full_run_seed/2026-06-27_10:57:16_adapt_full_run_c4_/3QDG+MAVMAPRTLV+TLMSAMTNL+CALSAPNSGN+CASSYSKEGG_0_148.pdb,0.4419747292995453,0.4389682412147522,0.4890861213207245,0.5220944285392761,0.4593605697154999,0.5519385933876038,0.7363677620887756,0.7508304119110107,0.5645014047622681,0.4491780698299408,1.1005234718322754,0.43731531500816345,0.840911328792572,0.670935869216919,0.8349457383155823,0.4807611107826233,0.8982386589050293,0.9115038514137268,0.7682058811187744,1.004794955253601,0.33784976601600647,0.599804699420929,0.7759780287742615,0.4842897355556488,0.9419751167297363,0.8080243468284607,0.7413490414619446,0.4493255317211151,0.6967282891273499,0.5331270694732666,0.4482452869415283,0.9390729665756226,0.42686712741851807,0.5454172492027283,0.7540240287780762,0.5762900114059448,0.8344124555587769,0.4413873553276062,0.7185200452804565,0.5060407519340515,0.46042418479919434,0.3599283695220947,0.5092976093292236,0.5306229591369629,0.7673864364624023,0.6453810334205627,0.537024974822998,0.7213253378868103,0.7271475791931152,0.46164047718048096,0.4812593460083008,0.68697589635849,0.5997976660728455,0.7901471853256226,0.7858692407608032,0.7514862418174744,0.6672617197036743,0.535477876663208,1.9709121261257678e-05,0.5996893048286438,0.4303624927997589,0.808047354221344,0.43723776936531067,0.5551534295082092,0.49726054072380066,0.6759666800498962,0.4922204315662384,0.8186581134796143,0.8459341526031494,0.7070388793945312,0.5466259121894836,0.5828818082809448,0.45261886715888977,0.513599157333374,0.48402658104896545,0.5134243965148926,0.461640328168869
/p/project1/hai_1252/toulouse1/flexcraft/data/adapt/full_run_seed/2026-06-27_10:57:16_adapt_full_run_c4_/3QDG+MAVMAPRTLV+TLMSAMTNL+CALSAPNSGN+CASSYSKEGG_0_513.pdb,0.6715406179428101,0.6938289999961853,0.5864148736000061,0.7250540256500244,0.703568160533905,0.6710559129714966,0.8365650177001953,0.8365992903709412,0.6113366484642029,0.6444506049156189,0.7594679594039917,0.6663203835487366,1.016733169555664,0.8149898648262024,0.9621400833129883,0.7083801627159119,0.9319422245025635,0.8661730289459229,0.5186688303947449,1.0277674198150635,0.6653963327407837,0.6954775452613831,0.6995953917503357,0.5794985294342041,0.7872120141983032,0.8898745775222778,0.8827028274536133,0.6381874084472656,0.839531660079956,0.7206515073776245,0.5682023167610168,1.0210638046264648,0.5711963176727295,0.7739644646644592,0.8541592359542847,0.6856170892715454,0.7200952172279358,0.6597304344177246,0.8048686385154724,0.6791634559631348,0.600233256816864,0.6273599863052368,0.6416419148445129,0.5658756494522095,0.647792637348175,0.5618413686752319,0.3734087646007538,0.6602960824966431,0.8155336976051331,0.7273666858673096,0.6164658665657043,0.7558244466781616,0.8244507908821106,0.8835880756378174,0.9342241883277893,0.7893635630607605,0.7830603122711182,0.7824252247810364,0.599688708782196,1.435048397979699e-05,0.6198970675468445,1.201282024383545,0.7038319706916809,0.7729498744010925,0.6723888516426086,0.6560173630714417,0.9066708087921143,1.217746376991272,0.9144468903541565,0.8073968291282654,0.6833004355430603,0.6037068367004395,0.6542440056800842,0.5547077655792236,0.6721057295799255,0.7062937021255493,0.7273698449134827
/p/project1/hai_1252/toulouse1/flexcraft/data/adapt/full_run_seed/2026-06-27_10:57:16_adapt_full_run_c4_/3QDG+MAVMAPRTLV+TLMSAMTNL+CALSAPNSGN+CASSYSKEGG_0_557.pdb,0.16491585969924927,0.3875921666622162,0.3096407651901245,0.2857188582420349,0.17428910732269287,0.4331141412258148,0.5428009033203125,0.5417858958244324,0.4215252697467804,0.12313412129878998,1.0045053958892822,0.3584176003932953,0.6516586542129517,0.5031877160072327,0.6864948868751526,0.21675150096416473,0.9282057285308838,0.8183775544166565,0.6262859106063843,0.8415875434875488,0.5884028077125549,0.4023541212081909,0.6388982534408569,0.2535249888896942,0.816946804523468,0.6072484254837036,0.6344167590141296,0.5961160659790039,0.5119855999946594,0.5831126570701599,0.3821715712547302,0.7925686836242676,0.2983189523220062,0.29650288820266724,0.5449327826499939,0.36166703701019287,0.7213935256004333,0.1535780280828476,0.6047882437705994,0.34914731979370117,0.3335954546928406,0.4907994270324707,0.22339962422847748,0.5565546751022339,0.7391154170036316,0.6252535581588745,0.49380457401275635,0.5708057880401611,0.5172632336616516,0.1885307878255844,0.23545555770397186,0.5122320055961609,0.35949984192848206,0.5909590125083923,0.5909548997879028,0.5457012057304382,0.43486496806144714,0.3130010664463043,0.4303615391254425,0.6198958158493042,1.439115385437617e-05,0.9738744497299194,0.20521984994411469,0.31894931197166443,0.2995831072330475,0.4659252166748047,0.7351186871528625,1.0110398530960083,0.6570608615875244,0.5581396818161011,0.34025922417640686,0.4025781452655792,0.21266186237335205,0.30370622873306274,0.2125258892774582,0.2655647099018097,0.18852996826171875
/p/project1/hai_1252/toulouse1/flexcraft/data/adapt/full_run_seed/2026-06-27_10:57:16_adapt_full_run_c4_/3QDG+MAVMAPRTLV+TLMSAMTNL+CALSAPNSGN+CASSYSKEGG_0_620.pdb,0.9427253603935242,0.8353921175003052,0.9885445833206177,0.9632894396781921,0.9136918187141418,1.1113005876541138,1.060791254043579,1.0462937355041504,1.0206027030944824,0.9714223146438599,1.5441999435424805,0.8928966522216797,1.1095436811447144,0.9666995406150818,1.049568772315979,1.026960015296936,1.2943439483642578,1.192664623260498,1.307280421257019,1.2441542148590088,0.7614766955375671,0.9868687987327576,1.1603167057037354,1.0480351448059082,1.2721188068389893,1.1239243745803833,0.9102199673652649,0.903005838394165,1.004516839981079,0.8608167767524719,1.0578243732452393,1.1720454692840576,0.9322618842124939,1.0124560594558716,1.0761046409606934,1.0016227960586548,1.2126060724258423,0.9512525796890259,1.010525107383728,0.9014503359794617,0.928167998790741,0.8647409677505493,0.9567132592201233,1.1092805862426758,1.149344563484192,1.1152647733688354,1.1102713346481323,1.0724238157272339,1.0105749368667603,0.9838579893112183,0.9943810105323792,0.9901220202445984,1.0915509462356567,1.0244508981704712,1.0677248239517212,1.2259132862091064,1.0260618925094604,1.0454518795013428,0.8080398440361023,1.2012830972671509,0.9738712310791016,1.6204205167014152e-05,0.9089179039001465,1.018593668937683,0.9187797904014587,1.0537817478179932,0.42249560356140137,0.3048298954963684,1.0459339618682861,1.0203975439071655,1.0665645599365234,1.0611002445220947,0.9920421838760376,1.0559097528457642,0.9865658283233643,0.9752594232559204,0.9838610291481018
/p/project1/hai_1252/toulouse1/flexcraft/data/adapt/full_run_seed/2026-06-27_10:57:16_adapt_full_run_c4_/3QDG+MAVMAPRTLV+TLMSAMTNL+CALSAPNSGN+CASSYSKEGG_0_429.pdb,0.11353766173124313,0.379305362701416,0.31941285729408264,0.22127380967140198,0.12123145908117294,0.46468475461006165,0.5475625395774841,0.5288286805152893,0.4465750455856323,0.19680823385715485,1.0587525367736816,0.34685882925987244,0.6329001784324646,0.4651414752006531,0.6731346845626831,0.19556207954883575,0.9481523036956787,0.8275983929634094,0.7048189043998718,0.8587294816970825,0.5876243710517883,0.4181198179721832,0.633491575717926,0.33185747265815735,0.8051997423171997,0.6136612892150879,0.6041285395622253,0.5611058473587036,0.5118418335914612,0.5157330632209778,0.37681475281715393,0.7921315431594849,0.34460896253585815,0.243273064494133,0.5487313866615295,0.399750292301178,0.7507427334785461,0.11731693148612976,0.6415824890136719,0.35348594188690186,0.333547979593277,0.4615025520324707,0.27204832434654236,0.5861147046089172,0.7958878874778748,0.6622641086578369,0.5431247353553772,0.6315897703170776,0.5330197811126709,0.16825057566165924,0.2446637898683548,0.5351197123527527,0.3551728129386902,0.5741651654243469,0.5824800133705139,0.5684512853622437,0.4360542595386505,0.27933359146118164,0.4372413456439972,0.7038324475288391,0.20522049069404602,0.9089176058769226,1.1632652785920072e-05,0.25485655665397644,0.2450660616159439,0.5287157297134399,0.6953108906745911,0.9493598341941833,0.6637909412384033,0.5506961941719055,0.356332004070282,0.43630412220954895,0.18826009333133698,0.359133243560791,0.1641230434179306,0.19966118037700653,0.16824927926063538
/p/project1/hai_1252/toulouse1/flexcraft/data/adapt/full_run_seed/2026-06-27_10:57:16_adapt_full_run_c4_/3QDG+MAVMAPRTLV+TLMSAMTNL+CALSAPNSGN+CASSYSKEGG_0_509.pdb,0.2253861129283905,0.4043917655944824,0.439421147108078,0.1474209725856781,0.262275367975235,0.4318011701107025,0.4856607913970947,0.4817477762699127,0.5508508682250977,0.3205939829349518,1.0784481763839722,0.4339022934436798,0.5249287486076355,0.38265782594680786,0.6073107123374939,0.2489621788263321,1.0376847982406616,0.8446581959724426,0.7109543681144714,0.8363298773765564,0.7247476577758789,0.44060882925987244,0.6193512678146362,0.42090973258018494,0.8195061087608337,0.5688216090202332,0.5692675709724426,0.6132559776306152,0.4641997516155243,0.5489643216133118,0.41642922163009644,0.771041750907898,0.40959054231643677,0.10782354325056076,0.4710923433303833,0.43720629811286926,0.7536858916282654,0.23120062053203583,0.6409236192703247,0.32242700457572937,0.42131251096725464,0.5595037937164307,0.3422050178050995,0.690756618976593,0.8548796772956848,0.6615795493125916,0.5886905193328857,0.6809567809104919,0.5366881489753723,0.24602745473384857,0.3317672908306122,0.5667769312858582,0.26805365085601807,0.5427013039588928,0.510715663433075,0.5205907821655273,0.36651846766471863,0.3551881015300751,0.555152952671051,0.7729477286338806,0.3189484477043152,1.0185933113098145,0.25485897064208984,1.3086097169434652e-05,0.27059000730514526,0.5863115787506104,0.8277164697647095,1.0485891103744507,0.6664329171180725,0.4962169826030731,0.36141908168792725,0.48909270763397217,0.24064166843891144,0.4434605836868286,0.1950359046459198,0.2147234082221985,0.24602697789669037
/p/project1/hai_1252/toulouse1/flexcraft/data/adapt/full_run_seed/2026-06-27_10:57:16_adapt_full_run_c4_/3QDG+MAVMAPRTLV+TLMSAMTNL+CALSAPNSGN+CASSYSKEGG_0_619.pdb,0.21688352525234222,0.4112568497657776,0.32047706842422485,0.18276575207710266,0.2581532597541809,0.45371589064598083,0.4416968524456024,0.4157465100288391,0.4042512774467468,0.2985255718231201,0.9832196235656738,0.40783393383026123,0.5651451945304871,0.3439358174800873,0.5530551671981812,0.35850051045417786,1.0543992519378662,0.7923235893249512,0.6480247974395752,0.8115667104721069,0.6106727123260498,0.3686961531639099,0.5282407402992249,0.39176416397094727,0.7326786518096924,0.510954737663269,0.5035148859024048,0.5914524793624878,0.45753008127212524,0.430483341217041,0.44972947239875793,0.7530208230018616,0.3242558538913727,0.31411775946617126,0.4565370976924896,0.3861854076385498,0.6793423295021057,0.20558784902095795,0.614711582660675,0.27254971861839294,0.3174043893814087,0.4966886341571808,0.27713486552238464,0.6730242371559143,0.787285327911377,0.5943190455436707,0.510896623134613,0.562333345413208,0.45805633068084717,0.33150187134742737,0.24757899343967438,0.5051199793815613,0.4603103995323181,0.4646753966808319,0.48966124653816223,0.5828589797019958,0.3583938181400299,0.468823105096817,0.4972580075263977,0.6723870038986206,0.2995798885822296,0.9187789559364319,0.24506530165672302,0.27059003710746765,2.09863756026607e-05,0.5018184185028076,0.7160650491714478,0.9568884372711182,0.588560163974762,0.46514391899108887,0.4582555294036865,0.37524229288101196,0.2700146436691284,0.3638227581977844,0.21588245034217834,0.2692173421382904,0.33150115609169006
/p/project1/hai_1252/toulouse1/flexcraft/data/adapt/full_run_seed/2026-06-27_10:57:16_adapt_full_run_c4_/3QDG+MAVMAPRTLV+TLMSAMTNL+CALSAPNSGN+CASSYSKEGG_0_365.pdb,0.4965273439884186,0.5543255805969238,0.5628907680511475,0.5334280729293823,0.4592970907688141,0.7219090461730957,0.4184068739414215,0.44291770458221436,0.6393450498580933,0.5106853246688843,0.8693121671676636,0.6489563584327698,0.5789781212806702,0.5326736569404602,0.5489954948425293,0.5740082859992981,0.8617913126945496,0.5266328454017639,0.5996763110160828,0.7014406323432922,0.7979077100753784,0.2867686152458191,0.628715455532074,0.5784324407577515,0.6444949507713318,0.4805099368095398,0.6029621958732605,0.7775565385818481,0.4807300567626953,0.7927489876747131,0.5689604878425598,0.6686283946037292,0.591671347618103,0.5541583895683289,0.4948209822177887,0.2731249928474426,0.5401960611343384,0.5094529390335083,0.5885382294654846,0.46344178915023804,0.6026519536972046,0.7663834095001221,0.40967729687690735,0.7579099535942078,0.5440955758094788,0.5312113761901855,0.43823760747909546,0.3363058567047119,0.30592218041419983,0.5501053929328918,0.536873996257782,0.33817780017852783,0.5920447111129761,0.47344398498535156,0.49407169222831726,0.5369654297828674,0.41193458437919617,0.6449673175811768,0.6759676933288574,0.6560167670249939,0.46592551469802856,1.053783893585205,0.5287162661552429,0.5863112807273865,0.5018190145492554,1.759190854500048e-05,0.8530431389808655,1.0858646631240845,0.42427968978881836,0.4878118932247162,0.5392594337463379,0.5377535820007324,0.5388790965080261,0.5314697623252869,0.5430707335472107,0.4509366750717163,0.5501052141189575
/p/project1/hai_1252/toulouse1/flexcraft/data/adapt/full_run_seed/2026-06-27_10:57:16_adapt_full_run_c4_/3QDG+MAVMAPRTLV+TLMSAMTNL+CALSAPNSGN+CASSYSKEGG_0_491.pdb,0.7235487103462219,0.6498848795890808,0.7515775561332703,0.7643855810165405,0.7024267315864563,0.8878909945487976,0.8990978002548218,0.8996559977531433,0.7800530791282654,0.745050311088562,1.3219712972640991,0.6985384821891785,0.9872908592224121,0.8119401931762695,0.9286770820617676,0.8064320683479309,1.0614475011825562,1.0223101377487183,1.0699213743209839,1.1138911247253418,0.4976697862148285,0.7783473134040833,0.9607378840446472,0.8051613569259644,1.0999661684036255,0.9651613235473633,0.8144928216934204,0.6744429469108582,0.8419259786605835,0.6654381155967712,0.779538094997406,1.0381957292556763,0.7041346430778503,0.8243781328201294,0.9118292331695557,0.7869429588317871,1.013432502746582,0.7297776937484741,0.8665778040885925,0.7001152038574219,0.7135451436042786,0.6281986832618713,0.7496715784072876,0.8419380187988281,0.9298188090324402,0.8743475079536438,0.8255966901779175,0.8659542798995972,0.861139714717865,0.7669342756271362,0.7624422311782837,0.8216596245765686,0.9023563861846924,0.8962036371231079,0.9295222759246826,1.0025858879089355,0.8530449271202087,0.835479736328125,0.49221503734588623,0.9066694378852844,0.7351198792457581,0.42249569296836853,0.6953126192092896,0.8277202248573303,0.7160643339157104,0.8530396819114685,9.137888810073491e-06,0.3892124593257904,0.9215190410614014,0.8618661761283875,0.8475306630134583,0.8202865719795227,0.7574862241744995,0.8076772093772888,0.7669556140899658,0.7739771604537964,0.7669384479522705
/p/project1/hai_1252/toulouse1/flexcraft/data/adapt/full_run_seed/2026-06-27_10:57:16_adapt_full_run_c4_/3QDG+MAVMAPRTLV+TLMSAMTNL+CALSAPNSGN+CASSYSKEGG_0_555.pdb,0.9802654981613159,0.8672540783882141,1.0398199558258057,0.9927223920822144,0.949849545955658,1.1401958465576172,1.0836460590362549,1.086038589477539,1.062408447265625,1.0153980255126953,1.5517396926879883,0.9449737668037415,1.127343773841858,1.0013337135314941,1.0638591051101685,1.0652815103530884,1.2781563997268677,1.1809815168380737,1.3362363576889038,1.2842423915863037,0.8060111999511719,1.0029051303863525,1.1758028268814087,1.0926573276519775,1.2854392528533936,1.142342448234558,0.9713877439498901,0.9078167080879211,1.0230215787887573,0.8893996477127075,1.0496602058410645,1.200074315071106,0.9812031984329224,1.0467731952667236,1.0945465564727783,1.0226528644561768,1.2152866125106812,0.9902899265289307,1.0342868566513062,0.9137692451477051,0.9697969555854797,0.9071726202964783,0.9993987083435059,1.1465497016906738,1.1470212936401367,1.117301344871521,1.1089718341827393,1.0903455018997192,1.0521217584609985,1.0178011655807495,1.0401437282562256,1.0281875133514404,1.1250245571136475,1.0688116550445557,1.0915547609329224,1.2032039165496826,1.0551396608352661,1.085923433303833,0.8186572194099426,1.21774160861969,1.0110416412353516,0.30482956767082214,0.9493582248687744,1.0485907793045044,0.9568846821784973,1.0858651399612427,0.38921400904655457,7.148108579713153e-06,1.0731925964355469,1.0504196882247925,1.0885740518569946,1.0844645500183105,1.0201431512832642,1.0884860754013062,1.0211553573608398,1.0098414421081543,1.01780104637146
/p/project1/hai_1252/toulouse1/flexcraft/data/adapt/full_run_seed/2026-06-27_10:57:16_adapt_full_run_c4_/3QDG+MAVMAPRTLV+TLMSAMTNL+CALSAPNSGN+CASSYSKEGG_0_197.pdb,0.6475125551223755,0.6798303127288818,0.7486644387245178,0.6162439584732056,0.5922945141792297,0.8800354599952698,0.3801567554473877,0.3826400637626648,0.8110796809196472,0.6863969564437866,1.035660982131958,0.7941544651985168,0.435825377702713,0.5156027674674988,0.38083186745643616,0.7360311150550842,1.0683183670043945,0.5279293656349182,0.8524888753890991,0.6719436049461365,0.973654568195343,0.42357027530670166,0.7111639380455017,0.8078548908233643,0.6624506115913391,0.3979034721851349,0.5622881650924683,0.9184890389442444,0.4762684404850006,0.8659761548042297,0.7508644461631775,0.6214877367019653,0.7623143792152405,0.6484153866767883,0.4771326780319214,0.4127386510372162,0.6972039937973022,0.6589995622634888,0.6374532580375671,0.5499529838562012,0.7449314594268799,0.9425433874130249,0.5674961805343628,0.9911823868751526,0.6929659247398376,0.6494830846786499,0.6499701738357544,0.4208405613899231,0.2682582139968872,0.6928578615188599,0.6983544826507568,0.4744444787502289,0.6863569617271423,0.37287336587905884,0.3647422790527344,0.5724658966064453,0.4284774661064148,0.805730938911438,0.8459357023239136,0.9144442081451416,0.6570608019828796,1.045935034751892,0.6637915968894958,0.6664317846298218,0.5885602235794067,0.42427563667297363,0.9215188026428223,1.0731900930404663,1.7904665583046153e-05,0.5193149447441101,0.7037914991378784,0.7283252477645874,0.712914228439331,0.7625035643577576,0.6819444894790649,0.5931078791618347,0.6928586363792419
/p/project1/hai_1252/toulouse1/flexcraft/data/adapt/full_run_seed/2026-06-27_10:57:16_adapt_full_run_c4_/3QDG+MAVMAPRTLV+TLMSAMTNL+CALSAPNSGN+CASSYSKEGG_0_563.pdb,0.5147519111633301,0.5381418466567993,0.643462598323822,0.46619051694869995,0.5143983960151672,0.6961271166801453,0.3383977711200714,0.3782913088798523,0.7289038300514221,0.5884802937507629,1.0153191089630127,0.6786012649536133,0.45861196517944336,0.3698095381259918,0.4517836272716522,0.6063642501831055,0.9796792268753052,0.6643965840339661,0.696242094039917,0.5544243454933167,0.8584383726119995,0.3675544857978821,0.5520659685134888,0.6878284215927124,0.7534363865852356,0.4548673927783966,0.33349382877349854,0.7574194073677063,0.23380477726459503,0.7192426323890686,0.6054089665412903,0.48192375898361206,0.6232233643531799,0.48253145813941956,0.2745751142501831,0.41215628385543823,0.5322374105453491,0.5334304571151733,0.4696844220161438,0.3882021903991699,0.6462969183921814,0.7747654914855957,0.4838842451572418,0.774078905582428,0.766532838344574,0.566421627998352,0.5776942372322083,0.570978581905365,0.40730226039886475,0.5803831219673157,0.574892520904541,0.3192025423049927,0.566016674041748,0.41338911652565,0.4166274070739746,0.5793849229812622,0.29640498757362366,0.661777913570404,0.7070410251617432,0.8073928356170654,0.558139443397522,1.0203977823257446,0.5506954193115234,0.49621692299842834,0.46514442563056946,0.487813800573349,0.8618658185005188,1.0504179000854492,0.5193160772323608,1.9555303879315034e-05,0.5882766246795654,0.6000613570213318,0.5693795084953308,0.6362438201904297,0.5345844030380249,0.46101871132850647,0.5803825855255127
/p/project1/hai_1252/toulouse1/flexcraft/data/adapt/full_run_seed/2026-06-27_10:57:16_adapt_full_run_c4_/3QDG+MAVMAPRTLV+TLMSAMTNL+CALSAPNSGN+CASSYSKEGG_0_484.pdb,0.3280702531337738,0.4384371042251587,0.5357991456985474,0.39930009841918945,0.32780057191848755,0.5340423583984375,0.5999488830566406,0.6265271902084351,0.6561990976333618,0.3661670386791229,1.0021992921829224,0.514458179473877,0.6573594212532043,0.5874931812286377,0.7289131879806519,0.30723807215690613,0.8692246079444885,0.7760946750640869,0.6630597114562988,0.8378086090087891,0.7067505121231079,0.48930731415748596,0.6314550042152405,0.45271751284599304,0.8111818432807922,0.6859369874000549,0.6922953128814697,0.5823363065719604,0.549983561038971,0.6924959421157837,0.3420443534851074,0.7699868083000183,0.5187662839889526,0.3093138039112091,0.5955566167831421,0.4438766539096832,0.6920259594917297,0.3472903370857239,0.6304286122322083,0.4241635799407959,0.5281244516372681,0.6263253688812256,0.4071851074695587,0.6069036722183228,0.7346840500831604,0.6007493138313293,0.5043842196464539,0.6273743510246277,0.6040087342262268,0.29376089572906494,0.4482605457305908,0.5663201808929443,0.2930298149585724,0.6887932419776917,0.6470285058021545,0.49990954995155334,0.5030682682991028,0.3795064687728882,0.5466254949569702,0.6832995414733887,0.3402588665485382,1.066562533378601,0.3563421070575714,0.3614138662815094,0.45825451612472534,0.5392547845840454,0.8475274443626404,1.08857262134552,0.7037933468818665,0.5882735848426819,1.8776549040921964e-05,0.5727389454841614,0.3454280495643616,0.4836174249649048,0.3640643060207367,0.3201998174190521,0.2937614321708679
/p/project1/hai_1252/toulouse1/flexcraft/data/adapt/full_run_seed/2026-06-27_10:57:16_adapt_full_run_c4_/3QDG+MAVMAPRTLV+TLMSAMTNL+CALSAPNSGN+CASSYSKEGG_0_533.pdb,0.41743752360343933,0.5621976256370544,0.37060561776161194,0.41890326142311096,0.43685153126716614,0.4731004536151886,0.580622673034668,0.5842477679252625,0.40762558579444885,0.41918429732322693,0.917655348777771,0.508004903793335,0.7450821995735168,0.5642566680908203,0.7180315852165222,0.4900777339935303,1.0451020002365112,0.840744137763977,0.5958407521247864,0.8836297392845154,0.6799224019050598,0.4659351408481598,0.6007550358772278,0.40055447816848755,0.7718396782875061,0.570590078830719,0.6929636001586914,0.7082085013389587,0.6020054817199707,0.5752052664756775,0.5564441680908203,0.8597100973129272,0.3855413496494293,0.5103530883789062,0.5991935729980469,0.4809049367904663,0.6371825933456421,0.3990229368209839,0.6669699549674988,0.4516087770462036,0.4080057442188263,0.5845742225646973,0.36147719621658325,0.6843913197517395,0.7717371582984924,0.6718730330467224,0.5405433177947998,0.6130257844924927,0.584603488445282,0.49412012100219727,0.3592776954174042,0.5862354040145874,0.6100819110870361,0.6210765838623047,0.6593161821365356,0.6497645378112793,0.5153573155403137,0.5746357440948486,0.582886278629303,0.603701114654541,0.4025765061378479,1.0611002445220947,0.436306357383728,0.48909372091293335,0.3752419948577881,0.5377530455589294,0.8202881217002869,1.0844680070877075,0.7283236384391785,0.60006183385849,0.572749674320221,1.5066394553286955e-05,0.40528929233551025,0.21058328449726105,0.39718136191368103,0.4602201581001282,0.4941200911998749
/p/project1/hai_1252/toulouse1/flexcraft/data/adapt/full_run_seed/2026-06-27_10:57:16_adapt_full_run_c4_/3QDG+MAVMAPRTLV+TLMSAMTNL+CALSAPNSGN+CASSYSKEGG_0_376.pdb,0.1539817601442337,0.3848922550678253,0.3123956024646759,0.22414541244506836,0.20526394248008728,0.40058594942092896,0.56038898229599,0.5563793182373047,0.4333965480327606,0.21955762803554535,1.0133010149002075,0.37211570143699646,0.6586329340934753,0.48680275678634644,0.6920362710952759,0.1918293684720993,0.961433470249176,0.8469344973564148,0.6440598368644714,0.8775932192802429,0.6010898947715759,0.42722296714782715,0.6127662062644958,0.24442355334758759,0.8149484395980835,0.6417693495750427,0.6604455709457397,0.5724904537200928,0.5373942255973816,0.5269991159439087,0.35883060097694397,0.8167958855628967,0.3345962166786194,0.24708843231201172,0.550447940826416,0.41569629311561584,0.7477310299873352,0.14501389861106873,0.6771669983863831,0.3427484333515167,0.33655455708503723,0.46407774090766907,0.30848321318626404,0.5955584645271301,0.7854708433151245,0.6351931095123291,0.5156028270721436,0.635596513748169,0.5743956565856934,0.20368435978889465,0.22324924170970917,0.5713579654693604,0.36570897698402405,0.6137606501579285,0.6105858087539673,0.5733187198638916,0.4512338638305664,0.31424883008003235,0.4526198208332062,0.6542418003082275,0.21266120672225952,0.9920377135276794,0.1882602423429489,0.24064409732818604,0.27001896500587463,0.5388794541358948,0.75748610496521,1.020142674446106,0.7129141688346863,0.5693802833557129,0.34543222188949585,0.4052916467189789,1.1658755283860955e-05,0.3072260618209839,0.14981374144554138,0.22211699187755585,0.2036815732717514
/p/project1/hai_1252/toulouse1/flexcraft/data/adapt/full_run_seed/2026-06-27_10:57:16_adapt_full_run_c4_/3QDG+MAVMAPRTLV+TLMSAMTNL+CALSAPNSGN+CASSYSKEGG_0_405.pdb,0.33713671565055847,0.5071632862091064,0.30463671684265137,0.39019399881362915,0.36852169036865234,0.43214210867881775,0.634433925151825,0.6325668692588806,0.36757129430770874,0.32082173228263855,0.9273766875267029,0.4234543740749359,0.7831411957740784,0.5940618515014648,0.7800304889678955,0.3820763826370239,0.9859130382537842,0.8690866231918335,0.5803968906402588,0.9108743071556091,0.609962522983551,0.4898059368133545,0.6273187398910522,0.2738111913204193,0.8052383661270142,0.649046778678894,0.723666250705719,0.6457448601722717,0.6224464178085327,0.5760263800621033,0.4845210909843445,0.8824784755706787,0.3305557072162628,0.45248982310295105,0.6336170434951782,0.48149895668029785,0.6769405603408813,0.31604665517807007,0.6847324371337891,0.44821032881736755,0.33887979388237,0.5055757761001587,0.3369336724281311,0.5954582095146179,0.7563645243644714,0.6719949245452881,0.5184768438339233,0.6230704188346863,0.6255686283111572,0.39653855562210083,0.2918378710746765,0.5978060960769653,0.5404391884803772,0.6794981956481934,0.7081190347671509,0.6415513157844543,0.5435670614242554,0.46668741106987,0.5136014223098755,0.5547089576721191,0.3037066161632538,1.0559053421020508,0.3591328263282776,0.4434604346752167,0.3638218343257904,0.5314704179763794,0.8076756000518799,1.0884840488433838,0.7625024318695068,0.6362437009811401,0.4836135804653168,0.21058335900306702,0.3072262108325958,1.9881284970324486e-05,0.32275035977363586,0.40481188893318176,0.3965385854244232
/p/project1/hai_1252/toulouse1/flexcraft/data/adapt/full_run_seed/2026-06-27_10:57:16_adapt_full_run_c4_/3QDG+MAVMAPRTLV+TLMSAMTNL+CALSAPNSGN+CASSYSKEGG_0_436.pdb,0.14716564118862152,0.4099627733230591,0.2774169147014618,0.1586267203092575,0.1929154396057129,0.40567532181739807,0.5366523265838623,0.5102865695953369,0.39439937472343445,0.20445750653743744,1.0292656421661377,0.3549627959728241,0.6338521242141724,0.4312348961830139,0.6729860901832581,0.1936149299144745,0.9914936423301697,0.8503210544586182,0.6615051031112671,0.8601526618003845,0.6298380494117737,0.42291852831840515,0.6093600988388062,0.28955546021461487,0.7994838953018188,0.6029964089393616,0.6072109341621399,0.5817486643791199,0.5060266852378845,0.4968489706516266,0.3879369795322418,0.8045708537101746,0.30698731541633606,0.2244849056005478,0.5128626227378845,0.4146648943424225,0.7443633675575256,0.12061359733343124,0.6457062363624573,0.33611372113227844,0.30292174220085144,0.4760279655456543,0.27722758054733276,0.6123315095901489,0.8171430826187134,0.651429295539856,0.5298640727996826,0.6356099247932434,0.5472818613052368,0.20987816154956818,0.17789070308208466,0.5474420785903931,0.3542931377887726,0.560275137424469,0.581351101398468,0.5517379641532898,0.40480536222457886,0.30596378445625305,0.4840288460254669,0.6721037030220032,0.21252062916755676,0.9865657687187195,0.16412456333637238,0.195037841796875,0.21587947010993958,0.5430703163146973,0.7669538259506226,1.0211572647094727,0.6819446682929993,0.5345842242240906,0.3640633225440979,0.3971824645996094,0.14981423318386078,0.32275035977363586,1.7548118194099516e-05,0.2131544053554535,0.20988337695598602
/p/project1/hai_1252/toulouse1/flexcraft/data/adapt/full_run_seed/2026-06-27_10:57:16_adapt_full_run_c4_/3QDG+MAVMAPRTLV+TLMSAMTNL+CALSAPNSGN+CASSYSKEGG_0_547.pdb,0.17444807291030884,0.35680022835731506,0.39029598236083984,0.19877013564109802,0.16818207502365112,0.4836612641811371,0.4440056085586548,0.43887627124786377,0.5265167951583862,0.2741566002368927,1.022437572479248,0.415841668844223,0.5200448036193848,0.4005352556705475,0.5772668123245239,0.23054474592208862,0.9135513305664062,0.7402001619338989,0.663370668888092,0.7955366373062134,0.6838659048080444,0.3236387073993683,0.5991106629371643,0.3861328661441803,0.7605640888214111,0.5378448963165283,0.5518015027046204,0.586111307144165,0.4353771507740021,0.5845557451248169,0.35356101393699646,0.7220085859298706,0.4075767993927002,0.18053863942623138,0.4696425497531891,0.32169410586357117,0.6827026605606079,0.19878193736076355,0.5934529304504395,0.2965105175971985,0.40614840388298035,0.5521799325942993,0.2805602252483368,0.6350840330123901,0.7428605556488037,0.5937106013298035,0.49179506301879883,0.5795766115188599,0.44804316759109497,0.22116059064865112,0.31229251623153687,0.4654160737991333,0.29662466049194336,0.4988279938697815,0.4828680753707886,0.5001063346862793,0.3357418179512024,0.32244184613227844,0.5134232044219971,0.7062932848930359,0.2655651867389679,0.9752599596977234,0.19966275990009308,0.21472379565238953,0.2692157030105591,0.4509362280368805,0.7739807963371277,1.0098406076431274,0.5931087732315063,0.4610159993171692,0.32020461559295654,0.4602194130420685,0.22211752831935883,0.4048139750957489,0.213157057762146,8.283576789835934e-06,0.2211601585149765
/p/project1/hai_1252/toulouse1/flexcraft/data/adapt/full_run_seed/2026-06-27_10:57:16_adapt_full_run_c4_/3QDG+MAVMAPRTLV+TLMSAMTNL+CALSAPNSGN+CASSYSKEGG_0_145.pdb,0.14241307973861694,0.3816376328468323,0.3871952295303345,0.2717873454093933,0.16062021255493164,0.4434330463409424,0.5633372068405151,0.5636510848999023,0.5157251954078674,0.1824609637260437,1.0712363719940186,0.3738333582878113,0.6177347898483276,0.5227395296096802,0.6909975409507751,0.11239615827798843,0.950416624546051,0.8444370031356812,0.7008246183395386,0.8829502463340759,0.6307961940765381,0.44464781880378723,0.6792160868644714,0.3342026472091675,0.8526597619056702,0.6318325400352478,0.6631754040718079,0.5921564698219299,0.5320371389389038,0.6031281352043152,0.36686500906944275,0.8121633529663086,0.39620256423950195,0.20398978888988495,0.5736472606658936,0.4038883447647095,0.7746478319168091,0.15507522225379944,0.6451351046562195,0.379049152135849,0.39310964941978455,0.5192480683326721,0.3241313099861145,0.6034326553344727,0.8053196668624878,0.6681799292564392,0.560982346534729,0.646481454372406,0.562609076499939,2.012276127061341e-05,0.29825499653816223,0.5752246975898743,0.256014347076416,0.6223900318145752,0.5874128341674805,0.5401273369789124,0.4573529362678528,0.23013733327388763,0.4616389572620392,0.727367639541626,0.18853121995925903,0.9838627576828003,0.16824820637702942,0.24602706730365753,0.3315000534057617,0.5501044392585754,0.7669391632080078,1.017800211906433,0.6928594708442688,0.5803825259208679,0.29376381635665894,0.49412083625793457,0.2036842256784439,0.3965391218662262,0.2098795473575592,0.22116120159626007,2.1352887415559962e-05