,/p/project1/hai_1252/toulouse1/flexcraft/data/adapt/adapt_tuning_adapt_config_1/1OGA+MAVMAPRTLV+TLMSAMTNL+CAVNTGNQFY+CASSRGTAGN_0_15.pdb,/p/project1/hai_1252/toulouse1/flexcraft/data/adapt/adapt_tuning_adapt_config_1/7N2R+MAVMAPRTLV+TLMSAMTNL+CAVEDRVGDK+CASSFRGQGN_0_0.pdb,/p/project1/hai_1252/toulouse1/flexcraft/data/adapt/adapt_tuning_adapt_config_1/1OGA+MAVMAPRTLV+TLMSAMTNL+CAVNTGNQFY+CASSRGTAGN_0_5.pdb,/p/project1/hai_1252/toulouse1/flexcraft/data/adapt/adapt_tuning_adapt_config_1/7N2R+MAVMAPRTLV+TLMSAMTNL+CAAAGMGGYN+CASGSTDTQY_0_12.pdb,/p/project1/hai_1252/toulouse1/flexcraft/data/adapt/adapt_tuning_adapt_config_1/3GSN+MAVMAPRTLV+TLMSAMTNL+CAAAIQGAQK+CASSPADTQY_0_1.pdb,/p/project1/hai_1252/toulouse1/flexcraft/data/adapt/adapt_tuning_adapt_config_1/7N2R+MAVMAPRTLV+TLMSAMTNL+CAAAGMGGYN+CASGSTDTQY_0_2.pdb,/p/project1/hai_1252/toulouse1/flexcraft/data/adapt/adapt_tuning_adapt_config_1/5EU6+MAVMAPRTLV+TLMSAMTNL+CAVANAGNML+CASSSGTGES_0_5.pdb,/p/project1/hai_1252/toulouse1/flexcraft/data/adapt/adapt_tuning_adapt_config_1/1OGA+MAVMAPRTLV+TLMSAMTNL+CAVNTGNQFY+CASSRGTAGN_0_7.pdb,/p/project1/hai_1252/toulouse1/flexcraft/data/adapt/adapt_tuning_adapt_config_1/1OGA+MAVMAPRTLV+TLMSAMTNL+CAVNTGNQFY+CASSRGTAGN_0_11.pdb,/p/project1/hai_1252/toulouse1/flexcraft/data/adapt/adapt_tuning_adapt_config_1/7OW6+MAVMAPRTLV+TLMSAMTNL+CAVQVDQAGT+CATGEYEKLF_0_2.pdb,/p/project1/hai_1252/toulouse1/flexcraft/data/adapt/adapt_tuning_adapt_config_1/7OW6+MAVMAPRTLV+TLMSAMTNL+CAVQVDQAGT+CATGEYEKLF_0_1.pdb,/p/project1/hai_1252/toulouse1/flexcraft/data/adapt/adapt_tuning_adapt_config_1/7RRG+MAVMAPRTLV+TLMSAMTNL+CAYGGSEKLV+CASSLGLTGA_0_0.pdb,/p/project1/hai_1252/toulouse1/flexcraft/data/adapt/adapt_tuning_adapt_config_1/1OGA+MAVMAPRTLV+TLMSAMTNL+CAVNTGNQFY+CASSRGTAGN_0_6.pdb,/p/project1/hai_1252/toulouse1/flexcraft/data/adapt/adapt_tuning_adapt_config_1/7OW6+MAVMAPRTLV+TLMSAMTNL+CALRPNTGFQ+CASSLAETAN_0_1.pdb,/p/project1/hai_1252/toulouse1/flexcraft/data/adapt/adapt_tuning_adapt_config_1/5EU6+MAVMAPRTLV+TLMSAMTNL+CAVANAGNML+CASSSGTGES_0_4.pdb,/p/project1/hai_1252/toulouse1/flexcraft/data/adapt/adapt_tuning_adapt_config_1/5BS0+MAVMAPRTLV+TLMSAMTNL+CIVRNSGGYQ+CASSPGTGGN_0_0.pdb,/p/project1/hai_1252/toulouse1/flexcraft/data/adapt/adapt_tuning_adapt_config_1/7N2R+MAVMAPRTLV+TLMSAMTNL+CAAAGMGGYN+CASGSTDTQY_0_7.pdb,/p/project1/hai_1252/toulouse1/flexcraft/data/adapt/adapt_tuning_adapt_config_1/7N2R+MAVMAPRTLV+TLMSAMTNL+CAAAGMGGYN+CASGSTDTQY_0_15.pdb,/p/project1/hai_1252/toulouse1/flexcraft/data/adapt/adapt_tuning_adapt_config_1/7OW6+MAVMAPRTLV+TLMSAMTNL+CALRPNTGFQ+CASSLAETAN_0_6.pdb,/p/project1/hai_1252/toulouse1/flexcraft/data/adapt/adapt_tuning_adapt_config_1/7OW6+MAVMAPRTLV+TLMSAMTNL+CALRPNTGFQ+CASSLAETAN_0_3.pdb,/p/project1/hai_1252/toulouse1/flexcraft/data/adapt/adapt_tuning_adapt_config_1/7OW6+MAVMAPRTLV+TLMSAMTNL+CALRPNTGFQ+CASSLAETAN_0_2.pdb,/p/project1/hai_1252/toulouse1/flexcraft/data/adapt/adapt_tuning_adapt_config_1/3GSN+MAVMAPRTLV+TLMSAMTNL+CAAAIQGAQK+CASSPADTQY_0_0.pdb,/p/project1/hai_1252/toulouse1/flexcraft/data/adapt/adapt_tuning_adapt_config_1/1OGA+MAVMAPRTLV+TLMSAMTNL+CAVNTGNQFY+CASSRGTAGN_0_10.pdb,/p/project1/hai_1252/toulouse1/flexcraft/data/adapt/adapt_tuning_adapt_config_1/7N2R+MAVMAPRTLV+TLMSAMTNL+CAAAGMGGYN+CASGSTDTQY_0_3.pdb,/p/project1/hai_1252/toulouse1/flexcraft/data/adapt/adapt_tuning_adapt_config_1/1OGA+MAVMAPRTLV+TLMSAMTNL+CAVNTGNQFY+CASSRGTAGN_0_4.pdb,/p/project1/hai_1252/toulouse1/flexcraft/data/adapt/adapt_tuning_adapt_config_1/1OGA+MAVMAPRTLV+TLMSAMTNL+CAVNTGNQFY+CASSRGTAGN_0_13.pdb,/p/project1/hai_1252/toulouse1/flexcraft/data/adapt/adapt_tuning_adapt_config_1/7N2R+MAVMAPRTLV+TLMSAMTNL+CAAAGMGGYN+CASGSTDTQY_0_10.pdb,/p/project1/hai_1252/toulouse1/flexcraft/data/adapt/adapt_tuning_adapt_config_1/7N2R+MAVMAPRTLV+TLMSAMTNL+CAAAGMGGYN+CASGSTDTQY_0_14.pdb,/p/project1/hai_1252/toulouse1/flexcraft/data/adapt/adapt_tuning_adapt_config_1/5EU6+MAVMAPRTLV+TLMSAMTNL+CAVANAGNML+CASSSGTGES_0_1.pdb,/p/project1/hai_1252/toulouse1/flexcraft/data/adapt/adapt_tuning_adapt_config_1/7N2R+MAVMAPRTLV+TLMSAMTNL+CAAAGMGGYN+CASGSTDTQY_0_11.pdb,/p/project1/hai_1252/toulouse1/flexcraft/data/adapt/adapt_tuning_adapt_config_1/1OGA+MAVMAPRTLV+TLMSAMTNL+CAVNTGNQFY+CASSRGTAGN_0_14.pdb,/p/project1/hai_1252/toulouse1/flexcraft/data/adapt/adapt_tuning_adapt_config_1/5EU6+MAVMAPRTLV+TLMSAMTNL+CAVANAGNML+CASSSGTGES_0_7.pdb,/p/project1/hai_1252/toulouse1/flexcraft/data/adapt/adapt_tuning_adapt_config_1/7OW6+MAVMAPRTLV+TLMSAMTNL+CALRPNTGFQ+CASSLAETAN_0_4.pdb,/p/project1/hai_1252/toulouse1/flexcraft/data/adapt/adapt_tuning_adapt_config_1/1OGA+MAVMAPRTLV+TLMSAMTNL+CAVNTGNQFY+CASSRGTAGN_0_17.pdb,/p/project1/hai_1252/toulouse1/flexcraft/data/adapt/adapt_tuning_adapt_config_1/1OGA+MAVMAPRTLV+TLMSAMTNL+CAVNTGNQFY+CASSRGTAGN_0_1.pdb,/p/project1/hai_1252/toulouse1/flexcraft/data/adapt/adapt_tuning_adapt_config_1/7OW6+MAVMAPRTLV+TLMSAMTNL+CALRPNTGFQ+CASSLAETAN_0_0.pdb,/p/project1/hai_1252/toulouse1/flexcraft/data/adapt/adapt_tuning_adapt_config_1/3QDG+MAVMAPRTLV+TLMSAMTNL+CAVRLTGLTG+CASSIAGAWD_0_0.pdb,/p/project1/hai_1252/toulouse1/flexcraft/data/adapt/adapt_tuning_adapt_config_1/7N2R+MAVMAPRTLV+TLMSAMTNL+CAAAGMGGYN+CASGSTDTQY_0_17.pdb,/p/project1/hai_1252/toulouse1/flexcraft/data/adapt/adapt_tuning_adapt_config_1/1OGA+MAVMAPRTLV+TLMSAMTNL+CVVSVPSGGG+CASSLAFGGS_0_0.pdb,/p/project1/hai_1252/toulouse1/flexcraft/data/adapt/adapt_tuning_adapt_config_1/1OGA+MAVMAPRTLV+TLMSAMTNL+CAVNTGNQFY+CASSRGTAGN_0_16.pdb,/p/project1/hai_1252/toulouse1/flexcraft/data/adapt/adapt_tuning_adapt_config_1/7N2R+MAVMAPRTLV+TLMSAMTNL+CAAAGMGGYN+CASGSTDTQY_0_0.pdb,/p/project1/hai_1252/toulouse1/flexcraft/data/adapt/adapt_tuning_adapt_config_1/7N2R+MAVMAPRTLV+TLMSAMTNL+CAAAGMGGYN+CASGSTDTQY_0_8.pdb,/p/project1/hai_1252/toulouse1/flexcraft/data/adapt/adapt_tuning_adapt_config_1/5EU6+MAVMAPRTLV+TLMSAMTNL+CAVANAGNML+CASSSGTGES_0_2.pdb,/p/project1/hai_1252/toulouse1/flexcraft/data/adapt/adapt_tuning_adapt_config_1/7N2R+MAVMAPRTLV+TLMSAMTNL+CAAAGMGGYN+CASGSTDTQY_0_4.pdb,/p/project1/hai_1252/toulouse1/flexcraft/data/adapt/adapt_tuning_adapt_config_1/5EU6+MAVMAPRTLV+TLMSAMTNL+CAVANAGNML+CASSSGTGES_0_0.pdb,/p/project1/hai_1252/toulouse1/flexcraft/data/adapt/adapt_tuning_adapt_config_1/1OGA+MAVMAPRTLV+TLMSAMTNL+CAVNTGNQFY+CASSRGTAGN_0_9.pdb,/p/project1/hai_1252/toulouse1/flexcraft/data/adapt/adapt_tuning_adapt_config_1/7N2R+MAVMAPRTLV+TLMSAMTNL+CAAAGMGGYN+CASGSTDTQY_0_6.pdb,/p/project1/hai_1252/toulouse1/flexcraft/data/adapt/adapt_tuning_adapt_config_1/7N2R+MAVMAPRTLV+TLMSAMTNL+CAAAGMGGYN+CASGSTDTQY_0_13.pdb,/p/project1/hai_1252/toulouse1/flexcraft/data/adapt/adapt_tuning_adapt_config_1/7N2R+MAVMAPRTLV+TLMSAMTNL+CAAAGMGGYN+CASGSTDTQY_0_5.pdb,/p/project1/hai_1252/toulouse1/flexcraft/data/adapt/adapt_tuning_adapt_config_1/7N2R+MAVMAPRTLV+TLMSAMTNL+CAAAGMGGYN+CASGSTDTQY_0_9.pdb,/p/project1/hai_1252/toulouse1/flexcraft/data/adapt/adapt_tuning_adapt_config_1/3QDG+MAVMAPRTLV+TLMSAMTNL+CAVTLNTGFQ+CASSLEAAPG_0_0.pdb,/p/project1/hai_1252/toulouse1/flexcraft/data/adapt/adapt_tuning_adapt_config_1/5EU6+MAVMAPRTLV+TLMSAMTNL+CAVANAGNML+CASSSGTGES_0_3.pdb,/p/project1/hai_1252/toulouse1/flexcraft/data/adapt/adapt_tuning_adapt_config_1/7N2R+MAVMAPRTLV+TLMSAMTNL+CAAAGMGGYN+CASGSTDTQY_0_16.pdb,/p/project1/hai_1252/toulouse1/flexcraft/data/adapt/adapt_tuning_adapt_config_1/1OGA+MAVMAPRTLV+TLMSAMTNL+CAVNTGNQFY+CASSRGTAGN_0_8.pdb,/p/project1/hai_1252/toulouse1/flexcraft/data/adapt/adapt_tuning_adapt_config_1/5EU6+MAVMAPRTLV+TLMSAMTNL+CAVANAGNML+CASSSGTGES_0_6.pdb,/p/project1/hai_1252/toulouse1/flexcraft/data/adapt/adapt_tuning_adapt_config_1/1OGA+MAVMAPRTLV+TLMSAMTNL+CAVNTGNQFY+CASSRGTAGN_0_0.pdb,/p/project1/hai_1252/toulouse1/flexcraft/data/adapt/adapt_tuning_adapt_config_1/7N2R+MAVMAPRTLV+TLMSAMTNL+CAVEDRVGDK+CASSFRGQGN_0_1.pdb,/p/project1/hai_1252/toulouse1/flexcraft/data/adapt/adapt_tuning_adapt_config_1/7N2R+MAVMAPRTLV+TLMSAMTNL+CAAAGMGGYN+CASGSTDTQY_0_18.pdb,/p/project1/hai_1252/toulouse1/flexcraft/data/adapt/adapt_tuning_adapt_config_1/7N2R+MAVMAPRTLV+TLMSAMTNL+CAVEDRVGDK+CASSFRGQGN_0_2.pdb,/p/project1/hai_1252/toulouse1/flexcraft/data/adapt/adapt_tuning_adapt_config_1/1OGA+MAVMAPRTLV+TLMSAMTNL+CAVNTGNQFY+CASSRGTAGN_0_12.pdb,/p/project1/hai_1252/toulouse1/flexcraft/data/adapt/adapt_tuning_adapt_config_1/7OW6+MAVMAPRTLV+TLMSAMTNL+CALRPNTGFQ+CASSLAETAN_0_7.pdb,/p/project1/hai_1252/toulouse1/flexcraft/data/adapt/adapt_tuning_adapt_config_1/7OW6+MAVMAPRTLV+TLMSAMTNL+CAVQVDQAGT+CATGEYEKLF_0_0.pdb,/p/project1/hai_1252/toulouse1/flexcraft/data/adapt/adapt_tuning_adapt_config_1/3GSN+MAVMAPRTLV+TLMSAMTNL+CAVVNNAGNM+CASSRGGGPH_0_0.pdb,/p/project1/hai_1252/toulouse1/flexcraft/data/adapt/adapt_tuning_adapt_config_1/1OGA+MAVMAPRTLV+TLMSAMTNL+CAVNTGNQFY+CASSRGTAGN_0_3.pdb,/p/project1/hai_1252/toulouse1/flexcraft/data/adapt/adapt_tuning_adapt_config_1/1OGA+MAVMAPRTLV+TLMSAMTNL+CAVNTGNQFY+CASSRGTAGN_0_2.pdb,/p/project1/hai_1252/toulouse1/flexcraft/data/adapt/adapt_tuning_adapt_config_1/5BS0+MAVMAPRTLV+TLMSAMTNL+CAVNARGSSN+CASSFRAPNR_0_0.pdb,/p/project1/hai_1252/toulouse1/flexcraft/data/adapt/adapt_tuning_adapt_config_1/5EU6+MAVMAPRTLV+TLMSAMTNL+CAASIDSSAS+CASSEGRDGT_0_0.pdb,/p/project1/hai_1252/toulouse1/flexcraft/data/adapt/adapt_tuning_adapt_config_1/7N2R+MAVMAPRTLV+TLMSAMTNL+CAAAGMGGYN+CASGSTDTQY_0_1.pdb,/p/project1/hai_1252/toulouse1/flexcraft/data/adapt/adapt_tuning_adapt_config_1/7RRG+MAVMAPRTLV+TLMSAMTNL+CAVRGNSGYA+CASSAVGNTE_0_0.pdb,/p/project1/hai_1252/toulouse1/flexcraft/data/adapt/adapt_tuning_adapt_config_1/7OW6+MAVMAPRTLV+TLMSAMTNL+CALRPNTGFQ+CASSLAETAN_0_5.pdb
/p/project1/hai_1252/toulouse1/flexcraft/data/adapt/adapt_tuning_adapt_config_1/1OGA+MAVMAPRTLV+TLMSAMTNL+CAVNTGNQFY+CASSRGTAGN_0_15.pdb,1.808207161957398e-05,16.031831741333008,3.418762683868408,13.175110816955566,11.870121002197266,13.416312217712402,17.001920700073242,4.258454322814941,5.890832424163818,17.67078399658203,17.99960708618164,14.313278198242188,3.58939266204834,20.842016220092773,16.8435115814209,18.09813117980957,13.535173416137695,13.323290824890137,23.998538970947266,20.666627883911133,20.531051635742188,12.072159767150879,6.801169395446777,13.060747146606445,6.21930456161499,3.121675491333008,12.97811222076416,13.65162181854248,16.8208065032959,14.022151947021484,2.036395788192749,16.898591995239258,20.529016494750977,5.468475818634033,4.127949237823486,20.772571563720703,19.698335647583008,13.775086402893066,16.584003448486328,6.743105411529541,12.92926025390625,14.047514915466309,16.78874969482422,13.8247709274292,16.713871002197266,4.181022644042969,13.484977722167969,13.653671264648438,13.800498008728027,14.019111633300781,16.43588638305664,17.176908493041992,13.133479118347168,5.718883991241455,17.021596908569336,8.0623140335083,16.152488708496094,13.526259422302246,16.163829803466797,4.988184452056885,22.86271095275879,18.281564712524414,16.82008934020996,5.332396984100342,3.3002288341522217,22.898296356201172,21.949344635009766,12.901008605957031,12.602364540100098,23.117212295532227
/p/project1/hai_1252/toulouse1/flexcraft/data/adapt/adapt_tuning_adapt_config_1/7N2R+MAVMAPRTLV+TLMSAMTNL+CAVEDRVGDK+CASSFRGQGN_0_0.pdb,16.03183364868164,9.811825293581933e-06,16.36884307861328,10.424283981323242,10.81885051727295,9.9722261428833,7.7239508628845215,16.110862731933594,15.978215217590332,10.011381149291992,9.311765670776367,7.527204990386963,15.64217758178711,12.623177528381348,8.082035064697266,9.18456745147705,10.75134563446045,10.033085823059082,21.609113693237305,13.31828784942627,13.134126663208008,11.333738327026367,16.17220115661621,10.156180381774902,16.17182731628418,15.967818260192871,10.555181503295898,10.565459251403809,8.289834976196289,10.21788501739502,15.962828636169434,7.490293502807617,12.614358901977539,16.26888656616211,15.761958122253418,12.877741813659668,10.848313331604004,10.082716941833496,8.62193775177002,16.11847496032715,9.790787696838379,9.938013076782227,6.99936580657959,10.213050842285156,7.589034557342529,15.526057243347168,10.201766967773438,11.213574409484863,10.837786674499512,11.003366470336914,5.980885982513428,8.194977760314941,10.077329635620117,16.02880096435547,8.808117866516113,16.9964542388916,3.5904359817504883,10.87055492401123,4.360620498657227,16.289649963378906,19.91231346130371,10.779936790466309,6.29821252822876,16.279102325439453,16.35724449157715,17.764667510986328,16.27469253540039,10.251751899719238,12.712167739868164,20.4272518157959
/p/project1/hai_1252/toulouse1/flexcraft/data/adapt/adapt_tuning_adapt_config_1/1OGA+MAVMAPRTLV+TLMSAMTNL+CAVNTGNQFY+CASSRGTAGN_0_5.pdb,3.4187633991241455,16.36884117126465,6.75614683132153e-06,13.202428817749023,12.99509334564209,13.554920196533203,17.1191349029541,5.390913963317871,5.652283191680908,17.467409133911133,18.42433738708496,14.305941581726074,5.497766494750977,21.19007110595703,16.81017303466797,17.877050399780273,13.451016426086426,13.377816200256348,23.73777198791504,20.649829864501953,20.617734909057617,13.172012329101562,8.04985523223877,13.115551948547363,5.902235984802246,2.4752933979034424,12.933859825134277,13.624154090881348,16.75379753112793,14.000628471374512,4.447779655456543,17.052465438842773,20.72161293029785,5.549853324890137,4.966948986053467,20.94495964050293,19.90129280090332,13.59580135345459,16.458232879638672,6.358616828918457,12.814569473266602,14.208343505859375,16.886966705322266,13.854959487915039,16.717620849609375,5.92086124420166,13.615408897399902,13.40999984741211,13.725186347961426,13.951911926269531,16.616256713867188,17.133169174194336,13.15748119354248,7.18438720703125,16.97679328918457,6.748671531677246,16.40534210205078,13.32463550567627,16.41266441345215,4.587556838989258,23.101890563964844,17.8712158203125,16.922231674194336,4.259322643280029,2.839116096496582,23.43010139465332,22.675098419189453,12.752714157104492,11.59696102142334,23.252490997314453
/p/project1/hai_1252/toulouse1/flexcraft/data/adapt/adapt_tuning_adapt_config_1/7N2R+MAVMAPRTLV+TLMSAMTNL+CAAAGMGGYN+CASGSTDTQY_0_12.pdb,13.175117492675781,10.424285888671875,13.202431678771973,5.691696969734039e-06,8.983055114746094,3.012237787246704,10.22441577911377,12.674872398376465,12.497966766357422,10.945487976074219,11.312250137329102,11.338532447814941,13.144573211669922,15.670422554016113,10.290397644042969,10.527813911437988,1.987600564956665,4.137982368469238,22.549633026123047,15.346487998962402,15.155437469482422,8.312455177307129,12.945965766906738,1.7975538969039917,12.880842208862305,13.109885215759277,2.22990083694458,3.972912549972534,10.231313705444336,4.286191463470459,13.41917610168457,10.278392791748047,15.164382934570312,13.090147972106934,12.715672492980957,15.480825424194336,14.239103317260742,6.064069747924805,10.727910995483398,13.075935363769531,3.5823609828948975,4.3922834396362305,10.390671730041504,4.320274829864502,10.21522045135498,13.486224174499512,2.7155330181121826,2.955169200897217,3.784475803375244,3.482431650161743,10.076942443847656,10.26573371887207,2.370143413543701,12.853677749633789,10.383257865905762,13.511013984680176,10.019316673278809,3.7692763805389404,9.358323097229004,12.593600273132324,22.01184844970703,11.67953872680664,11.311812400817871,12.716018676757812,13.258967399597168,20.792089462280273,19.698711395263672,3.5265774726867676,9.096878051757812,22.24873161315918
/p/project1/hai_1252/toulouse1/flexcraft/data/adapt/adapt_tuning_adapt_config_1/3GSN+MAVMAPRTLV+TLMSAMTNL+CAAAIQGAQK+CASSPADTQY_0_1.pdb,11.870122909545898,10.818846702575684,12.995087623596191,8.983060836791992,8.493022505717818e-06,7.925346374511719,12.813703536987305,11.440282821655273,12.27065658569336,14.130217552185059,12.747200965881348,12.544445037841797,11.533312797546387,16.730731964111328,13.421792984008789,13.856310844421387,9.232712745666504,8.036087989807129,22.652088165283203,17.742738723754883,17.289941787719727,2.63079833984375,12.199613571166992,8.408414840698242,12.449813842773438,12.17190170288086,8.692892074584961,8.886566162109375,13.356164932250977,8.665206909179688,11.535552978515625,12.828685760498047,17.03386878967285,12.09006118774414,11.454446792602539,17.17557716369629,15.407501220703125,9.184624671936035,13.230713844299316,12.197214126586914,8.596152305603027,8.133384704589844,12.923391342163086,8.301362991333008,12.983613014221191,11.437173843383789,8.160204887390137,9.547489166259766,9.019309043884277,9.406671524047852,10.740755081176758,13.13354206085205,8.208005905151367,11.333922386169434,13.418989181518555,14.637262344360352,10.359965324401855,8.929404258728027,10.492339134216309,12.28128433227539,20.558778762817383,14.841544151306152,12.236467361450195,13.238748550415039,12.82231330871582,19.424243927001953,18.183496475219727,8.500296592712402,11.665452003479004,20.924509048461914
/p/project1/hai_1252/toulouse1/flexcraft/data/adapt/adapt_tuning_adapt_config_1/7N2R+MAVMAPRTLV+TLMSAMTNL+CAAAGMGGYN+CASGSTDTQY_0_2.pdb,13.41631031036377,9.9722261428833,13.554925918579102,3.012235403060913,7.925342082977295,1.4485582141787745e-05,10.120519638061523,12.558084487915039,12.392301559448242,10.914888381958008,10.832250595092773,11.385199546813965,13.247566223144531,15.319770812988281,10.828453063964844,10.279040336608887,2.76896071434021,2.8365793228149414,23.020341873168945,15.330398559570312,15.103214263916016,7.339995861053467,12.953493118286133,2.8762147426605225,12.535825729370117,13.19303035736084,3.0983521938323975,2.6506741046905518,10.508399963378906,3.3061771392822266,13.462692260742188,10.330470085144043,15.04401969909668,12.834733009338379,12.53000545501709,15.266826629638672,13.819908142089844,5.352673053741455,10.926188468933105,12.668825149536133,4.201560020446777,2.8262014389038086,10.555559158325195,3.1351144313812256,10.455984115600586,13.411083221435547,2.17889666557312,3.5855586528778076,3.6372063159942627,3.6286261081695557,9.245261192321777,10.352517127990723,2.219252824783325,12.663078308105469,10.683772087097168,13.952037811279297,9.089252471923828,3.4820902347564697,8.46422290802002,12.577681541442871,21.7092227935791,11.464765548706055,11.000421524047852,13.202632904052734,13.584115028381348,20.433557510375977,19.407861709594727,3.8715898990631104,9.418183326721191,21.977802276611328
/p/project1/hai_1252/toulouse1/flexcraft/data/adapt/adapt_tuning_adapt_config_1/5EU6+MAVMAPRTLV+TLMSAMTNL+CAVANAGNML+CASSSGTGES_0_5.pdb,17.00192642211914,7.723947048187256,17.119131088256836,10.224417686462402,12.813703536987305,10.120518684387207,8.227073521993589e-06,16.787521362304688,16.549848556518555,9.648018836975098,9.927730560302734,8.760660171508789,16.905508041381836,11.743081092834473,4.317387104034424,6.610482692718506,10.153651237487793,10.005279541015625,21.152978897094727,11.489517211914062,11.019160270690918,12.602788925170898,16.99104881286621,10.408424377441406,16.526317596435547,16.96377182006836,10.142999649047852,9.832712173461914,3.1123785972595215,10.481130599975586,17.098369598388672,2.0806095600128174,11.039647102355957,16.726171493530273,16.640567779541016,11.527522087097168,10.401703834533691,10.527076721191406,5.642397403717041,16.85896873474121,10.541008949279785,10.55583381652832,2.6424221992492676,10.355308532714844,3.2261743545532227,17.036195755004883,10.09377384185791,10.455801963806152,10.356207847595215,10.415121078491211,7.968008995056152,3.0569679737091064,10.116659164428711,16.8625545501709,3.3406405448913574,17.346942901611328,7.41312837600708,10.541852951049805,6.389787673950195,16.74864387512207,20.051124572753906,10.41143798828125,6.8722639083862305,16.647947311401367,16.988933563232422,18.42694854736328,17.138498306274414,10.386897087097168,12.702922821044922,20.390880584716797
/p/project1/hai_1252/toulouse1/flexcraft/data/adapt/adapt_tuning_adapt_config_1/1OGA+MAVMAPRTLV+TLMSAMTNL+CAVNTGNQFY+CASSRGTAGN_0_7.pdb,4.258453369140625,16.11086082458496,5.390916347503662,12.674874305725098,11.440282821655273,12.558083534240723,16.787519454956055,1.0076556463900488e-05,3.682584524154663,17.631881713867188,17.51485824584961,14.385828971862793,4.830018043518066,20.699024200439453,17.036773681640625,17.770061492919922,12.785725593566895,12.67994213104248,24.191553115844727,20.666988372802734,20.477201461791992,11.229414939880371,5.039519309997559,12.634209632873535,4.376158237457275,4.347795486450195,12.593981742858887,12.79906177520752,16.88545799255371,13.14771556854248,4.291545391082764,16.835433959960938,20.445175170898438,3.965822696685791,2.4598026275634766,20.70037078857422,19.58847999572754,13.638531684875488,16.438337326049805,4.687714576721191,12.920828819274902,13.079039573669434,17.010534286499023,12.995532989501953,16.85538101196289,5.434869766235352,12.649237632751465,12.879609107971191,12.98062801361084,13.152328491210938,15.92260456085205,16.95966339111328,12.564367294311523,3.104043483734131,17.034215927124023,8.625840187072754,15.746292114257812,12.868605613708496,15.684905052185059,2.911099672317505,22.987838745117188,18.12204933166504,16.838741302490234,5.975490093231201,5.563546657562256,22.883203506469727,21.957637786865234,12.709707260131836,12.920093536376953,23.159812927246094
/p/project1/hai_1252/toulouse1/flexcraft/data/adapt/adapt_tuning_adapt_config_1/1OGA+MAVMAPRTLV+TLMSAMTNL+CAVNTGNQFY+CASSRGTAGN_0_11.pdb,5.890835285186768,15.978211402893066,5.652283668518066,12.497965812683105,12.27065658569336,12.392302513122559,16.549856185913086,3.682582378387451,1.6265428712358698e-05,17.34229278564453,17.50069236755371,14.074153900146484,5.438404560089111,20.6502742767334,16.796749114990234,17.3665714263916,12.484451293945312,12.579986572265625,24.343034744262695,20.40550422668457,20.342605590820312,12.019240379333496,4.693943500518799,12.645952224731445,2.8126227855682373,4.966750144958496,12.553030014038086,12.355818748474121,16.715795516967773,12.68571662902832,6.204887390136719,16.639923095703125,20.254878997802734,3.9853427410125732,3.006930351257324,20.512584686279297,19.42548942565918,13.118971824645996,16.09966278076172,3.573704957962036,12.90493106842041,12.68607234954834,16.780677795410156,12.628101348876953,16.751020431518555,5.955434799194336,12.459728240966797,12.635441780090332,12.585142135620117,12.681037902832031,15.773241996765137,16.721532821655273,12.458171844482422,4.044475078582764,16.871681213378906,6.550628185272217,15.755002975463867,12.731522560119629,15.484506607055664,2.9436631202697754,23.375709533691406,17.640090942382812,16.5811767578125,5.134894371032715,5.78403377532959,23.38096809387207,22.318008422851562,12.827458381652832,12.608817100524902,23.409700393676758
/p/project1/hai_1252/toulouse1/flexcraft/data/adapt/adapt_tuning_adapt_config_1/7OW6+MAVMAPRTLV+TLMSAMTNL+CAVQVDQAGT+CATGEYEKLF_0_2.pdb,17.670787811279297,10.01138687133789,17.467409133911133,10.945491790771484,14.130217552185059,10.914888381958008,9.648019790649414,17.63187599182129,17.342283248901367,1.704169699223712e-05,6.400442123413086,11.566275596618652,17.75104522705078,10.58229923248291,9.728918075561523,7.486941337585449,10.775053024291992,10.81409740447998,19.885223388671875,9.229729652404785,9.252583503723145,14.075479507446289,17.993915557861328,11.02115249633789,17.386581420898438,17.432907104492188,10.845154762268066,10.796900749206543,9.318792343139648,11.071459770202637,17.804359436035156,9.921120643615723,9.693819999694824,17.64879608154297,17.399505615234375,9.728589057922363,9.764583587646484,10.812676429748535,10.702946662902832,17.520950317382812,10.575090408325195,11.307655334472656,9.512417793273926,11.100499153137207,9.345946311950684,17.820308685302734,11.066044807434082,10.953024864196777,11.171191215515137,11.161393165588379,8.865400314331055,9.782048225402832,10.810384750366211,17.82814598083496,9.792856216430664,17.547813415527344,9.592994689941406,11.028738021850586,9.218393325805664,17.42279052734375,20.756044387817383,3.213549852371216,9.557668685913086,17.256864547729492,17.514001846313477,20.445026397705078,19.911418914794922,10.679354667663574,12.991560935974121,20.23340606689453
/p/project1/hai_1252/toulouse1/flexcraft/data/adapt/adapt_tuning_adapt_config_1/7OW6+MAVMAPRTLV+TLMSAMTNL+CAVQVDQAGT+CATGEYEKLF_0_1.pdb,17.99960708618164,9.311761856079102,18.424339294433594,11.312250137329102,12.747207641601562,10.83225154876709,9.927725791931152,17.514850616455078,17.500699996948242,6.4004411697387695,1.5733721738797612e-05,12.310267448425293,17.581361770629883,9.351139068603516,10.832993507385254,9.35065746307373,11.344563484191895,10.90200424194336,21.747407913208008,10.814887046813965,10.257568359375,12.716837882995605,17.47242546081543,11.294440269470215,17.656742095947266,18.0100154876709,11.464548110961914,11.127782821655273,10.72358226776123,11.154553413391113,17.906015396118164,10.116423606872559,9.789628028869629,17.88059425354004,17.34916877746582,9.738937377929688,9.977692604064941,11.575095176696777,11.422508239746094,17.620563507080078,11.491073608398438,10.856558799743652,10.119316101074219,11.010249137878418,10.47588062286377,17.612253189086914,10.945064544677734,11.769196510314941,11.36379623413086,11.436849594116211,8.818827629089355,10.3294677734375,11.123983383178711,17.296897888183594,10.720842361450195,18.53585433959961,9.001372337341309,11.640417098999023,8.461681365966797,17.76761817932129,18.720626831054688,8.115736961364746,10.17255973815918,18.036243438720703,18.30551528930664,17.21346092224121,16.73232650756836,11.643597602844238,15.084187507629395,19.16590118408203
/p/project1/hai_1252/toulouse1/flexcraft/data/adapt/adapt_tuning_adapt_config_1/7RRG+MAVMAPRTLV+TLMSAMTNL+CAYGGSEKLV+CASSLGLTGA_0_0.pdb,14.313275337219238,7.527205944061279,14.305946350097656,11.338534355163574,12.544441223144531,11.385199546813965,8.76066780090332,14.38582992553711,14.074155807495117,11.566271781921387,12.310272216796875,6.654140179307433e-06,14.182780265808105,14.849640846252441,8.659167289733887,10.465766906738281,11.495196342468262,11.278401374816895,21.367124557495117,14.56108283996582,14.463937759399414,12.684670448303223,14.748062133789062,11.274497032165527,14.210613250732422,14.16651725769043,11.328633308410645,11.450267791748047,8.8046236038208,11.514330863952637,14.502725601196289,8.751340866088867,14.2880859375,14.289320945739746,14.087204933166504,14.668392181396484,12.618904113769531,11.378130912780762,7.986205577850342,14.329385757446289,11.052229881286621,11.636908531188965,8.411534309387207,11.560286521911621,8.371487617492676,14.251069068908691,11.407149314880371,11.692989349365234,11.646780014038086,11.732242584228516,8.08989429473877,8.82446575164795,11.224186897277832,14.53957748413086,8.992424011230469,14.95345687866211,7.827920436859131,11.664563179016113,7.702274322509766,14.25417709350586,21.029605865478516,11.894749641418457,7.965477466583252,14.059408187866211,14.342358589172363,19.948881149291992,18.6295166015625,11.198692321777344,10.76291275024414,21.157564163208008
/p/project1/hai_1252/toulouse1/flexcraft/data/adapt/adapt_tuning_adapt_config_1/1OGA+MAVMAPRTLV+TLMSAMTNL+CAVNTGNQFY+CASSRGTAGN_0_6.pdb,3.5893914699554443,15.64217472076416,5.497767448425293,13.144570350646973,11.533310890197754,13.247565269470215,16.905506134033203,4.830015659332275,5.438406944274902,17.751039505004883,17.581363677978516,14.182781219482422,2.2623396944254637e-05,20.418067932128906,16.82522964477539,18.035110473632812,13.458834648132324,13.292878150939941,23.88984489440918,20.52032470703125,20.392127990722656,11.804011344909668,4.752408504486084,13.181018829345703,6.386991024017334,4.651130676269531,13.268380165100098,13.463196754455566,16.95599937438965,13.636428833007812,3.5416312217712402,16.847471237182617,20.21161460876465,6.319296360015869,4.266414642333984,20.45705795288086,19.336498260498047,13.42199993133545,16.600814819335938,6.462340831756592,13.081408500671387,13.507528305053711,16.675439834594727,13.525896072387695,16.840795516967773,2.120171308517456,13.334795951843262,13.809226989746094,13.598176956176758,13.757688522338867,16.12721061706543,17.21129608154297,13.214346885681152,4.5060601234436035,17.172910690307617,7.627921104431152,15.932568550109863,13.703497886657715,15.791215896606445,6.063477516174316,22.567646026611328,18.375091552734375,16.50615692138672,6.281620025634766,5.192471504211426,22.40631103515625,21.355287551879883,13.299356460571289,13.33491325378418,22.749177932739258
/p/project1/hai_1252/toulouse1/flexcraft/data/adapt/adapt_tuning_adapt_config_1/7OW6+MAVMAPRTLV+TLMSAMTNL+CALRPNTGFQ+CASSLAETAN_0_1.pdb,20.842021942138672,12.623172760009766,21.19007110595703,15.670422554016113,16.730731964111328,15.31977653503418,11.743077278137207,20.699016571044922,20.6502742767334,10.58229923248291,9.351140022277832,14.84964370727539,20.418071746826172,2.0976222003810108e-05,12.58360481262207,11.071520805358887,15.70245361328125,15.33419132232666,20.61155128479004,5.687862873077393,4.966454982757568,16.854198455810547,20.67565155029297,15.615140914916992,20.767671585083008,20.821775436401367,15.700240135192871,15.442886352539062,12.321331977844238,15.360284805297852,20.766448974609375,11.883654594421387,3.2476255893707275,20.830446243286133,20.458614349365234,3.0471689701080322,7.215365886688232,15.490252494812012,13.085840225219727,20.698562622070312,15.61729621887207,15.250882148742676,11.795408248901367,15.289965629577637,12.047450065612793,20.41879653930664,15.375394821166992,15.922350883483887,15.666760444641113,15.689329147338867,12.451339721679688,12.131175994873047,15.441620826721191,20.542898178100586,12.371459007263184,21.30547523498535,12.465337753295898,15.838237762451172,12.233973503112793,20.93672752380371,17.317256927490234,11.40269660949707,11.642704010009766,20.995559692382812,20.982593536376953,14.844725608825684,15.925870895385742,15.706445693969727,18.2994441986084,17.838546752929688
/p/project1/hai_1252/toulouse1/flexcraft/data/adapt/adapt_tuning_adapt_config_1/5EU6+MAVMAPRTLV+TLMSAMTNL+CAVANAGNML+CASSSGTGES_0_4.pdb,16.843505859375,8.08203125,16.810169219970703,10.290397644042969,13.421792030334473,10.828455924987793,4.317386627197266,17.036771774291992,16.796751022338867,9.728918075561523,10.832989692687988,8.659168243408203,16.825223922729492,12.583608627319336,1.6635052816127427e-05,7.0923171043396,10.33431339263916,10.454263687133789,20.490741729736328,11.815388679504395,11.407793045043945,13.410514831542969,17.278589248657227,10.42778491973877,16.915111541748047,16.813438415527344,10.255207061767578,10.647612571716309,3.2219388484954834,10.652119636535645,17.05984878540039,4.127902984619141,11.607062339782715,16.95271873474121,16.943038940429688,12.235589981079102,11.279349327087402,10.407661437988281,5.729193687438965,16.97625732421875,10.17930793762207,11.017026901245117,3.273751974105835,10.684566497802734,2.9166135787963867,16.922929763793945,10.484623908996582,10.41463565826416,10.333230972290039,10.4815034866333,8.975237846374512,3.501178503036499,10.398900985717773,17.098773956298828,3.732578992843628,17.262571334838867,8.276481628417969,10.463264465332031,7.634490013122559,16.9554500579834,20.531335830688477,10.318291664123535,7.007596492767334,16.416276931762695,16.866193771362305,19.249635696411133,18.0383243560791,10.2367525100708,12.120813369750977,20.696081161499023
/p/project1/hai_1252/toulouse1/flexcraft/data/adapt/adapt_tuning_adapt_config_1/5BS0+MAVMAPRTLV+TLMSAMTNL+CIVRNSGGYQ+CASSPGTGGN_0_0.pdb,18.098125457763672,9.184565544128418,17.87704849243164,10.52781867980957,13.856310844421387,10.279041290283203,6.610482692718506,17.770061492919922,17.3665828704834,7.486941337585449,9.350656509399414,10.465766906738281,18.03510093688965,11.071517944335938,7.092318534851074,3.5751961604546523e-06,10.051786422729492,10.012813568115234,19.65623664855957,9.752930641174316,9.704920768737793,13.678637504577637,18.04805564880371,10.614590644836426,17.354005813598633,17.806325912475586,10.349262237548828,9.949254035949707,6.230218410491943,10.043709754943848,18.254497528076172,7.183413028717041,10.208852767944336,17.64133071899414,17.5845890045166,10.39179515838623,8.864230155944824,10.036651611328125,6.913518905639648,17.374217987060547,10.332450866699219,10.37206745147705,6.776313781738281,10.120530128479004,6.665152549743652,18.075414657592773,10.249603271484375,10.164145469665527,10.194025039672852,10.179082870483398,7.472086429595947,6.354735374450684,10.257491111755371,17.843616485595703,6.825550079345703,17.72577667236328,8.128412246704102,10.14790153503418,7.418137550354004,17.569236755371094,20.3508243560791,7.5874223709106445,6.573542594909668,17.38836097717285,17.956937789916992,20.193395614624023,19.406953811645508,10.280454635620117,12.373067855834961,19.796220779418945
/p/project1/hai_1252/toulouse1/flexcraft/data/adapt/adapt_tuning_adapt_config_1/7N2R+MAVMAPRTLV+TLMSAMTNL+CAAAGMGGYN+CASGSTDTQY_0_7.pdb,13.535177230834961,10.751347541809082,13.451019287109375,1.9876017570495605,9.232714653015137,2.768951416015625,10.153656005859375,12.785726547241211,12.484448432922363,10.775052070617676,11.344568252563477,11.49519157409668,13.458842277526855,15.70245361328125,10.334307670593262,10.051787376403809,8.50343712954782e-06,3.491919755935669,22.162328720092773,15.252335548400879,15.027031898498535,8.467487335205078,13.065960884094238,2.7261531352996826,12.725723266601562,13.354514122009277,2.4346165657043457,2.9769694805145264,10.114934921264648,3.45683217048645,13.77098560333252,10.339961051940918,15.155550956726074,13.072181701660156,12.878274917602539,15.47094440460205,14.264444351196289,5.335688591003418,10.629693031311035,12.813028335571289,3.895554780960083,3.838869333267212,10.502601623535156,3.5634284019470215,10.288025856018066,13.722654342651367,2.224226474761963,2.249692440032959,2.9445903301239014,2.4990177154541016,9.969038009643555,10.136832237243652,2.693167209625244,12.89066219329834,10.339886665344238,13.566404342651367,10.034090995788574,3.151275396347046,9.276597023010254,12.666154861450195,22.140966415405273,11.309586524963379,11.358498573303223,12.858039855957031,13.58494758605957,21.080947875976562,20.093019485473633,3.545656442642212,8.973919868469238,22.1200008392334
/p/project1/hai_1252/toulouse1/flexcraft/data/adapt/adapt_tuning_adapt_config_1/7N2R+MAVMAPRTLV+TLMSAMTNL+CAAAGMGGYN+CASGSTDTQY_0_15.pdb,13.323284149169922,10.033089637756348,13.377820014953613,4.137983322143555,8.036087989807129,2.8365800380706787,10.005280494689941,12.679939270019531,12.579986572265625,10.814102172851562,10.902007102966309,11.278400421142578,13.292880058288574,15.334188461303711,10.454267501831055,10.01280689239502,3.4919238090515137,1.2540535863081459e-05,22.628376007080078,15.274850845336914,14.993866920471191,7.811795234680176,13.362838745117188,3.819408655166626,12.49289608001709,13.069765090942383,3.4533843994140625,2.4547336101531982,10.241037368774414,3.7417380809783936,13.428290367126465,10.204754829406738,15.054315567016602,12.713531494140625,12.596908569335938,15.268641471862793,13.988390922546387,4.181887626647949,10.482213020324707,12.542851448059082,4.443110942840576,3.7927157878875732,10.368661880493164,2.8768150806427,10.130638122558594,13.32568359375,2.9126503467559814,4.065086841583252,3.564756393432617,3.9705255031585693,9.510579109191895,9.897015571594238,3.28412127494812,12.880536079406738,10.20879077911377,14.02485466003418,9.108532905578613,3.268824815750122,8.403083801269531,12.633439064025879,21.575395584106445,11.240556716918945,11.019196510314941,13.108665466308594,13.461538314819336,20.33067512512207,19.336734771728516,3.685675859451294,9.292596817016602,21.810243606567383
/p/project1/hai_1252/toulouse1/flexcraft/data/adapt/adapt_tuning_adapt_config_1/7OW6+MAVMAPRTLV+TLMSAMTNL+CALRPNTGFQ+CASSLAETAN_0_6.pdb,23.998546600341797,21.609107971191406,23.737777709960938,22.54962921142578,22.652080535888672,23.020341873168945,21.152976989746094,24.191547393798828,24.343032836914062,19.88523292541504,21.747398376464844,21.367136001586914,23.889856338500977,20.611547470092773,20.49074363708496,19.65625,22.162315368652344,22.628372192382812,2.0048484657309018e-05,18.353681564331055,19.508228302001953,22.981346130371094,24.503971099853516,22.534103393554688,24.35639190673828,23.957090377807617,22.204431533813477,22.670433044433594,20.3962459564209,22.357561111450195,24.03204917907715,20.92782211303711,20.09371566772461,24.314306259155273,24.314315795898438,19.95654296875,20.423086166381836,21.94028663635254,20.603107452392578,23.925617218017578,22.02153778076172,22.98053550720215,21.1668758392334,22.629840850830078,20.932777404785156,23.808958053588867,22.682952880859375,21.7841854095459,22.13983917236328,22.07240867614746,21.937084197998047,20.735424041748047,22.6245059967041,24.05438995361328,20.818527221679688,23.85877227783203,21.949350357055664,21.938508987426758,21.86534881591797,24.200971603393555,9.574953079223633,18.684057235717773,21.300617218017578,23.504650115966797,24.191043853759766,12.091950416564941,11.52911376953125,21.908998489379883,21.264039993286133,9.72586441040039
/p/project1/hai_1252/toulouse1/flexcraft/data/adapt/adapt_tuning_adapt_config_1/7OW6+MAVMAPRTLV+TLMSAMTNL+CALRPNTGFQ+CASSLAETAN_0_3.pdb,20.666627883911133,13.318286895751953,20.64982795715332,15.34648323059082,17.742734909057617,15.330394744873047,11.489519119262695,20.6669921875,20.405500411987305,9.229728698730469,10.814888954162598,14.56108283996582,20.520315170288086,5.687860012054443,11.81539249420166,9.752930641174316,15.252336502075195,15.274850845336914,18.353673934936523,1.7184151147375815e-05,3.02270770072937,17.708297729492188,20.786617279052734,15.394360542297363,20.508752822875977,20.54854965209961,15.278271675109863,15.186223030090332,11.342355728149414,15.263672828674316,20.780595779418945,11.713006973266602,3.5621988773345947,20.553634643554688,20.431411743164062,3.4931485652923584,7.642605781555176,15.174489974975586,12.451238632202148,20.542478561401367,15.235563278198242,15.444123268127441,11.45567512512207,15.295902252197266,11.50529670715332,20.61591911315918,15.312466621398926,15.336462020874023,15.37757396697998,15.328794479370117,12.76782512664795,11.568964958190918,15.233373641967773,20.67723846435547,11.717827796936035,20.656389236450195,13.067788124084473,15.413212776184082,12.74668025970459,20.633102416992188,19.36234474182129,9.555366516113281,11.620325088500977,20.44191551208496,20.531307220458984,18.40903091430664,18.921483993530273,15.260400772094727,17.24736785888672,19.042293548583984
/p/project1/hai_1252/toulouse1/flexcraft/data/adapt/adapt_tuning_adapt_config_1/7OW6+MAVMAPRTLV+TLMSAMTNL+CALRPNTGFQ+CASSLAETAN_0_2.pdb,20.531049728393555,13.134126663208008,20.61774444580078,15.15543270111084,17.28993797302246,15.103215217590332,11.019159317016602,20.477195739746094,20.34260368347168,9.252581596374512,10.257564544677734,14.463936805725098,20.39212417602539,4.9664530754089355,11.407790184020996,9.704924583435059,15.02702808380127,14.993865966796875,19.508235931396484,3.0227067470550537,1.6295878594974056e-05,17.254474639892578,20.652286529541016,15.199956893920898,20.382736206054688,20.4667911529541,15.033629417419434,14.964738845825195,10.956282615661621,15.04278564453125,20.59820556640625,11.233078002929688,3.319141149520874,20.411846160888672,20.339649200439453,3.687480926513672,7.73955774307251,14.995025634765625,12.04659652709961,20.392284393310547,15.084962844848633,15.209541320800781,11.115872383117676,15.043546676635742,11.104902267456055,20.463361740112305,15.03150463104248,15.129804611206055,15.065513610839844,15.0857515335083,12.600523948669434,11.179181098937988,15.022631645202637,20.454544067382812,11.190526008605957,20.70932388305664,12.825199127197266,15.145207405090332,12.46377944946289,20.560407638549805,19.478076934814453,9.789708137512207,11.579900741577148,20.410938262939453,20.496767044067383,17.66566276550293,18.283655166625977,15.04897403717041,17.18012809753418,19.489337921142578
/p/project1/hai_1252/toulouse1/flexcraft/data/adapt/adapt_tuning_adapt_config_1/3GSN+MAVMAPRTLV+TLMSAMTNL+CAAAIQGAQK+CASSPADTQY_0_0.pdb,12.072166442871094,11.333736419677734,13.172005653381348,8.312455177307129,2.6307969093322754,7.339992046356201,12.602789878845215,11.229413986206055,12.01923942565918,14.075482368469238,12.716837882995605,12.684676170349121,11.804011344909668,16.85419273376465,13.41051197052002,13.678633689880371,8.467488288879395,7.811791896820068,22.98134994506836,17.708301544189453,17.25446319580078,7.481043212465011e-06,11.815317153930664,7.922754287719727,12.29287338256836,12.486010551452637,8.14604663848877,8.363936424255371,13.222594261169434,8.382584571838379,11.847862243652344,12.686829566955566,17.013818740844727,12.044289588928223,11.442525863647461,17.22502326965332,15.471710205078125,9.645244598388672,13.14743423461914,12.179348945617676,8.634332656860352,7.803049087524414,12.968561172485352,8.113432884216309,12.953944206237793,11.919615745544434,7.51592493057251,8.878288269042969,8.545893669128418,8.757441520690918,10.598101615905762,13.022005081176758,7.74441385269165,11.053998947143555,13.281977653503418,14.517186164855957,10.59205436706543,8.626054763793945,10.576915740966797,12.018385887145996,20.965415954589844,14.802154541015625,12.447977066040039,13.112799644470215,12.970022201538086,19.979185104370117,18.5749454498291,8.362728118896484,11.662371635437012,21.270633697509766
/p/project1/hai_1252/toulouse1/flexcraft/data/adapt/adapt_tuning_adapt_config_1/1OGA+MAVMAPRTLV+TLMSAMTNL+CAVNTGNQFY+CASSRGTAGN_0_10.pdb,6.801167964935303,16.172203063964844,8.04985237121582,12.945965766906738,12.199614524841309,12.95348834991455,16.991050720214844,5.039518356323242,4.693945407867432,17.993911743164062,17.472427368164062,14.748061180114746,4.752402305603027,20.675649642944336,17.278583526611328,18.048057556152344,13.065963745117188,13.362836837768555,24.503978729248047,20.7866268157959,20.65229034423828,11.815314292907715,2.7513027816894464e-05,13.271957397460938,6.273775577545166,7.284307956695557,13.394346237182617,13.134334564208984,17.316099166870117,13.4154052734375,6.788557529449463,17.04397201538086,20.428627014160156,7.2339863777160645,5.197341442108154,20.719877243041992,19.595882415771484,13.890342712402344,16.80144691467285,6.561649799346924,13.597942352294922,13.127979278564453,17.123638153076172,13.420235633850098,17.346057891845703,5.499914169311523,13.049598693847656,13.63873291015625,13.337983131408691,13.359232902526855,16.09416961669922,17.456876754760742,13.209761619567871,3.1204118728637695,17.5367488861084,7.807041168212891,16.259876251220703,13.809452056884766,15.933233261108398,6.304128646850586,23.219463348388672,18.660888671875,16.89510726928711,7.274484157562256,7.886127948760986,23.033536911010742,21.79701042175293,13.816344261169434,14.14733600616455,23.258655548095703
/p/project1/hai_1252/toulouse1/flexcraft/data/adapt/adapt_tuning_adapt_config_1/7N2R+MAVMAPRTLV+TLMSAMTNL+CAAAGMGGYN+CASGSTDTQY_0_3.pdb,13.060750007629395,10.156184196472168,13.115540504455566,1.7975490093231201,8.408415794372559,2.8762145042419434,10.408425331115723,12.634209632873535,12.645947456359863,11.02115249633789,11.294441223144531,11.274499893188477,13.181015968322754,15.615144729614258,10.427785873413086,10.614595413208008,2.7261581420898438,3.819408416748047,22.534103393554688,15.394356727600098,15.199956893920898,7.922751426696777,13.271950721740723,5.6643275456735864e-06,12.921791076660156,12.970681190490723,1.7951486110687256,4.256415367126465,10.378750801086426,4.158538818359375,13.291122436523438,10.460975646972656,15.193194389343262,12.917438507080078,12.687187194824219,15.488870620727539,14.22912883758545,5.857776641845703,10.918203353881836,12.974578857421875,2.9259440898895264,4.2351579666137695,10.507287979125977,4.047747611999512,10.240458488464355,13.417236328125,2.5717971324920654,2.9929425716400146,3.8358154296875,3.677324056625366,10.01937484741211,10.293363571166992,1.7815299034118652,12.943692207336426,10.460723876953125,13.890202522277832,9.629057884216309,3.2186012268066406,9.164034843444824,12.586691856384277,21.82584571838379,11.630398750305176,11.259197235107422,12.852629661560059,13.169499397277832,20.579998016357422,19.545042037963867,2.579263210296631,8.962200164794922,22.119441986083984
/p/project1/hai_1252/toulouse1/flexcraft/data/adapt/adapt_tuning_adapt_config_1/1OGA+MAVMAPRTLV+TLMSAMTNL+CAVNTGNQFY+CASSRGTAGN_0_4.pdb,6.219306945800781,16.171831130981445,5.9022369384765625,12.880842208862305,12.449819564819336,12.535825729370117,16.526321411132812,4.37615966796875,2.812622308731079,17.386592864990234,17.65674591064453,14.210614204406738,6.386991500854492,20.767675399780273,16.915103912353516,17.354019165039062,12.725729942321777,12.492894172668457,24.35639762878418,20.508752822875977,20.382740020751953,12.292879104614258,6.273777008056641,12.921791076660156,1.4070982615521643e-05,5.338225364685059,12.703686714172363,12.319449424743652,16.687816619873047,12.858781814575195,6.377399921417236,16.646352767944336,20.403778076171875,3.6942219734191895,3.75557804107666,20.627140045166016,19.569883346557617,13.006155014038086,16.096776962280273,3.3701255321502686,13.055683135986328,12.883306503295898,16.857568740844727,12.727617263793945,16.79256820678711,6.4553937911987305,12.673463821411133,12.817482948303223,12.760477066040039,12.897197723388672,15.939515113830566,16.685972213745117,12.628660202026367,5.122634410858154,16.844112396240234,6.983850955963135,15.818270683288574,12.727075576782227,15.546066284179688,3.49780011177063,23.239187240600586,17.595457077026367,16.73932647705078,5.3413896560668945,5.989130973815918,23.33890724182129,22.34736442565918,12.898906707763672,12.419986724853516,23.271228790283203
/p/project1/hai_1252/toulouse1/flexcraft/data/adapt/adapt_tuning_adapt_config_1/1OGA+MAVMAPRTLV+TLMSAMTNL+CAVNTGNQFY+CASSRGTAGN_0_13.pdb,3.1216750144958496,15.967818260192871,2.4752964973449707,13.109883308410645,12.171896934509277,13.19302749633789,16.963777542114258,4.347792625427246,4.966751575469971,17.43291664123535,18.0100040435791,14.166520118713379,4.651130676269531,20.821781158447266,16.813444137573242,17.806318283081055,13.354514122009277,13.069761276245117,23.957090377807617,20.548545837402344,20.466793060302734,12.486013412475586,7.284305572509766,12.970680236816406,5.338227272033691,1.3911942915001418e-05,12.869892120361328,13.33244800567627,16.75483512878418,13.634626388549805,3.4489102363586426,16.91389274597168,20.492115020751953,4.734510898590088,3.849186897277832,20.686628341674805,19.6145076751709,13.34412670135498,16.377761840820312,5.419621467590332,12.754624366760254,13.717238426208496,16.794912338256836,13.454275131225586,16.673254013061523,4.869216442108154,13.306900978088379,13.319406509399414,13.49572467803955,13.762831687927246,16.24795150756836,17.013498306274414,12.920839309692383,6.115744113922119,16.970861434936523,7.504089832305908,15.92817497253418,13.130451202392578,15.969202995300293,4.175657749176025,22.926164627075195,17.855987548828125,16.690887451171875,5.090181350708008,3.4507501125335693,22.99056053161621,22.202743530273438,12.66474437713623,12.019299507141113,23.12332534790039
/p/project1/hai_1252/toulouse1/flexcraft/data/adapt/adapt_tuning_adapt_config_1/7N2R+MAVMAPRTLV+TLMSAMTNL+CAAAGMGGYN+CASGSTDTQY_0_10.pdb,12.97811508178711,10.555185317993164,12.933859825134277,2.229896068572998,8.692896842956543,3.098351240158081,10.143003463745117,12.593977928161621,12.553030967712402,10.845152854919434,11.464550971984863,11.328634262084961,13.268383026123047,15.700244903564453,10.255203247070312,10.349261283874512,2.43461275100708,3.4533846378326416,22.204439163208008,15.278277397155762,15.033631324768066,8.14604663848877,13.394340515136719,1.7951488494873047,12.703688621520996,12.869897842407227,2.2681600967189297e-05,3.7233498096466064,10.054287910461426,4.33148717880249,13.26053524017334,10.242647171020508,15.179582595825195,12.68488883972168,12.641237258911133,15.466598510742188,14.275956153869629,5.582195281982422,10.584160804748535,12.846136093139648,3.243410587310791,4.697066783905029,10.383216857910156,3.9736757278442383,10.0322265625,13.509673118591309,2.5859177112579346,2.4922759532928467,3.5482101440429688,3.5829532146453857,10.137316703796387,10.007122039794922,1.831257700920105,12.987970352172852,10.070649147033691,13.705344200134277,9.845870971679688,2.698282480239868,9.291281700134277,12.436844825744629,21.998897552490234,11.366850852966309,11.38800048828125,12.654364585876465,12.971982955932617,20.90264129638672,19.878345489501953,2.1536526679992676,8.533248901367188,22.17068099975586
/p/project1/hai_1252/toulouse1/flexcraft/data/adapt/adapt_tuning_adapt_config_1/7N2R+MAVMAPRTLV+TLMSAMTNL+CAAAGMGGYN+CASGSTDTQY_0_14.pdb,13.651620864868164,10.565460205078125,13.624151229858398,3.972914457321167,8.886569023132324,2.6506733894348145,9.832710266113281,12.799057960510254,12.355822563171387,10.796902656555176,11.127790451049805,11.45026969909668,13.463188171386719,15.44288158416748,10.647615432739258,9.94925308227539,2.97696852684021,2.4547338485717773,22.670425415039062,15.18622875213623,14.96473217010498,8.363933563232422,13.134326934814453,4.256411552429199,12.319448471069336,13.332451820373535,3.723348379135132,1.1775907296396326e-05,10.20059871673584,3.5939199924468994,13.782127380371094,10.144670486450195,15.029961585998535,12.78064250946045,12.664510726928711,15.243437767028809,13.964831352233887,4.573517322540283,10.517648696899414,12.554062843322754,5.077739238739014,3.629503011703491,10.42054557800293,2.9602251052856445,10.309073448181152,13.575301170349121,2.8993239402770996,3.7829699516296387,3.402796745300293,3.4820778369903564,9.644190788269043,10.017714500427246,3.3661279678344727,12.899773597717285,10.294496536254883,13.67060661315918,9.62781047821045,3.7480947971343994,8.622123718261719,12.659876823425293,22.015893936157227,11.22365951538086,11.202479362487793,13.155069351196289,13.600788116455078,20.843347549438477,19.848834991455078,4.542555809020996,9.499835968017578,22.151086807250977
/p/project1/hai_1252/toulouse1/flexcraft/data/adapt/adapt_tuning_adapt_config_1/5EU6+MAVMAPRTLV+TLMSAMTNL+CAVANAGNML+CASSSGTGES_0_1.pdb,16.82080841064453,8.28982925415039,16.753799438476562,10.23130989074707,13.35616397857666,10.508402824401855,3.112380266189575,16.88545799255371,16.715795516967773,9.31879997253418,10.723579406738281,8.804619789123535,16.956003189086914,12.321328163146973,3.2219388484954834,6.230216979980469,10.114933967590332,10.241037368774414,20.39624786376953,11.34235668182373,10.956287384033203,13.2225923538208,17.316091537475586,10.37874984741211,16.68781280517578,16.754837036132812,10.054285049438477,10.200597763061523,1.1086529411841184e-05,10.624467849731445,16.986316680908203,3.1791558265686035,11.341304779052734,16.805156707763672,16.834407806396484,11.853757858276367,10.799355506896973,10.399627685546875,5.750742435455322,16.919090270996094,10.16375732421875,10.938933372497559,3.0630767345428467,10.623282432556152,3.0739433765411377,17.08313751220703,10.358766555786133,10.265597343444824,10.427362442016602,10.472989082336426,8.538281440734863,3.429391384124756,10.2227201461792,17.10494041442871,3.6233928203582764,17.171323776245117,7.996613025665283,10.362582206726074,7.35860013961792,16.796375274658203,20.62335205078125,9.989855766296387,7.0365471839904785,16.388763427734375,16.781543731689453,19.495820999145508,18.375041961669922,10.055412292480469,11.764001846313477,20.639328002929688
/p/project1/hai_1252/toulouse1/flexcraft/data/adapt/adapt_tuning_adapt_config_1/7N2R+MAVMAPRTLV+TLMSAMTNL+CAAAGMGGYN+CASGSTDTQY_0_11.pdb,14.022150039672852,10.217889785766602,14.000622749328613,4.286187648773193,8.665209770202637,3.306182384490967,10.481132507324219,13.147716522216797,12.685713768005371,11.071460723876953,11.154544830322266,11.51432991027832,13.636439323425293,15.360278129577637,10.652118682861328,10.043705940246582,3.4568324089050293,3.7417373657226562,22.35755729675293,15.263675689697266,15.042784690856934,8.382576942443848,13.4154052734375,4.15854024887085,12.858778953552246,13.634627342224121,4.3314924240112305,3.593925714492798,10.624473571777344,8.992668881546706e-06,14.152752876281738,10.767702102661133,15.032431602478027,13.147419929504395,13.076680183410645,15.311829566955566,14.111124038696289,4.150577068328857,10.921446800231934,12.550638198852539,4.731693267822266,1.7556143999099731,10.744019508361816,1.8598171472549438,10.605820655822754,13.651741027832031,2.666592597961426,3.440333366394043,2.5165884494781494,2.2347075939178467,9.70682144165039,10.251423835754395,3.577542781829834,13.068674087524414,10.765497207641602,14.113597869873047,9.346848487854004,3.2128875255584717,8.563021659851074,13.10190486907959,21.863008499145508,11.18295669555664,11.08027172088623,13.43596076965332,14.139561653137207,20.55649185180664,19.745967864990234,4.626946926116943,9.778265953063965,21.86489486694336
/p/project1/hai_1252/toulouse1/flexcraft/data/adapt/adapt_tuning_adapt_config_1/1OGA+MAVMAPRTLV+TLMSAMTNL+CAVNTGNQFY+CASSRGTAGN_0_14.pdb,2.036396026611328,15.96282958984375,4.447779655456543,13.419171333312988,11.535550117492676,13.462682723999023,17.098371505737305,4.291545391082764,6.2048821449279785,17.804351806640625,17.90601921081543,14.502721786499023,3.541630983352661,20.76645278930664,17.059852600097656,18.254493713378906,13.770978927612305,13.428287506103516,24.03206443786621,20.780593872070312,20.59820556640625,11.84786605834961,6.788562774658203,13.291120529174805,6.377400875091553,3.448908567428589,13.26053524017334,13.782127380371094,16.98632049560547,14.152749061584473,7.020314114924986e-06,16.979312896728516,20.563621520996094,5.82222318649292,4.194540023803711,20.765159606933594,19.65123748779297,13.920417785644531,16.78914451599121,6.869960308074951,13.115799903869629,14.085752487182617,16.91594123840332,13.955015182495117,16.910167694091797,3.8879239559173584,13.665295600891113,13.948516845703125,14.043030738830566,14.280139923095703,16.37839698791504,17.371654510498047,13.309049606323242,5.532700061798096,17.274402618408203,8.700447082519531,16.07145881652832,13.739662170410156,16.13554573059082,5.482275009155273,22.61522674560547,18.496294021606445,16.834796905517578,6.215756893157959,4.448575019836426,22.562122344970703,21.637248992919922,13.148223876953125,12.881784439086914,22.900556564331055
/p/project1/hai_1252/toulouse1/flexcraft/data/adapt/adapt_tuning_adapt_config_1/5EU6+MAVMAPRTLV+TLMSAMTNL+CAVANAGNML+CASSSGTGES_0_7.pdb,16.898591995239258,7.490291118621826,17.052461624145508,10.27839183807373,12.828686714172363,10.330466270446777,2.0806093215942383,16.835432052612305,16.63993263244629,9.921120643615723,10.116424560546875,8.751337051391602,16.847471237182617,11.883655548095703,4.127906799316406,7.1834025382995605,10.339959144592285,10.20474910736084,20.927814483642578,11.713003158569336,11.233070373535156,12.686826705932617,17.043964385986328,10.460980415344238,16.646360397338867,16.913888931274414,10.242640495300293,10.144675254821777,3.1791574954986572,10.767706871032715,16.979312896728516,6.616878181375796e-06,11.224346160888672,16.76746368408203,16.67094612121582,11.686745643615723,10.613770484924316,10.775154113769531,5.689645767211914,17.01351547241211,10.596972465515137,10.824753761291504,2.8809430599212646,10.598470687866211,3.537713050842285,16.983051300048828,10.293617248535156,10.698628425598145,10.595743179321289,10.707098960876465,8.271239280700684,3.4167721271514893,10.245141983032227,16.946950912475586,3.9342286586761475,17.37652587890625,7.527688026428223,10.744881629943848,6.740976333618164,16.817081451416016,19.780166625976562,10.82105827331543,7.036653518676758,16.626401901245117,16.89785385131836,18.10387420654297,16.688814163208008,10.4992094039917,12.782916069030762,20.177330017089844
/p/project1/hai_1252/toulouse1/flexcraft/data/adapt/adapt_tuning_adapt_config_1/7OW6+MAVMAPRTLV+TLMSAMTNL+CALRPNTGFQ+CASSLAETAN_0_4.pdb,20.52901840209961,12.614359855651855,20.72161102294922,15.164377212524414,17.03386878967285,15.04401969909668,11.039644241333008,20.445175170898438,20.254867553710938,9.69381046295166,9.789621353149414,14.288086891174316,20.21161651611328,3.2476277351379395,11.607061386108398,10.208850860595703,15.155546188354492,15.054319381713867,20.093711853027344,3.562196969985962,3.3191404342651367,17.013818740844727,20.428630828857422,15.193196296691895,20.40377426147461,20.492124557495117,15.17958927154541,15.029962539672852,11.34130859375,15.032429695129395,20.563615798950195,11.224342346191406,2.2319998606690206e-05,20.481916427612305,20.20977783203125,2.2939321994781494,7.1161627769470215,15.117456436157227,12.389749526977539,20.410114288330078,15.18242073059082,15.080419540405273,11.061991691589355,15.040263175964355,11.239455223083496,20.29924201965332,15.03149127960205,15.320107460021973,15.178633689880371,15.170463562011719,12.385032653808594,11.320452690124512,15.053680419921875,20.33254051208496,11.470508575439453,20.724863052368164,12.479785919189453,15.38638687133789,12.14254379272461,20.5327205657959,18.786039352416992,10.327747344970703,11.318065643310547,20.456539154052734,20.534305572509766,16.604190826416016,17.29135513305664,15.233478546142578,17.598098754882812,19.242921829223633
/p/project1/hai_1252/toulouse1/flexcraft/data/adapt/adapt_tuning_adapt_config_1/1OGA+MAVMAPRTLV+TLMSAMTNL+CAVNTGNQFY+CASSRGTAGN_0_17.pdb,5.468474864959717,16.268888473510742,5.549854755401611,13.0901460647583,12.090059280395508,12.834731101989746,16.726173400878906,3.965827703475952,3.9853408336639404,17.64879608154297,17.880586624145508,14.289323806762695,6.319296360015869,20.8304386138916,16.952716827392578,17.641324996948242,13.072179794311523,12.713541030883789,24.314294815063477,20.553632736206055,20.411846160888672,12.044295310974121,7.233978271484375,12.917436599731445,3.694223642349243,4.734507083892822,12.684890747070312,12.780637741088867,16.805150985717773,13.147422790527344,5.8222246170043945,16.76746940612793,20.481914520263672,9.900756595015991e-06,3.592461109161377,20.692256927490234,19.754589080810547,13.406882286071777,16.136760711669922,3.824467182159424,13.190702438354492,13.253915786743164,17.003677368164062,12.881503105163574,16.74393081665039,6.421493053436279,12.824074745178223,12.924128532409668,12.929732322692871,13.163649559020996,16.215526580810547,16.648591995239258,12.676090240478516,5.5619659423828125,16.79604721069336,8.713200569152832,15.839542388916016,12.73677921295166,15.692502975463867,3.4866347312927246,23.346147537231445,17.800464630126953,16.97888946533203,6.05631160736084,5.166543960571289,23.414060592651367,22.3869686126709,12.822515487670898,12.820213317871094,23.47784996032715
/p/project1/hai_1252/toulouse1/flexcraft/data/adapt/adapt_tuning_adapt_config_1/1OGA+MAVMAPRTLV+TLMSAMTNL+CAVNTGNQFY+CASSRGTAGN_0_1.pdb,4.127946376800537,15.761958122253418,4.966947555541992,12.715672492980957,11.454444885253906,12.529997825622559,16.64056968688965,2.45980167388916,3.0069282054901123,17.399505615234375,17.349170684814453,14.08720874786377,4.266413688659668,20.4586124420166,16.94304656982422,17.584590911865234,12.878273010253906,12.596904754638672,24.314306259155273,20.431411743164062,20.33965301513672,11.442525863647461,5.1973490715026855,12.687188148498535,3.7555787563323975,3.8491897583007812,12.641240119934082,12.66451358795166,16.834400177001953,13.076677322387695,4.194540023803711,16.670944213867188,20.209775924682617,3.5924577713012695,1.4287003978097346e-05,20.41710662841797,19.2862548828125,13.325090408325195,16.27066421508789,4.445712566375732,12.897971153259277,13.014273643493652,16.77605438232422,12.862781524658203,16.710847854614258,4.715073108673096,12.697281837463379,13.009454727172852,12.993579864501953,13.182659149169922,15.710942268371582,16.825590133666992,12.555635452270508,3.8419511318206787,16.905977249145508,7.691411972045898,15.551347732543945,12.94305419921875,15.418266296386719,2.84077787399292,23.04606056213379,17.822139739990234,16.495397567749023,5.626107215881348,4.792352676391602,22.929336547851562,21.897592544555664,12.763928413391113,12.849204063415527,23.24970245361328
/p/project1/hai_1252/toulouse1/flexcraft/data/adapt/adapt_tuning_adapt_config_1/7OW6+MAVMAPRTLV+TLMSAMTNL+CALRPNTGFQ+CASSLAETAN_0_0.pdb,20.772581100463867,12.877735137939453,20.944955825805664,15.480833053588867,17.175588607788086,15.26683235168457,11.5275239944458,20.70037078857422,20.512592315673828,9.72858715057373,9.738935470581055,14.668396949768066,20.457063674926758,3.0471689701080322,12.235583305358887,10.391796112060547,15.470946311950684,15.268641471862793,19.95654296875,3.493147134780884,3.6874797344207764,17.225021362304688,20.719879150390625,15.488877296447754,20.627140045166016,20.68663787841797,15.466592788696289,15.243440628051758,11.85375690460205,15.31182861328125,20.765161514282227,11.686742782592773,2.293931722640991,20.692262649536133,20.41710662841797,1.8717239072429948e-05,6.899215221405029,15.323553085327148,12.746484756469727,20.639463424682617,15.434274673461914,15.306949615478516,11.600228309631348,15.262399673461914,11.798277854919434,20.51055145263672,15.318625450134277,15.641164779663086,15.514147758483887,15.509575843811035,12.447135925292969,11.85232162475586,15.303454399108887,20.626605987548828,12.054187774658203,20.924497604370117,12.667551040649414,15.644680976867676,12.362550735473633,20.784130096435547,18.650760650634766,10.431841850280762,11.448573112487793,20.74138832092285,20.733375549316406,16.481231689453125,17.335447311401367,15.504781723022461,17.768888473510742,19.1511287689209
/p/project1/hai_1252/toulouse1/flexcraft/data/adapt/adapt_tuning_adapt_config_1/3QDG+MAVMAPRTLV+TLMSAMTNL+CAVRLTGLTG+CASSIAGAWD_0_0.pdb,19.698335647583008,10.848310470581055,19.90129852294922,14.23910140991211,15.407504081726074,13.819902420043945,10.401704788208008,19.588478088378906,19.42548370361328,9.764581680297852,9.977692604064941,12.618905067443848,19.336498260498047,7.215366363525391,11.279345512390137,8.864225387573242,14.264448165893555,13.988389015197754,20.423091888427734,7.642605781555176,7.739557266235352,15.471712112426758,19.59588623046875,14.229133605957031,19.569887161254883,19.614500045776367,14.275955200195312,13.964835166931152,10.799357414245605,14.111125946044922,19.65123748779297,10.613768577575684,7.11616325378418,19.754594802856445,19.286264419555664,6.899216651916504,9.387845238961745e-06,14.1119384765625,11.027153015136719,19.649709701538086,14.012228965759277,13.997456550598145,10.376543998718262,14.105144500732422,10.61571979522705,19.40376091003418,14.101550102233887,14.528276443481445,14.47966480255127,14.510242462158203,9.446879386901855,11.020533561706543,13.947582244873047,19.539583206176758,11.233101844787598,19.937294006347656,10.554139137268066,14.54739761352539,10.494847297668457,19.699920654296875,19.219839096069336,10.453330993652344,8.68244457244873,19.76258087158203,19.719058990478516,17.057567596435547,17.07931137084961,14.194757461547852,15.98529052734375,19.525815963745117
/p/project1/hai_1252/toulouse1/flexcraft/data/adapt/adapt_tuning_adapt_config_1/7N2R+MAVMAPRTLV+TLMSAMTNL+CAAAGMGGYN+CASGSTDTQY_0_17.pdb,13.775080680847168,10.082720756530762,13.59580135345459,6.064071178436279,9.184623718261719,5.3526740074157715,10.527081489562988,13.638525009155273,13.11897087097168,10.812673568725586,11.575095176696777,11.378132820129395,13.422002792358398,15.49024772644043,10.40766429901123,10.036653518676758,5.335687160491943,4.181891441345215,21.940288543701172,15.174494743347168,14.995025634765625,9.645246505737305,13.890342712402344,5.857778549194336,13.006156921386719,13.344120979309082,5.582196235656738,4.573513984680176,10.399629592895508,4.150576114654541,13.920412063598633,10.775156021118164,15.117456436157227,13.406878471374512,13.325090408325195,15.323554992675781,14.111930847167969,1.9281726054032333e-05,10.723119735717773,12.704634666442871,4.636279582977295,4.708415985107422,10.38884449005127,3.791318893432617,10.420884132385254,13.184679985046387,5.199267387390137,5.641488552093506,4.635972499847412,5.06412935256958,10.154122352600098,10.287026405334473,5.312701225280762,13.60170841217041,10.583319664001465,13.68037223815918,9.719511032104492,4.6096110343933105,9.000454902648926,13.550275802612305,21.73232078552246,10.928157806396484,10.80799388885498,13.354761123657227,13.810077667236328,20.646081924438477,19.972946166992188,5.003116130828857,9.022151947021484,21.581716537475586
/p/project1/hai_1252/toulouse1/flexcraft/data/adapt/adapt_tuning_adapt_config_1/1OGA+MAVMAPRTLV+TLMSAMTNL+CVVSVPSGGG+CASSLAFGGS_0_0.pdb,16.58400535583496,8.621930122375488,16.458236694335938,10.727910041809082,13.230719566345215,10.926187515258789,5.642402172088623,16.438337326049805,16.099660873413086,10.702946662902832,11.422505378723145,7.986203670501709,16.600814819335938,13.085834503173828,5.729196071624756,6.913515567779541,10.629695892333984,10.48221492767334,20.603092193603516,12.451234817504883,12.046600341796875,13.147436141967773,16.80144500732422,10.918204307556152,16.096778869628906,16.377765655517578,10.58415699005127,10.51764965057373,5.750741958618164,10.921445846557617,16.78914451599121,5.6896443367004395,12.389755249023438,16.136762619018555,16.270660400390625,12.746482849121094,11.027159690856934,10.723118782043457,9.192749530484434e-06,16.243865966796875,10.861308097839355,11.182315826416016,5.853872299194336,10.670382499694824,5.629405498504639,16.680849075317383,10.661001205444336,10.737887382507324,10.48356819152832,10.807148933410645,8.398587226867676,5.2170796394348145,10.628799438476562,16.584918975830078,5.354343414306641,16.842060089111328,8.34959602355957,10.637192726135254,7.557077884674072,16.262893676757812,20.46702766418457,11.1837739944458,6.9313788414001465,15.959705352783203,16.50013542175293,19.208282470703125,18.01197624206543,10.73365306854248,11.764810562133789,20.548370361328125
/p/project1/hai_1252/toulouse1/flexcraft/data/adapt/adapt_tuning_adapt_config_1/1OGA+MAVMAPRTLV+TLMSAMTNL+CAVNTGNQFY+CASSRGTAGN_0_16.pdb,6.743105888366699,16.118471145629883,6.35861873626709,13.075935363769531,12.197213172912598,12.668821334838867,16.85897445678711,4.687716484069824,3.57370662689209,17.520946502685547,17.620561599731445,14.329388618469238,6.462337970733643,20.69856071472168,16.976255416870117,17.374221801757812,12.813027381896973,12.542858123779297,23.92561912536621,20.54247283935547,20.392290115356445,12.17934513092041,6.5616536140441895,12.974574089050293,3.3701274394989014,5.419620513916016,12.846137046813965,12.554072380065918,16.919086456298828,12.550639152526855,6.86996603012085,17.013521194458008,20.410114288330078,3.824472665786743,4.445708751678467,20.639463424682617,19.649703979492188,12.704632759094238,16.24386215209961,1.3669295185536612e-05,12.972404479980469,12.633895874023438,17.07484245300293,12.449040412902832,16.95426368713379,6.128411769866943,12.62960433959961,12.766558647155762,12.540018081665039,12.738441467285156,15.931097984313965,16.760122299194336,12.702656745910645,5.0100860595703125,17.029531478881836,8.202134132385254,15.666971206665039,12.528131484985352,15.52713680267334,4.418181419372559,22.950868606567383,17.554651260375977,16.744258880615234,6.4033989906311035,6.9616780281066895,23.040559768676758,22.180225372314453,12.844696998596191,12.625894546508789,22.927278518676758
/p/project1/hai_1252/toulouse1/flexcraft/data/adapt/adapt_tuning_adapt_config_1/7N2R+MAVMAPRTLV+TLMSAMTNL+CAAAGMGGYN+CASGSTDTQY_0_0.pdb,12.929259300231934,9.790789604187012,12.814577102661133,3.5823564529418945,8.596158027648926,4.201560020446777,10.541007041931152,12.920831680297852,12.904936790466309,10.575091361999512,11.49107551574707,11.052226066589355,13.081411361694336,15.617293357849121,10.179306030273438,10.332450866699219,3.895551919937134,4.443107604980469,22.021535873413086,15.235570907592773,15.084962844848633,8.634331703186035,13.597941398620605,2.925945281982422,13.055688858032227,12.754621505737305,3.243410348892212,5.0777363777160645,10.163755416870117,4.731690883636475,13.115799903869629,10.596976280212402,15.182419776916504,13.190691947937012,12.897968292236328,15.434268951416016,14.012229919433594,4.6362810134887695,10.861303329467773,12.972404479980469,1.1626537343545351e-05,5.067358016967773,10.27028751373291,4.673448085784912,10.112353324890137,13.131257057189941,4.27243709564209,4.188124656677246,4.7465362548828125,4.850986480712891,9.904335975646973,10.418651580810547,3.283769130706787,13.225622177124023,10.511890411376953,13.639796257019043,9.57188892364502,3.795586585998535,9.342825889587402,12.887435913085938,21.749662399291992,11.148404121398926,10.667830467224121,12.736905097961426,13.061147689819336,20.65003204345703,19.925153732299805,2.3037211894989014,7.722076892852783,21.823177337646484
/p/project1/hai_1252/toulouse1/flexcraft/data/adapt/adapt_tuning_adapt_config_1/7N2R+MAVMAPRTLV+TLMSAMTNL+CAAAGMGGYN+CASGSTDTQY_0_8.pdb,14.047514915466309,9.93801498413086,14.20834732055664,4.3922834396362305,8.133383750915527,2.826206922531128,10.555830955505371,13.0790433883667,12.68606948852539,11.307655334472656,10.856558799743652,11.6369047164917,13.507528305053711,15.25087833404541,11.017026901245117,10.37207317352295,3.8388710021972656,3.792715072631836,22.98052406311035,15.444117546081543,15.209541320800781,7.803050994873047,13.127981185913086,4.235157489776611,12.88330364227295,13.717239379882812,4.69706916809082,3.6295034885406494,10.93894100189209,1.7556138038635254,14.085760116577148,10.824748992919922,15.080425262451172,13.253918647766113,13.014275550842285,15.306947708129883,13.997459411621094,4.708416938781738,11.18232250213623,12.633894920349121,5.067358016967773,1.6528250853298232e-05,10.886123657226562,2.2883217334747314,10.897483825683594,13.508710861206055,2.610102891921997,4.2924323081970215,3.2679331302642822,3.112973928451538,9.45306396484375,10.579736709594727,3.665254831314087,12.88350772857666,11.13274097442627,14.26324462890625,9.120052337646484,3.9716923236846924,8.389595985412598,13.185959815979004,21.624542236328125,11.634904861450195,11.057268142700195,13.684505462646484,14.288681030273438,20.197233200073242,19.281864166259766,5.121557712554932,10.311301231384277,21.789894104003906
/p/project1/hai_1252/toulouse1/flexcraft/data/adapt/adapt_tuning_adapt_config_1/5EU6+MAVMAPRTLV+TLMSAMTNL+CAVANAGNML+CASSSGTGES_0_2.pdb,16.78875160217285,6.999363899230957,16.886960983276367,10.390668869018555,12.923386573791504,10.55556583404541,2.642423629760742,17.010526657104492,16.780683517456055,9.51241397857666,10.11931324005127,8.411537170410156,16.675443649291992,11.795408248901367,3.273752212524414,6.7763142585754395,10.502596855163574,10.368661880493164,21.16687774658203,11.45567798614502,11.115873336791992,12.968561172485352,17.12363052368164,10.507287979125977,16.857559204101562,16.79491424560547,10.383223533630371,10.42054557800293,3.063077688217163,10.744020462036133,16.91594123840332,2.8809423446655273,11.061996459960938,17.003677368164062,16.77605438232422,11.600229263305664,10.376540184020996,10.38884449005127,5.853856563568115,17.07483673095703,10.270285606384277,10.88612174987793,1.3988835235068109e-05,10.658787727355957,2.554333448410034,16.740198135375977,10.501105308532715,10.812555313110352,10.698426246643066,10.798240661621094,8.092705726623535,3.5479652881622314,10.3609619140625,17.05225944519043,3.6505439281463623,17.258329391479492,7.369121074676514,10.80273723602295,6.585940837860107,17.00370216369629,20.09020233154297,10.350924491882324,6.206953525543213,16.564590454101562,16.82987403869629,18.404003143310547,17.190895080566406,10.397882461547852,12.491064071655273,20.499881744384766
/p/project1/hai_1252/toulouse1/flexcraft/data/adapt/adapt_tuning_adapt_config_1/7N2R+MAVMAPRTLV+TLMSAMTNL+CAAAGMGGYN+CASGSTDTQY_0_4.pdb,13.824773788452148,10.213050842285156,13.854961395263672,4.320276737213135,8.301362991333008,3.1351208686828613,10.355307579040527,12.995530128479004,12.628106117248535,11.100500106811523,11.010248184204102,11.560286521911621,13.525897979736328,15.289965629577637,10.684557914733887,10.120528221130371,3.5634279251098633,2.876821517944336,22.62984275817871,15.29590129852295,15.043550491333008,8.113433837890625,13.420235633850098,4.047747611999512,12.727619171142578,13.454280853271484,3.973679780960083,2.960221767425537,10.623286247253418,1.8598171472549438,13.955016136169434,10.598471641540527,15.040263175964355,12.881500244140625,12.862781524658203,15.262399673461914,14.105143547058105,3.7913193702697754,10.67038631439209,12.4490385055542,4.6734490394592285,2.2883241176605225,10.658782005310059,7.866188752814196e-06,10.494636535644531,13.48416519165039,2.438756227493286,3.616945505142212,2.3287885189056396,2.770329236984253,9.739703178405762,10.101418495178223,3.2469112873077393,13.001513481140137,10.55985164642334,14.221482276916504,9.294198036193848,2.8635590076446533,8.487517356872559,12.966458320617676,21.731216430664062,11.3107271194458,11.169425964355469,13.447184562683105,13.928956031799316,20.38578224182129,19.44029998779297,4.312033653259277,9.879409790039062,21.90239143371582
/p/project1/hai_1252/toulouse1/flexcraft/data/adapt/adapt_tuning_adapt_config_1/5EU6+MAVMAPRTLV+TLMSAMTNL+CAVANAGNML+CASSSGTGES_0_0.pdb,16.713871002197266,7.589034080505371,16.71761703491211,10.215219497680664,12.983611106872559,10.455987930297852,3.226172924041748,16.85538101196289,16.751026153564453,9.345948219299316,10.475885391235352,8.371488571166992,16.840797424316406,12.047445297241211,2.916612148284912,6.665146350860596,10.28802490234375,10.130640029907227,20.932781219482422,11.50529670715332,11.104901313781738,12.953939437866211,17.346057891845703,10.240456581115723,16.792570114135742,16.673254013061523,10.03222370147705,10.309075355529785,3.073941469192505,10.60582447052002,16.910165786743164,3.537713050842285,11.239455223083496,16.743934631347656,16.710851669311523,11.798277854919434,10.615720748901367,10.420886039733887,5.6294050216674805,16.95426368713379,10.112354278564453,10.897483825683594,2.554333448410034,10.494634628295898,7.721844667685218e-06,16.924467086791992,10.3002290725708,10.366698265075684,10.435904502868652,10.544569969177246,8.200374603271484,3.0347683429718018,10.107569694519043,17.097965240478516,2.478252410888672,17.42013168334961,7.464210033416748,10.39671802520752,6.81530237197876,16.745622634887695,20.39049530029297,9.95557689666748,6.435598373413086,16.478897094726562,16.707117080688477,18.87217140197754,17.68605613708496,9.982158660888672,12.167596817016602,20.654224395751953
/p/project1/hai_1252/toulouse1/flexcraft/data/adapt/adapt_tuning_adapt_config_1/1OGA+MAVMAPRTLV+TLMSAMTNL+CAVNTGNQFY+CASSRGTAGN_0_9.pdb,4.181023597717285,15.5260591506958,5.920863628387451,13.486224174499512,11.437178611755371,13.41108226776123,17.036197662353516,5.434868812561035,5.955434799194336,17.820301055908203,17.612253189086914,14.251060485839844,2.1201705932617188,20.418790817260742,16.92293357849121,18.075420379638672,13.722652435302734,13.325682640075684,23.80896759033203,20.615917205810547,20.463363647460938,11.919612884521484,5.499913692474365,13.417243957519531,6.455390930175781,4.869214057922363,13.509679794311523,13.575310707092285,17.08313751220703,13.651741027832031,3.887922763824463,16.983047485351562,20.299243927001953,6.421496391296387,4.715074062347412,20.51054573059082,19.40375328063965,13.184675216674805,16.680850982666016,6.128414154052734,13.131256103515625,13.508715629577637,16.74020004272461,13.48416805267334,16.92446517944336,1.1106297279184218e-05,13.497590065002441,14.051100730895996,13.694971084594727,13.915984153747559,16.13638687133789,17.27541160583496,13.382955551147461,4.9967451095581055,17.279104232788086,8.157255172729492,15.825850486755371,13.766759872436523,15.7489652633667,6.690656661987305,22.42361068725586,18.360570907592773,16.47670555114746,6.894490718841553,5.7888312339782715,22.280099868774414,21.23036003112793,13.410713195800781,13.439215660095215,22.614559173583984
/p/project1/hai_1252/toulouse1/flexcraft/data/adapt/adapt_tuning_adapt_config_1/7N2R+MAVMAPRTLV+TLMSAMTNL+CAAAGMGGYN+CASGSTDTQY_0_6.pdb,13.484979629516602,10.201766967773438,13.615409851074219,2.7155325412750244,8.160202980041504,2.1789021492004395,10.09377384185791,12.649238586425781,12.45973014831543,11.066049575805664,10.945064544677734,11.407144546508789,13.334794998168945,15.375397682189941,10.484625816345215,10.249602317810059,2.2242250442504883,2.9126524925231934,22.68295669555664,15.312466621398926,15.031505584716797,7.515927314758301,13.049603462219238,2.5717999935150146,12.673466682434082,13.306906700134277,2.585913896560669,2.899327039718628,10.358765602111816,2.6665916442871094,13.665297508239746,10.293610572814941,15.03149127960205,12.824073791503906,12.697283744812012,15.318619728088379,14.101555824279785,5.1992669105529785,10.661002159118652,12.629602432250977,4.27243709564209,2.6101019382476807,10.501107215881348,2.43875789642334,10.300226211547852,13.497589111328125,3.2696814741939306e-05,2.7272772789001465,2.4424638748168945,2.311969757080078,9.66739559173584,10.04369831085205,2.1476120948791504,12.702479362487793,10.366104125976562,14.041486740112305,9.349959373474121,2.908817768096924,8.630729675292969,12.65764331817627,21.694541931152344,11.53713321685791,11.234946250915527,13.135647773742676,13.646557807922363,20.407447814941406,19.32038116455078,3.6193881034851074,9.736263275146484,21.910228729248047
/p/project1/hai_1252/toulouse1/flexcraft/data/adapt/adapt_tuning_adapt_config_1/7N2R+MAVMAPRTLV+TLMSAMTNL+CAAAGMGGYN+CASGSTDTQY_0_13.pdb,13.653674125671387,11.213573455810547,13.410005569458008,2.9551687240600586,9.54749584197998,3.5855584144592285,10.45580768585205,12.879605293273926,12.635442733764648,10.953025817871094,11.769197463989258,11.69299602508545,13.809222221374512,15.922340393066406,10.414636611938477,10.164146423339844,2.249687671661377,4.065088272094727,21.784191131591797,15.336457252502441,15.129807472229004,8.878286361694336,13.638733863830566,2.9929468631744385,12.81747817993164,13.319403648376465,2.492276430130005,3.7829699516296387,10.265604019165039,3.440336227416992,13.948519706726074,10.698622703552246,15.320104598999023,12.9241304397583,13.009456634521484,15.641165733337402,14.528275489807129,5.641489028930664,10.737884521484375,12.766571044921875,4.188127040863037,4.292429447174072,10.812556266784668,3.61694073677063,10.366698265075684,14.05109691619873,2.7272772789001465,2.219366615463514e-05,2.684375286102295,2.4761157035827637,10.366463661193848,10.107175827026367,2.6294665336608887,13.217070579528809,10.358049392700195,13.900456428527832,10.17185115814209,2.135965585708618,9.502949714660645,12.621593475341797,22.203880310058594,11.175662994384766,11.693981170654297,12.912841796875,13.581233024597168,21.354717254638672,20.542266845703125,3.253600597381592,8.763761520385742,22.02439308166504
/p/project1/hai_1252/toulouse1/flexcraft/data/adapt/adapt_tuning_adapt_config_1/7N2R+MAVMAPRTLV+TLMSAMTNL+CAAAGMGGYN+CASGSTDTQY_0_5.pdb,13.800498008728027,10.837790489196777,13.725181579589844,3.7844772338867188,9.019315719604492,3.6372060775756836,10.356205940246582,12.980632781982422,12.585139274597168,11.171185493469238,11.363797187805176,11.646780014038086,13.598176002502441,15.666762351989746,10.333226203918457,10.194026947021484,2.944593667984009,3.564763307571411,22.139833450317383,15.377569198608398,15.065510749816895,8.54589557647705,13.337980270385742,3.835813045501709,12.760478973388672,13.495732307434082,3.548210620880127,3.4027934074401855,10.427358627319336,2.5165882110595703,14.043044090270996,10.595736503601074,15.178627014160156,12.929742813110352,12.993579864501953,15.514148712158203,14.479660034179688,4.635973930358887,10.483564376831055,12.540018081665039,4.746535778045654,3.267937183380127,10.698426246643066,2.3287887573242188,10.435907363891602,13.694971084594727,2.4424619674682617,2.6843760013580322,8.275190339190885e-06,1.9024513959884644,10.226524353027344,9.973555564880371,3.2516040802001953,12.959564208984375,10.314411163330078,13.953367233276367,9.93038558959961,2.5493998527526855,9.081411361694336,12.863117218017578,22.074098587036133,11.379998207092285,11.562453269958496,13.101747512817383,13.854507446289062,20.86348533630371,19.86632537841797,4.276392936706543,9.516056060791016,22.071718215942383
/p/project1/hai_1252/toulouse1/flexcraft/data/adapt/adapt_tuning_adapt_config_1/7N2R+MAVMAPRTLV+TLMSAMTNL+CAAAGMGGYN+CASGSTDTQY_0_9.pdb,14.019105911254883,11.003365516662598,13.951906204223633,3.482429265975952,9.406672477722168,3.628628730773926,10.415122985839844,13.152321815490723,12.681044578552246,11.161394119262695,11.436849594116211,11.732245445251465,13.757688522338867,15.689319610595703,10.481499671936035,10.17908000946045,2.4990172386169434,3.9705240726470947,22.072399139404297,15.328797340393066,15.085752487182617,8.757437705993652,13.359224319458008,3.6773152351379395,12.897199630737305,13.762831687927246,3.5829639434814453,3.4820799827575684,10.472990036010742,2.2347075939178467,14.280146598815918,10.707098007202148,15.170456886291504,13.163657188415527,13.18266487121582,15.509580612182617,14.510236740112305,5.0641326904296875,10.807143211364746,12.738441467285156,4.850986480712891,3.1129729747772217,10.798247337341309,2.770329713821411,10.54456615447998,13.915985107421875,2.3119688034057617,2.4761135578155518,1.9024500846862793,5.162018169357907e-06,10.334450721740723,10.123552322387695,3.4211907386779785,13.095404624938965,10.469670295715332,13.908364295959473,10.15056037902832,3.0990335941314697,9.184168815612793,13.017945289611816,22.16337013244629,11.355269432067871,11.633859634399414,13.21255111694336,14.021672248840332,21.030868530273438,20.102357864379883,4.5010199546813965,9.751047134399414,22.083032608032227
/p/project1/hai_1252/toulouse1/flexcraft/data/adapt/adapt_tuning_adapt_config_1/3QDG+MAVMAPRTLV+TLMSAMTNL+CAVTLNTGFQ+CASSLEAAPG_0_0.pdb,16.435880661010742,5.980885028839111,16.616260528564453,10.076940536499023,10.74075698852539,9.24526596069336,7.968011379241943,15.922599792480469,15.77324104309082,8.865399360656738,8.818830490112305,8.08989143371582,16.12721061706543,12.451343536376953,8.975237846374512,7.4720916748046875,9.969032287597656,9.51058292388916,21.937088012695312,12.767828941345215,12.600529670715332,10.598104476928711,16.09416961669922,10.019364356994629,15.9395112991333,16.247949600219727,10.13731575012207,9.644192695617676,8.53827953338623,9.706822395324707,16.378389358520508,8.27123737335205,12.385035514831543,16.215530395507812,15.710946083068848,12.44713306427002,9.446879386901855,10.15412425994873,8.398589134216309,15.931105613708496,9.904335975646973,9.453063011169434,8.092704772949219,9.739703178405762,8.200370788574219,16.136396408081055,9.667391777038574,10.366461753845215,10.226522445678711,10.334454536437988,5.960013368166983e-06,8.558622360229492,9.626656532287598,15.893908500671387,9.09205150604248,16.882537841796875,4.6860833168029785,10.280248641967773,4.917734622955322,16.01622772216797,20.964157104492188,9.462023735046387,5.530398368835449,16.38490867614746,16.64868927001953,19.142648696899414,18.133520126342773,10.021117210388184,11.694228172302246,21.199697494506836
/p/project1/hai_1252/toulouse1/flexcraft/data/adapt/adapt_tuning_adapt_config_1/5EU6+MAVMAPRTLV+TLMSAMTNL+CAVANAGNML+CASSSGTGES_0_3.pdb,17.176904678344727,8.194978713989258,17.133167266845703,10.26573657989502,13.133538246154785,10.35251235961914,3.0569679737091064,16.959672927856445,16.721529006958008,9.782049179077148,10.329466819763184,8.82446575164795,17.211292266845703,12.131175994873047,3.5011789798736572,6.354743480682373,10.136835098266602,9.897011756896973,20.73542022705078,11.568963050842285,11.179177284240723,13.022013664245605,17.456871032714844,10.293365478515625,16.685972213745117,17.01349639892578,10.007124900817871,10.017714500427246,3.4293854236602783,10.251424789428711,17.371660232543945,3.4167726039886475,11.32044506072998,16.64859962463379,16.825586318969727,11.852316856384277,11.02053165435791,10.287028312683105,5.217075824737549,16.760120391845703,10.41865062713623,10.579734802246094,3.547960042953491,10.101419448852539,3.0347695350646973,17.275405883789062,10.043693542480469,10.10717487335205,9.973549842834473,10.123550415039062,8.558621406555176,5.708051958208671e-06,10.068106651306152,17.133052825927734,2.573864698410034,17.625062942504883,7.663676738739014,10.053143501281738,6.7462992668151855,16.770877838134766,20.377199172973633,10.040684700012207,7.271888732910156,16.64756965637207,17.116321563720703,18.949371337890625,17.705698013305664,10.124884605407715,12.493322372436523,20.526458740234375
/p/project1/hai_1252/toulouse1/flexcraft/data/adapt/adapt_tuning_adapt_config_1/7N2R+MAVMAPRTLV+TLMSAMTNL+CAAAGMGGYN+CASGSTDTQY_0_16.pdb,13.133477210998535,10.07733154296875,13.157479286193848,2.3701436519622803,8.208005905151367,2.2192559242248535,10.116658210754395,12.564370155334473,12.458175659179688,10.810380935668945,11.12397575378418,11.224190711975098,13.214351654052734,15.441621780395508,10.398900032043457,10.257492065429688,2.693162441253662,3.284123659133911,22.624500274658203,15.23337173461914,15.022628784179688,7.744415283203125,13.209760665893555,1.7815293073654175,12.628658294677734,12.920836448669434,1.8312562704086304,3.3661270141601562,10.222711563110352,3.577540636062622,13.30904769897461,10.24514102935791,15.053686141967773,12.676085472106934,12.555632591247559,15.30345630645752,13.947582244873047,5.312699317932129,10.628804206848145,12.702656745910645,3.283769369125366,3.665250778198242,10.360957145690918,3.246917486190796,10.107568740844727,13.382954597473145,2.14760684967041,2.629469633102417,3.2516019344329834,3.4211857318878174,9.626663208007812,10.068100929260254,1.8403055946691893e-05,12.859142303466797,10.28885555267334,13.813706398010254,9.290995597839355,2.5339183807373047,8.760926246643066,12.486997604370117,21.829561233520508,11.33007526397705,11.0397367477417,12.850696563720703,13.183695793151855,20.5997314453125,19.58372688293457,2.7253804206848145,8.800846099853516,22.10523223876953
/p/project1/hai_1252/toulouse1/flexcraft/data/adapt/adapt_tuning_adapt_config_1/1OGA+MAVMAPRTLV+TLMSAMTNL+CAVNTGNQFY+CASSRGTAGN_0_8.pdb,5.718880653381348,16.028804779052734,7.184386730194092,12.853672981262207,11.333924293518066,12.663074493408203,16.86255645751953,3.104039192199707,4.04447078704834,17.828136444091797,17.296903610229492,14.539583206176758,4.506063938140869,20.542896270751953,17.098779678344727,17.843624114990234,12.890661239624023,12.880537033081055,24.054380416870117,20.67723846435547,20.45453453063965,11.054000854492188,3.120408535003662,12.943695068359375,5.1226420402526855,6.115745544433594,12.987964630126953,12.899775505065918,17.10494041442871,13.068672180175781,5.5326948165893555,16.946950912475586,20.332544326782227,5.5619611740112305,3.8419458866119385,20.626602172851562,19.53959846496582,13.601701736450195,16.58491325378418,5.0100932121276855,13.225622177124023,12.883508682250977,17.052255630493164,13.001518249511719,17.09796905517578,4.996744155883789,12.702484130859375,13.217071533203125,12.959567070007324,13.095404624938965,15.893908500671387,17.1330623626709,12.859142303466797,2.7597034204518422e-05,17.261356353759766,8.719722747802734,15.83301830291748,13.214676856994629,15.660691261291504,4.956988334655762,22.847835540771484,18.352270126342773,16.786277770996094,6.9411187171936035,7.243581295013428,22.694091796875,21.59783363342285,13.240082740783691,13.630465507507324,22.900531768798828
/p/project1/hai_1252/toulouse1/flexcraft/data/adapt/adapt_tuning_adapt_config_1/5EU6+MAVMAPRTLV+TLMSAMTNL+CAVANAGNML+CASSSGTGES_0_6.pdb,17.021596908569336,8.808120727539062,16.976791381835938,10.383255958557129,13.418992042541504,10.683769226074219,3.3406405448913574,17.034208297729492,16.871673583984375,9.79285717010498,10.720842361450195,8.992424964904785,17.172903060913086,12.3714599609375,3.7325782775878906,6.825554847717285,10.339883804321289,10.208791732788086,20.818540573120117,11.717824935913086,11.190524101257324,13.281977653503418,17.536746978759766,10.460721969604492,16.844118118286133,16.970863342285156,10.070650100708008,10.29449462890625,3.623394727706909,10.765493392944336,17.274402618408203,3.934229850769043,11.470508575439453,16.79604148864746,16.905973434448242,12.05418872833252,11.233104705810547,10.583319664001465,5.354343414306641,17.02953338623047,10.511889457702637,11.132740020751953,3.650543212890625,10.559850692749023,2.478252410888672,17.279111862182617,10.366106986999512,10.358052253723145,10.314413070678711,10.469670295715332,9.092046737670898,2.5738651752471924,10.288853645324707,17.261350631713867,1.6366651834687218e-05,17.53340721130371,8.516471862792969,10.380899429321289,7.500952243804932,16.845617294311523,20.32310676574707,10.261839866638184,7.7426557540893555,16.572093963623047,16.93889808654785,19.102548599243164,17.84264373779297,10.221248626708984,12.466888427734375,20.542190551757812
/p/project1/hai_1252/toulouse1/flexcraft/data/adapt/adapt_tuning_adapt_config_1/1OGA+MAVMAPRTLV+TLMSAMTNL+CAVNTGNQFY+CASSRGTAGN_0_0.pdb,8.062318801879883,16.9964656829834,6.748676300048828,13.511018753051758,14.637264251708984,13.952049255371094,17.346940994262695,8.625840187072754,6.550632476806641,17.547813415527344,18.53586196899414,14.953458786010742,7.627921104431152,21.305479049682617,17.2625732421875,17.72576904296875,13.566410064697266,14.024849891662598,23.858766555786133,20.656391143798828,20.70932388305664,14.517181396484375,7.807043552398682,13.89020824432373,6.983852386474609,7.504091262817383,13.705344200134277,13.670613288879395,17.171321868896484,14.113597869873047,8.700450897216797,17.376527786254883,20.7248592376709,8.713199615478516,7.691403865814209,20.92450523376465,19.93729019165039,13.680367469787598,16.842060089111328,8.202139854431152,13.639800071716309,14.263249397277832,17.258331298828125,14.22147274017334,17.420129776000977,8.157254219055176,14.04149341583252,13.900460243225098,13.953350067138672,13.908376693725586,16.882532119750977,17.62506866455078,13.813713073730469,8.719717025756836,17.53340721130371,1.1763198017433751e-05,17.221834182739258,14.112553596496582,16.78473472595215,7.544201850891113,23.60228729248047,17.899757385253906,17.060874938964844,5.269718170166016,6.699707984924316,24.170610427856445,23.39516258239746,13.93375301361084,12.120646476745605,23.46112632751465
/p/project1/hai_1252/toulouse1/flexcraft/data/adapt/adapt_tuning_adapt_config_1/7N2R+MAVMAPRTLV+TLMSAMTNL+CAVEDRVGDK+CASSFRGQGN_0_1.pdb,16.152490615844727,3.59043550491333,16.40534782409668,10.019318580627441,10.359968185424805,9.089252471923828,7.41312837600708,15.746295928955078,15.754999160766602,9.592994689941406,9.001368522644043,7.82791805267334,15.932572364807129,12.465331077575684,8.276481628417969,8.128414154052734,10.034090042114258,9.108531951904297,21.949342727661133,13.067787170410156,12.825193405151367,10.592056274414062,16.259878158569336,9.629060745239258,15.818273544311523,15.928178787231445,9.845869064331055,9.627809524536133,7.996608734130859,9.346847534179688,16.07145881652832,7.527685642242432,12.479785919189453,15.839545249938965,15.551342964172363,12.667551040649414,10.554137229919434,9.719510078430176,8.349600791931152,15.66696548461914,9.571887969970703,9.120046615600586,7.3691205978393555,9.294190406799316,7.464208602905273,15.825847625732422,9.349956512451172,10.171855926513672,9.930388450622559,10.150559425354004,4.686088562011719,7.663674831390381,9.290994644165039,15.833033561706543,8.516469955444336,17.221820831298828,7.976937922649086e-06,9.803668022155762,2.802018880844116,15.875784873962402,20.488971710205078,9.998018264770508,6.365928649902344,16.293582916259766,16.46331024169922,18.396352767944336,17.150238037109375,9.504112243652344,12.151911735534668,20.909475326538086
/p/project1/hai_1252/toulouse1/flexcraft/data/adapt/adapt_tuning_adapt_config_1/7N2R+MAVMAPRTLV+TLMSAMTNL+CAAAGMGGYN+CASGSTDTQY_0_18.pdb,13.526256561279297,10.870556831359863,13.324639320373535,3.769273281097412,8.929404258728027,3.482093572616577,10.541854858398438,12.868602752685547,12.731524467468262,11.02873420715332,11.640419960021973,11.664566993713379,13.703492164611816,15.838239669799805,10.463260650634766,10.147899627685547,3.1512746810913086,3.2688283920288086,21.938512802124023,15.413216590881348,15.145214080810547,8.626056671142578,13.809455871582031,3.218602180480957,12.727071762084961,13.130455017089844,2.6982879638671875,3.748089551925659,10.362579345703125,3.2128868103027344,13.739675521850586,10.744891166687012,15.386384010314941,12.736774444580078,12.94305419921875,15.644679069519043,14.547401428222656,4.609610080718994,10.637192726135254,12.5281343460083,3.795585870742798,3.971693754196167,10.802734375,2.8635597229003906,10.396717071533203,13.76675796508789,2.9088175296783447,2.1359643936157227,2.549391508102417,3.0990304946899414,10.28024959564209,10.053146362304688,2.5339198112487793,13.214669227600098,10.380904197692871,14.112547874450684,9.803668975830078,1.0906015631917398e-05,9.247653007507324,12.692373275756836,22.038902282714844,11.18842887878418,11.590277671813965,13.00079345703125,13.551201820373535,20.98533058166504,20.208595275878906,2.860029935836792,8.571516990661621,21.979843139648438
/p/project1/hai_1252/toulouse1/flexcraft/data/adapt/adapt_tuning_adapt_config_1/7N2R+MAVMAPRTLV+TLMSAMTNL+CAVEDRVGDK+CASSFRGQGN_0_2.pdb,16.163835525512695,4.36061954498291,16.412662506103516,9.358325004577637,10.492337226867676,8.46422290802002,6.389790058135986,15.684910774230957,15.484502792358398,9.218392372131348,8.461677551269531,7.70227575302124,15.791213989257812,12.233981132507324,7.634485244750977,7.41813325881958,9.276597023010254,8.403082847595215,21.86534881591797,12.746679306030273,12.463770866394043,10.57691478729248,15.93323802947998,9.164032936096191,15.546060562133789,15.969202995300293,9.291284561157227,8.622129440307617,7.358603477478027,8.563014030456543,16.135549545288086,6.740973472595215,12.142548561096191,15.69250202178955,15.418270111083984,12.362550735473633,10.494852066040039,9.000452995300293,7.55708122253418,15.527139663696289,9.342822074890137,8.389589309692383,6.585940837860107,8.48752212524414,6.815302848815918,15.748967170715332,8.630732536315918,9.502943992614746,9.081409454345703,9.18416690826416,4.917735576629639,6.74630069732666,8.760924339294434,15.660684585571289,7.500950813293457,16.784730911254883,2.8020198345184326,9.247653007507324,8.603178685007151e-06,15.763017654418945,20.311017990112305,9.671842575073242,6.446089267730713,16.10615348815918,16.333173751831055,18.350418090820312,17.087446212768555,9.29015827178955,12.231049537658691,20.676788330078125
/p/project1/hai_1252/toulouse1/flexcraft/data/adapt/adapt_tuning_adapt_config_1/1OGA+MAVMAPRTLV+TLMSAMTNL+CAVNTGNQFY+CASSRGTAGN_0_12.pdb,4.9881815910339355,16.28964614868164,4.587556838989258,12.593599319458008,12.281289100646973,12.577678680419922,16.748645782470703,2.911098003387451,2.9436614513397217,17.422788619995117,17.76761817932129,14.254170417785645,6.063475131988525,20.93672752380371,16.9554500579834,17.569232940673828,12.666154861450195,12.633438110351562,24.200992584228516,20.63310432434082,20.56039047241211,12.018380165100098,6.304133415222168,12.586691856384277,3.497799873352051,4.175654888153076,12.436848640441895,12.65987491607666,16.796377182006836,13.101902961730957,5.48227071762085,16.81708335876465,20.53272247314453,3.4866340160369873,2.84077787399292,20.78412437438965,19.699913024902344,13.550275802612305,16.262895584106445,4.4181809425354,12.887433052062988,13.185961723327637,17.003704071044922,12.966455459594727,16.745616912841797,6.690656661987305,12.657641410827637,12.62159538269043,12.863114356994629,13.017948150634766,16.0162296295166,16.7708797454834,12.486995697021484,4.9569926261901855,16.84561538696289,7.544200420379639,15.875785827636719,12.69236946105957,15.763017654418945,6.249742455111118e-06,23.38270378112793,17.714534759521484,16.878440856933594,4.71992826461792,5.0271806716918945,23.479337692260742,22.58624839782715,12.57567310333252,12.303256034851074,23.514801025390625
/p/project1/hai_1252/toulouse1/flexcraft/data/adapt/adapt_tuning_adapt_config_1/7OW6+MAVMAPRTLV+TLMSAMTNL+CALRPNTGFQ+CASSLAETAN_0_7.pdb,22.862709045410156,19.912317276000977,23.101892471313477,22.0118465423584,20.55879020690918,21.70922088623047,20.051128387451172,22.98783302307129,23.37570571899414,20.756057739257812,18.72062873840332,21.029605865478516,22.567649841308594,17.317256927490234,20.531341552734375,20.350812911987305,22.14096450805664,21.575395584106445,9.574957847595215,19.36235237121582,19.47809410095215,20.965423583984375,23.21944808959961,21.825843811035156,23.23918342590332,22.92616081237793,21.998897552490234,22.015886306762695,20.623350143432617,21.863006591796875,22.615217208862305,19.780168533325195,18.786029815673828,23.34614372253418,23.046064376831055,18.650753021240234,19.219846725463867,21.73232650756836,20.467029571533203,22.95086669921875,21.749664306640625,21.624542236328125,20.090213775634766,21.73122215270996,20.390493392944336,22.423603057861328,21.694528579711914,22.203874588012695,22.0740966796875,22.163372039794922,20.96416664123535,20.377195358276367,21.82956314086914,22.847837448120117,20.323116302490234,23.602291107177734,20.48896026611328,22.03891372680664,20.31103515625,23.382699966430664,1.1696351975842845e-05,19.567758560180664,20.652109146118164,23.256206512451172,23.37860870361328,7.469412803649902,8.181089401245117,21.805736541748047,21.493366241455078,2.505439043045044
/p/project1/hai_1252/toulouse1/flexcraft/data/adapt/adapt_tuning_adapt_config_1/7OW6+MAVMAPRTLV+TLMSAMTNL+CAVQVDQAGT+CATGEYEKLF_0_0.pdb,18.281551361083984,10.779934883117676,17.871217727661133,11.679542541503906,14.841535568237305,11.464767456054688,10.4114351272583,18.122053146362305,17.64008903503418,3.213548183441162,8.115734100341797,11.89475154876709,18.375091552734375,11.402701377868652,10.318286895751953,7.587423801422119,11.309587478637695,11.240559577941895,18.684053421020508,9.55536937713623,9.789708137512207,14.802154541015625,18.660888671875,11.630400657653809,17.59545135498047,17.855987548828125,11.366854667663574,11.223653793334961,9.989856719970703,11.182958602905273,18.496295928955078,10.821056365966797,10.327746391296387,17.80046844482422,17.8221435546875,10.431840896606445,10.453332901000977,10.928154945373535,11.183775901794434,17.554651260375977,11.14840030670166,11.634902954101562,10.350929260253906,11.310728073120117,9.955575942993164,18.360563278198242,11.537128448486328,11.175665855407715,11.380000114440918,11.355273246765137,9.46202564239502,10.040692329406738,11.330074310302734,18.352264404296875,10.261836051940918,17.899749755859375,9.998022079467773,11.188423156738281,9.671839714050293,17.714521408081055,19.567764282226562,5.827133009006502e-06,10.096105575561523,17.622318267822266,17.96601104736328,21.468652725219727,20.570465087890625,11.07696533203125,13.086730003356934,18.93053436279297
/p/project1/hai_1252/toulouse1/flexcraft/data/adapt/adapt_tuning_adapt_config_1/3GSN+MAVMAPRTLV+TLMSAMTNL+CAVVNNAGNM+CASSRGGGPH_0_0.pdb,16.82008934020996,6.298212051391602,16.92222785949707,11.311809539794922,12.236469268798828,11.000426292419434,6.872267723083496,16.838741302490234,16.581174850463867,9.557663917541504,10.172560691833496,7.9654765129089355,16.506149291992188,11.642708778381348,7.007596492767334,6.5735392570495605,11.35849380493164,11.019195556640625,21.300600051879883,11.620329856872559,11.579902648925781,12.447976112365723,16.895099639892578,11.259198188781738,16.73932647705078,16.690887451171875,11.38800048828125,11.202482223510742,7.036546230316162,11.08027458190918,16.834794998168945,7.036649227142334,11.318065643310547,16.9788875579834,16.495397567749023,11.448569297790527,8.682439804077148,10.80799388885498,6.931375026702881,16.7442569732666,10.667828559875488,11.057268142700195,6.206956386566162,11.169428825378418,6.435599327087402,16.476707458496094,11.234946250915527,11.693982124328613,11.56244945526123,11.633865356445312,5.530399322509766,7.271887302398682,11.039738655090332,16.786270141601562,7.742655277252197,17.06087303161621,6.365927696228027,11.590280532836914,6.446088790893555,16.878435134887695,20.652095794677734,10.096104621887207,1.4995462152000982e-05,16.760574340820312,16.895437240600586,18.79151153564453,18.052722930908203,11.091283798217773,12.001688003540039,20.79043960571289
/p/project1/hai_1252/toulouse1/flexcraft/data/adapt/adapt_tuning_adapt_config_1/1OGA+MAVMAPRTLV+TLMSAMTNL+CAVNTGNQFY+CASSRGTAGN_0_3.pdb,5.332396030426025,16.279104232788086,4.25932502746582,12.716012954711914,13.238748550415039,13.202630996704102,16.64794921875,5.9754862785339355,5.134896278381348,17.256866455078125,18.036237716674805,14.059402465820312,6.281623363494873,20.995546340942383,16.416278839111328,17.388357162475586,12.858040809631348,13.108667373657227,23.50463104248047,20.441925048828125,20.410938262939453,13.112805366516113,7.274482250213623,12.852630615234375,5.341386795043945,5.090178966522217,12.654367446899414,13.155068397521973,16.388761520385742,13.435967445373535,6.215763092041016,16.626392364501953,20.456539154052734,6.056312084197998,5.626106262207031,20.74138069152832,19.762575149536133,13.354755401611328,15.959700584411621,6.4034013748168945,12.736907958984375,13.684496879577637,16.564594268798828,13.447187423706055,16.47889518737793,6.8944878578186035,13.135640144348145,12.91284465789795,13.101746559143066,13.212555885314941,16.384906768798828,16.64756965637207,12.850701332092285,6.941123008728027,16.57209587097168,5.269720077514648,16.293577194213867,13.000792503356934,16.10614776611328,4.719929218292236,23.25619125366211,17.622314453125,16.760574340820312,4.858169177168747e-06,4.817739486694336,23.560569763183594,22.603397369384766,12.76170825958252,11.499677658081055,23.281461715698242
/p/project1/hai_1252/toulouse1/flexcraft/data/adapt/adapt_tuning_adapt_config_1/1OGA+MAVMAPRTLV+TLMSAMTNL+CAVNTGNQFY+CASSRGTAGN_0_2.pdb,3.3002281188964844,16.35725212097168,2.8391170501708984,13.258966445922852,12.822314262390137,13.584114074707031,16.988929748535156,5.563547611236572,5.784037113189697,17.51399803161621,18.305509567260742,14.342358589172363,5.192470073699951,20.982589721679688,16.86618995666504,17.956941604614258,13.584949493408203,13.46153450012207,24.191049575805664,20.53131103515625,20.496761322021484,12.9700288772583,7.886130332946777,13.169499397277832,5.989128112792969,3.450749635696411,12.971981048583984,13.600793838500977,16.781539916992188,14.139558792114258,4.448576927185059,16.897855758666992,20.5343074798584,5.166542053222656,4.792353630065918,20.733369827270508,19.719053268432617,13.810075759887695,16.500131607055664,6.961677551269531,13.0611572265625,14.28868579864502,16.829872131347656,13.928942680358887,16.707128524780273,5.788832664489746,13.646563529968262,13.58122730255127,13.854501724243164,14.02167797088623,16.6486873626709,17.116317749023438,13.183698654174805,7.243581771850586,16.93889617919922,6.699709415435791,16.463306427001953,13.551201820373535,16.333168029785156,5.027178764343262,23.378604888916016,17.96601104736328,16.895427703857422,4.817735195159912,1.8324806660530157e-05,23.563989639282227,22.656204223632812,12.967355728149414,12.151211738586426,23.58091926574707
/p/project1/hai_1252/toulouse1/flexcraft/data/adapt/adapt_tuning_adapt_config_1/5BS0+MAVMAPRTLV+TLMSAMTNL+CAVNARGSSN+CASSFRAPNR_0_0.pdb,22.898292541503906,17.764678955078125,23.43010711669922,20.792089462280273,19.424243927001953,20.433555603027344,18.42693328857422,22.883209228515625,23.380977630615234,20.445022583007812,17.213459014892578,19.948894500732422,22.406307220458984,14.844717979431152,19.2496395111084,20.193382263183594,21.080944061279297,20.330677032470703,12.091947555541992,18.409025192260742,17.665658950805664,19.97918128967285,23.033554077148438,20.580001831054688,23.338899612426758,22.990558624267578,20.902647018432617,20.843345642089844,19.495824813842773,20.556482315063477,22.562118530273438,18.1038761138916,16.60419273376465,23.414037704467773,22.92934226989746,16.481239318847656,17.05756187438965,20.646089553833008,19.208274841308594,23.040559768676758,20.65003204345703,20.19723129272461,18.404006958007812,20.385793685913086,18.872175216674805,22.280101776123047,20.40744400024414,21.35470962524414,20.863487243652344,21.03086280822754,19.14264488220215,18.949373245239258,20.599733352661133,22.6940860748291,19.102550506591797,24.17060661315918,18.396360397338867,20.98533058166504,18.35042953491211,23.479347229003906,7.46941614151001,21.468650817871094,18.791515350341797,23.560583114624023,23.563989639282227,1.723376954032574e-05,7.938045978546143,20.807825088500977,22.62639617919922,7.859505653381348
/p/project1/hai_1252/toulouse1/flexcraft/data/adapt/adapt_tuning_adapt_config_1/5EU6+MAVMAPRTLV+TLMSAMTNL+CAASIDSSAS+CASSEGRDGT_0_0.pdb,21.94935417175293,16.274700164794922,22.675098419189453,19.69870948791504,18.183494567871094,19.407869338989258,17.13849639892578,21.95763397216797,22.318010330200195,19.911422729492188,16.732328414916992,18.629512786865234,21.35529327392578,15.925869941711426,18.038320541381836,19.40694808959961,20.093015670776367,19.336721420288086,11.5291166305542,18.92148780822754,18.283662796020508,18.574941635131836,21.797019958496094,19.545040130615234,22.347370147705078,22.202749252319336,19.87834930419922,19.848838806152344,18.37505340576172,19.745981216430664,21.637243270874023,16.688817977905273,17.291364669799805,22.3869686126709,21.89759063720703,17.33544158935547,17.079307556152344,19.972942352294922,18.011978149414062,22.180227279663086,19.925140380859375,19.281869888305664,17.190889358520508,19.440292358398438,17.68606185913086,21.230371475219727,19.32037925720215,20.542264938354492,19.866323471069336,20.102359771728516,18.133522033691406,17.705699920654297,19.58371925354004,21.59784698486328,17.842641830444336,23.395170211791992,17.150238037109375,20.208587646484375,17.087451934814453,22.58624839782715,8.181087493896484,20.57046127319336,18.0527286529541,22.603382110595703,22.65619468688965,7.938047885894775,1.2637437066587154e-05,20.05780601501465,22.076276779174805,8.405553817749023
/p/project1/hai_1252/toulouse1/flexcraft/data/adapt/adapt_tuning_adapt_config_1/7N2R+MAVMAPRTLV+TLMSAMTNL+CAAAGMGGYN+CASGSTDTQY_0_1.pdb,12.90100383758545,10.251747131347656,12.752714157104492,3.526578426361084,8.500295639038086,3.871591806411743,10.386897087097168,12.70970630645752,12.827463150024414,10.679354667663574,11.643598556518555,11.198691368103027,13.299362182617188,15.70644474029541,10.236753463745117,10.28045654296875,3.5456597805023193,3.6856768131256104,21.90898323059082,15.260400772094727,15.048975944519043,8.3627290725708,13.816343307495117,2.579263210296631,12.898904800415039,12.664749145507812,2.15364933013916,4.5425567626953125,10.05540943145752,4.626944541931152,13.14822006225586,10.499205589294434,15.233475685119629,12.822518348693848,12.763931274414062,15.504779815673828,14.194757461547852,5.003110408782959,10.73365306854248,12.844694137573242,2.303725242614746,5.121560096740723,10.39788818359375,4.312032699584961,9.982160568237305,13.410714149475098,3.6193907260894775,3.2536041736602783,4.276388645172119,4.50102424621582,10.02111530303955,10.12488079071045,2.7253808975219727,13.240086555480957,10.2212495803833,13.933753967285156,9.504108428955078,2.8600289821624756,9.290162086486816,12.575675964355469,21.80573844909668,11.0769624710083,11.09128189086914,12.76170825958252,12.967352867126465,20.807823181152344,20.057790756225586,7.92652372183511e-06,7.9384589195251465,21.846424102783203
/p/project1/hai_1252/toulouse1/flexcraft/data/adapt/adapt_tuning_adapt_config_1/7RRG+MAVMAPRTLV+TLMSAMTNL+CAVRGNSGYA+CASSAVGNTE_0_0.pdb,12.602365493774414,12.712163925170898,11.596962928771973,9.096874237060547,11.665449142456055,9.418183326721191,12.702922821044922,12.920099258422852,12.608823776245117,12.991560935974121,15.084187507629395,10.762918472290039,13.334915161132812,18.299440383911133,12.120814323425293,12.373066902160645,8.973918914794922,9.292598724365234,21.2640438079834,17.24736785888672,17.180124282836914,11.662376403808594,14.147331237792969,8.962197303771973,12.419992446899414,12.019301414489746,8.533249855041504,9.499835014343262,11.763999938964844,9.778271675109863,12.881790161132812,12.782922744750977,17.59809684753418,12.820206642150879,12.849205017089844,17.76889419555664,15.985289573669434,9.022149085998535,11.764808654785156,12.625893592834473,7.722076892852783,10.311304092407227,12.491066932678223,9.879408836364746,12.167598724365234,13.439214706420898,9.736262321472168,8.763760566711426,9.516057968139648,9.751049995422363,11.694228172302246,12.493325233459473,8.8008451461792,13.630465507507324,12.466888427734375,12.120652198791504,12.1519136428833,8.571518898010254,12.231047630310059,12.303253173828125,21.493350982666016,13.086726188659668,12.001690864562988,11.499672889709473,12.151203155517578,22.62639045715332,22.076271057128906,7.938460826873779,2.165120531572029e-05,21.241092681884766
/p/project1/hai_1252/toulouse1/flexcraft/data/adapt/adapt_tuning_adapt_config_1/7OW6+MAVMAPRTLV+TLMSAMTNL+CALRPNTGFQ+CASSLAETAN_0_5.pdb,23.117212295532227,20.427257537841797,23.25248908996582,22.248720169067383,20.924510955810547,21.977813720703125,20.390888214111328,23.159826278686523,23.409700393676758,20.2334041595459,19.165897369384766,21.157562255859375,22.749177932739258,17.838544845581055,20.69607925415039,19.796220779418945,22.120004653930664,21.81024169921875,9.725858688354492,19.042308807373047,19.489349365234375,21.270633697509766,23.258644104003906,22.119436264038086,23.271228790283203,23.123323440551758,22.170679092407227,22.151090621948242,20.639314651489258,21.864904403686523,22.900562286376953,20.17734146118164,19.242918014526367,23.477846145629883,23.24970817565918,19.151134490966797,19.525819778442383,21.581710815429688,20.548383712768555,22.927276611328125,21.823183059692383,21.789892196655273,20.49988555908203,21.90239143371582,20.654212951660156,22.61455535888672,21.91022300720215,22.02439308166504,22.071712493896484,22.083026885986328,21.199705123901367,20.52645492553711,22.10523796081543,22.90052604675293,20.542190551757812,23.461122512817383,20.90947914123535,21.979827880859375,20.676788330078125,23.514806747436523,2.505436897277832,18.9305362701416,20.790433883666992,23.281469345092773,23.5809268951416,7.859506130218506,8.40555191040039,21.84642219543457,21.241079330444336,1.2591137419804e-05